"cfg","T","placement","size","scheme","cohort","k","n_g","n_c","weight","reason","mde_jump_sig"
2,15,"early","equal","simple",2,0,3,41,0.358974358974359,"no_pre",NA
2,15,"early","equal","simple",3,1,3,41,0.333333333333333,"underpowered",2.36969300063141
2,15,"early","equal","simple",4,2,3,41,0.307692307692308,"underpowered",2.27372668786422
2,15,"early","equal","group",2,0,3,41,0.333333333333333,"no_pre",NA
2,15,"early","equal","group",3,1,3,41,0.333333333333333,"underpowered",2.36969300063141
2,15,"early","equal","group",4,2,3,41,0.333333333333333,"underpowered",2.27372668786422
2,15,"early","equal","dynamic",2,0,3,41,0.392857142857143,"no_pre",NA
2,15,"early","equal","dynamic",3,1,3,41,0.321428571428571,"underpowered",2.36969300063141
2,15,"early","equal","dynamic",4,2,3,41,0.285714285714286,"underpowered",2.27372668786422
2,15,"early","equal","calendar",2,0,3,41,0.392857142857143,"no_pre",NA
2,15,"early","equal","calendar",3,1,3,41,0.321428571428571,"underpowered",2.36969300063141
2,15,"early","equal","calendar",4,2,3,41,0.285714285714286,"underpowered",2.27372668786422
2,15,"early","equal","stacked",2,0,3,47,0.185232415808892,"no_pre",NA
2,15,"early","equal","stacked",3,1,3,44,0.342601506314061,"underpowered",2.36417851687889
2,15,"early","equal","stacked",4,2,3,41,0.472166077877047,"underpowered",2.27372668786422
5,15,"early","skewed","simple",2,0,8,41,0.525821596244131,"no_pre",NA
5,15,"early","skewed","simple",3,1,5,41,0.305164319248826,"underpowered",1.87680991261445
5,15,"early","skewed","simple",4,2,3,41,0.169014084507042,"underpowered",2.27372668786422
5,15,"early","skewed","group",2,0,8,41,0.5,"no_pre",NA
5,15,"early","skewed","group",3,1,5,41,0.3125,"underpowered",1.87680991261445
5,15,"early","skewed","group",4,2,3,41,0.1875,"underpowered",2.27372668786422
5,15,"early","skewed","dynamic",2,0,8,41,0.543956043956044,"no_pre",NA
5,15,"early","skewed","dynamic",3,1,5,41,0.29532967032967,"underpowered",1.87680991261445
5,15,"early","skewed","dynamic",4,2,3,41,0.160714285714286,"underpowered",2.27372668786422
5,15,"early","skewed","calendar",2,0,8,41,0.543956043956044,"no_pre",NA
5,15,"early","skewed","calendar",3,1,5,41,0.29532967032967,"underpowered",1.87680991261445
5,15,"early","skewed","calendar",4,2,3,41,0.160714285714286,"underpowered",2.27372668786422
5,15,"early","skewed","stacked",2,0,8,49,0.306966879379199,"no_pre",NA
5,15,"early","skewed","stacked",3,1,5,44,0.372179305322165,"underpowered",1.86984239724048
5,15,"early","skewed","stacked",4,2,3,41,0.320853815298636,"underpowered",2.27372668786422
8,15,"late","equal","simple",13,11,3,41,0.5,"size",2.56061864615632
8,15,"late","equal","simple",14,12,3,41,0.333333333333333,"size",2.59196150606875
8,15,"late","equal","simple",15,13,3,41,0.166666666666667,"size",2.62210987434795
8,15,"late","equal","group",13,11,3,41,0.333333333333333,"size",2.56061864615632
8,15,"late","equal","group",14,12,3,41,0.333333333333333,"size",2.59196150606875
8,15,"late","equal","group",15,13,3,41,0.333333333333333,"size",2.62210987434795
8,15,"late","equal","dynamic",13,11,3,41,0.611111111111111,"size",2.56061864615632
8,15,"late","equal","dynamic",14,12,3,41,0.277777777777778,"size",2.59196150606875
8,15,"late","equal","dynamic",15,13,3,41,0.111111111111111,"size",2.62210987434795
8,15,"late","equal","calendar",13,11,3,41,0.611111111111111,"size",2.56061864615632
8,15,"late","equal","calendar",14,12,3,41,0.277777777777778,"size",2.59196150606875
8,15,"late","equal","calendar",15,13,3,41,0.111111111111111,"size",2.62210987434795
8,15,"late","equal","stacked",13,11,3,47,0.475108204535222,"size",2.549450399171
8,15,"late","equal","stacked",14,12,3,44,0.341735693619721,"size",2.58592978398131
8,15,"late","equal","stacked",15,13,3,41,0.183156101845058,"size",2.62210987434795
11,15,"late","skewed","simple",13,11,8,41,0.648648648648649,"size",1.65474942667052
11,15,"late","skewed","simple",14,12,5,41,0.27027027027027,"size",2.05284779353643
11,15,"late","skewed","simple",15,13,3,41,0.0810810810810811,"size",2.62210987434795
11,15,"late","skewed","group",13,11,8,41,0.5,"size",1.65474942667052
11,15,"late","skewed","group",14,12,5,41,0.3125,"size",2.05284779353643
11,15,"late","skewed","group",15,13,3,41,0.1875,"size",2.62210987434795
11,15,"late","skewed","dynamic",13,11,8,41,0.705128205128205,"size",1.65474942667052
11,15,"late","skewed","dynamic",14,12,5,41,0.232371794871795,"size",2.05284779353643
11,15,"late","skewed","dynamic",15,13,3,41,0.0625,"size",2.62210987434795
11,15,"late","skewed","calendar",13,11,8,41,0.705128205128205,"size",1.65474942667052
11,15,"late","skewed","calendar",14,12,5,41,0.232371794871795,"size",2.05284779353643
11,15,"late","skewed","calendar",15,13,3,41,0.0625,"size",2.62210987434795
11,15,"late","skewed","stacked",13,11,8,49,0.613654590091345,"size",1.63254633187629
11,15,"late","skewed","stacked",14,12,5,44,0.289341163625952,"size",2.04522675079483
11,15,"late","skewed","stacked",15,13,3,41,0.0970042462827025,"size",2.62210987434795
14,15,"spread","equal","simple",2,0,3,41,0.608695652173913,"no_pre",NA
14,15,"spread","equal","simple",8,6,3,41,0.347826086956522,"size",2.38453694208205
14,15,"spread","equal","simple",15,13,3,41,0.0434782608695652,"size",2.62210987434795
14,15,"spread","equal","group",2,0,3,41,0.333333333333333,"no_pre",NA
14,15,"spread","equal","group",8,6,3,41,0.333333333333333,"size",2.38453694208205
14,15,"spread","equal","group",15,13,3,41,0.333333333333333,"size",2.62210987434795
14,15,"spread","equal","dynamic",2,0,3,41,0.702380952380952,"no_pre",NA
14,15,"spread","equal","dynamic",8,6,3,41,0.273809523809524,"size",2.38453694208205
14,15,"spread","equal","dynamic",15,13,3,41,0.0238095238095238,"size",2.62210987434795
14,15,"spread","equal","calendar",2,0,3,41,0.702380952380952,"no_pre",NA
14,15,"spread","equal","calendar",8,6,3,41,0.273809523809524,"size",2.38453694208205
14,15,"spread","equal","calendar",15,13,3,41,0.0238095238095238,"size",2.62210987434795
14,15,"spread","equal","stacked",2,0,3,47,0.1673640455552,"no_pre",NA
14,15,"spread","equal","stacked",8,6,3,44,0.666728655901203,"size",2.37898791517397
14,15,"spread","equal","stacked",15,13,3,41,0.165907298543597,"size",2.62210987434795
17,15,"spread","skewed","simple",2,0,8,41,0.72258064516129,"no_pre",NA
17,15,"spread","skewed","simple",8,6,5,41,0.258064516129032,"size",1.88856639602787
17,15,"spread","skewed","simple",15,13,3,41,0.0193548387096774,"size",2.62210987434795
17,15,"spread","skewed","group",2,0,8,41,0.5,"no_pre",NA
17,15,"spread","skewed","group",8,6,5,41,0.3125,"size",1.88856639602787
17,15,"spread","skewed","group",15,13,3,41,0.1875,"size",2.62210987434795
17,15,"spread","skewed","dynamic",2,0,8,41,0.771978021978022,"no_pre",NA
17,15,"spread","skewed","dynamic",8,6,5,41,0.214629120879121,"size",1.88856639602787
17,15,"spread","skewed","dynamic",15,13,3,41,0.0133928571428571,"size",2.62210987434795
17,15,"spread","skewed","calendar",2,0,8,41,0.771978021978022,"no_pre",NA
17,15,"spread","skewed","calendar",8,6,5,41,0.214629120879121,"size",1.88856639602787
17,15,"spread","skewed","calendar",15,13,3,41,0.0133928571428571,"size",2.62210987434795
17,15,"spread","skewed","stacked",2,0,8,49,0.248886616754979,"no_pre",NA
17,15,"spread","skewed","stacked",8,6,5,44,0.649945475657524,"size",1.88155523559514
17,15,"spread","skewed","stacked",15,13,3,41,0.101167907587497,"size",2.62210987434795
20,15,"early","equal","simple",2,0,3,41,0.233333333333333,"no_pre",NA
20,15,"early","equal","simple",3,1,3,41,0.216666666666667,"underpowered",2.36969300063141
20,15,"early","equal","simple",4,2,3,41,0.2,"underpowered",2.27372668786422
20,15,"early","equal","simple",5,3,3,41,0.183333333333333,"underpowered",2.28038123747935
20,15,"early","equal","simple",6,4,3,41,0.166666666666667,"size",2.31017671001462
20,15,"early","equal","group",2,0,3,41,0.2,"no_pre",NA
20,15,"early","equal","group",3,1,3,41,0.2,"underpowered",2.36969300063141
20,15,"early","equal","group",4,2,3,41,0.2,"underpowered",2.27372668786422
20,15,"early","equal","group",5,3,3,41,0.2,"underpowered",2.28038123747935
20,15,"early","equal","group",6,4,3,41,0.2,"size",2.31017671001462
20,15,"early","equal","dynamic",2,0,3,41,0.291666666666667,"no_pre",NA
20,15,"early","equal","dynamic",3,1,3,41,0.220238095238095,"underpowered",2.36969300063141
20,15,"early","equal","dynamic",4,2,3,41,0.18452380952381,"underpowered",2.27372668786422
20,15,"early","equal","dynamic",5,3,3,41,0.160714285714286,"underpowered",2.28038123747935
20,15,"early","equal","dynamic",6,4,3,41,0.142857142857143,"size",2.31017671001462
20,15,"early","equal","calendar",2,0,3,41,0.291666666666667,"no_pre",NA
20,15,"early","equal","calendar",3,1,3,41,0.220238095238095,"underpowered",2.36969300063141
20,15,"early","equal","calendar",4,2,3,41,0.18452380952381,"underpowered",2.27372668786422
20,15,"early","equal","calendar",5,3,3,41,0.160714285714286,"underpowered",2.28038123747935
20,15,"early","equal","calendar",6,4,3,41,0.142857142857143,"size",2.31017671001462
20,15,"early","equal","stacked",2,0,3,53,0.0831238505965624,"no_pre",NA
20,15,"early","equal","stacked",3,1,3,50,0.153878256711329,"underpowered",2.3551068114328
20,15,"early","equal","stacked",4,2,3,47,0.212295177674541,"underpowered",2.26380973234048
20,15,"early","equal","stacked",5,3,3,44,0.258414732645435,"underpowered",2.27507459004431
20,15,"early","equal","stacked",6,4,3,41,0.292287982372132,"size",2.31017671001462
23,15,"early","skewed","simple",2,0,8,41,0.478632478632479,"no_pre",NA
23,15,"early","skewed","simple",3,1,5,41,0.277777777777778,"underpowered",1.87680991261445
23,15,"early","skewed","simple",4,2,3,41,0.153846153846154,"underpowered",2.27372668786422
23,15,"early","skewed","simple",5,3,1,41,0.047008547008547,"size",3.8589254925763
23,15,"early","skewed","simple",6,4,1,41,0.0427350427350427,"size",3.9093462321614
23,15,"early","skewed","group",2,0,8,41,0.444444444444444,"no_pre",NA
23,15,"early","skewed","group",3,1,5,41,0.277777777777778,"underpowered",1.87680991261445
23,15,"early","skewed","group",4,2,3,41,0.166666666666667,"underpowered",2.27372668786422
23,15,"early","skewed","group",5,3,1,41,0.0555555555555556,"size",3.8589254925763
23,15,"early","skewed","group",6,4,1,41,0.0555555555555556,"size",3.9093462321614
23,15,"early","skewed","dynamic",2,0,8,41,0.50217266393737,"no_pre",NA
23,15,"early","skewed","dynamic",3,1,5,41,0.269215057817999,"underpowered",1.87680991261445
23,15,"early","skewed","dynamic",4,2,3,41,0.145045518207283,"underpowered",2.27372668786422
23,15,"early","skewed","dynamic",5,3,1,41,0.0438842203548086,"size",3.8589254925763
23,15,"early","skewed","dynamic",6,4,1,41,0.0396825396825397,"size",3.9093462321614
23,15,"early","skewed","calendar",2,0,8,41,0.50217266393737,"no_pre",NA
23,15,"early","skewed","calendar",3,1,5,41,0.269215057817999,"underpowered",1.87680991261445
23,15,"early","skewed","calendar",4,2,3,41,0.145045518207283,"underpowered",2.27372668786422
23,15,"early","skewed","calendar",5,3,1,41,0.0438842203548086,"size",3.8589254925763
23,15,"early","skewed","calendar",6,4,1,41,0.0396825396825397,"size",3.9093462321614
23,15,"early","skewed","stacked",2,0,8,51,0.237981518652405,"no_pre",NA
23,15,"early","skewed","stacked",3,1,5,46,0.28822925046322,"underpowered",1.8656899550793
23,15,"early","skewed","stacked",4,2,3,43,0.248165510385018,"underpowered",2.27011855014336
23,15,"early","skewed","stacked",5,3,1,42,0.105642958690432,"size",3.85783153777258
23,15,"early","skewed","stacked",6,4,1,41,0.119980761808925,"size",3.9093462321614
26,15,"late","equal","simple",11,9,3,41,0.333333333333333,"size",2.49405998459531
26,15,"late","equal","simple",12,10,3,41,0.266666666666667,"size",2.52800531572859
26,15,"late","equal","simple",13,11,3,41,0.2,"size",2.56061864615632
26,15,"late","equal","simple",14,12,3,41,0.133333333333333,"size",2.59196150606875
26,15,"late","equal","simple",15,13,3,41,0.0666666666666667,"size",2.62210987434795
26,15,"late","equal","group",11,9,3,41,0.2,"size",2.49405998459531
26,15,"late","equal","group",12,10,3,41,0.2,"size",2.52800531572859
26,15,"late","equal","group",13,11,3,41,0.2,"size",2.56061864615632
26,15,"late","equal","group",14,12,3,41,0.2,"size",2.59196150606875
26,15,"late","equal","group",15,13,3,41,0.2,"size",2.62210987434795
26,15,"late","equal","dynamic",11,9,3,41,0.456666666666667,"size",2.49405998459531
26,15,"late","equal","dynamic",12,10,3,41,0.256666666666667,"size",2.52800531572859
26,15,"late","equal","dynamic",13,11,3,41,0.156666666666667,"size",2.56061864615632
26,15,"late","equal","dynamic",14,12,3,41,0.09,"size",2.59196150606875
26,15,"late","equal","dynamic",15,13,3,41,0.04,"size",2.62210987434795
26,15,"late","equal","calendar",11,9,3,41,0.456666666666667,"size",2.49405998459531
26,15,"late","equal","calendar",12,10,3,41,0.256666666666667,"size",2.52800531572859
26,15,"late","equal","calendar",13,11,3,41,0.156666666666667,"size",2.56061864615632
26,15,"late","equal","calendar",14,12,3,41,0.09,"size",2.59196150606875
26,15,"late","equal","calendar",15,13,3,41,0.04,"size",2.62210987434795
26,15,"late","equal","stacked",11,9,3,53,0.295654077419404,"size",2.47473421782032
26,15,"late","equal","stacked",12,10,3,50,0.259341988879107,"size",2.5124446655429
26,15,"late","equal","stacked",13,11,3,47,0.211425019952025,"size",2.549450399171
26,15,"late","equal","stacked",14,12,3,44,0.152073727946983,"size",2.58592978398131
26,15,"late","equal","stacked",15,13,3,41,0.0815051858024813,"size",2.62210987434795
29,15,"late","skewed","simple",11,9,8,41,0.555555555555556,"size",1.61173720100257
29,15,"late","skewed","simple",12,10,5,41,0.277777777777778,"size",2.00219413841254
29,15,"late","skewed","simple",13,11,3,41,0.125,"size",2.56061864615632
29,15,"late","skewed","simple",14,12,1,41,0.0277777777777778,"size",4.38619041726602
29,15,"late","skewed","simple",15,13,1,41,0.0138888888888889,"size",4.4372083369893
29,15,"late","skewed","group",11,9,8,41,0.444444444444444,"size",1.61173720100257
29,15,"late","skewed","group",12,10,5,41,0.277777777777778,"size",2.00219413841254
29,15,"late","skewed","group",13,11,3,41,0.166666666666667,"size",2.56061864615632
29,15,"late","skewed","group",14,12,1,41,0.0555555555555556,"size",4.38619041726602
29,15,"late","skewed","group",15,13,1,41,0.0555555555555556,"size",4.4372083369893
29,15,"late","skewed","dynamic",11,9,8,41,0.606083459024636,"size",1.61173720100257
29,15,"late","skewed","dynamic",12,10,5,41,0.253802161890397,"size",2.00219413841254
29,15,"late","skewed","dynamic",13,11,3,41,0.106127450980392,"size",2.56061864615632
29,15,"late","skewed","dynamic",14,12,1,41,0.0228758169934641,"size",4.38619041726602
29,15,"late","skewed","dynamic",15,13,1,41,0.0111111111111111,"size",4.4372083369893
29,15,"late","skewed","calendar",11,9,8,41,0.606083459024635,"size",1.61173720100257
29,15,"late","skewed","calendar",12,10,5,41,0.253802161890397,"size",2.00219413841254
29,15,"late","skewed","calendar",13,11,3,41,0.106127450980392,"size",2.56061864615632
29,15,"late","skewed","calendar",14,12,1,41,0.0228758169934641,"size",4.38619041726602
29,15,"late","skewed","calendar",15,13,1,41,0.0111111111111111,"size",4.4372083369893
29,15,"late","skewed","stacked",11,9,8,51,0.505343954379764,"size",1.58572924659537
29,15,"late","skewed","stacked",12,10,5,46,0.290014194810716,"size",1.99033128877251
29,15,"late","skewed","stacked",13,11,3,43,0.147551387600424,"size",2.55655524452796
29,15,"late","skewed","stacked",14,12,1,42,0.0371161654044453,"size",4.38494698976626
29,15,"late","skewed","stacked",15,13,1,41,0.0199742978046511,"size",4.4372083369893
32,15,"spread","equal","simple",2,0,3,41,0.368421052631579,"no_pre",NA
32,15,"spread","equal","simple",5,3,3,41,0.289473684210526,"underpowered",2.28038123747935
32,15,"spread","equal","simple",8,6,3,41,0.210526315789474,"size",2.38453694208205
32,15,"spread","equal","simple",12,10,3,41,0.105263157894737,"size",2.52800531572859
32,15,"spread","equal","simple",15,13,3,41,0.0263157894736842,"size",2.62210987434795
32,15,"spread","equal","group",2,0,3,41,0.2,"no_pre",NA
32,15,"spread","equal","group",5,3,3,41,0.2,"underpowered",2.28038123747935
32,15,"spread","equal","group",8,6,3,41,0.2,"size",2.38453694208205
32,15,"spread","equal","group",12,10,3,41,0.2,"size",2.52800531572859
32,15,"spread","equal","group",15,13,3,41,0.2,"size",2.62210987434795
32,15,"spread","equal","dynamic",2,0,3,41,0.48452380952381,"no_pre",NA
32,15,"spread","equal","dynamic",5,3,3,41,0.270238095238095,"underpowered",2.28038123747935
32,15,"spread","equal","dynamic",8,6,3,41,0.163095238095238,"size",2.38453694208205
32,15,"spread","equal","dynamic",12,10,3,41,0.0678571428571429,"size",2.52800531572859
32,15,"spread","equal","dynamic",15,13,3,41,0.0142857142857143,"size",2.62210987434795
32,15,"spread","equal","calendar",2,0,3,41,0.484523809523809,"no_pre",NA
32,15,"spread","equal","calendar",5,3,3,41,0.270238095238095,"underpowered",2.28038123747935
32,15,"spread","equal","calendar",8,6,3,41,0.163095238095238,"size",2.38453694208205
32,15,"spread","equal","calendar",12,10,3,41,0.0678571428571429,"size",2.52800531572859
32,15,"spread","equal","calendar",15,13,3,41,0.0142857142857143,"size",2.62210987434795
32,15,"spread","equal","stacked",2,0,3,53,0.0819741210156547,"no_pre",NA
32,15,"spread","equal","stacked",5,3,3,50,0.256807499087847,"underpowered",2.26634478965004
32,15,"spread","equal","stacked",8,6,3,47,0.325669262661439,"size",2.37413668292797
32,15,"spread","equal","stacked",12,10,3,44,0.254840462924621,"size",2.52212242531361
32,15,"spread","equal","stacked",15,13,3,41,0.0807086543104388,"size",2.62210987434795
35,15,"spread","skewed","simple",2,0,8,41,0.571428571428571,"no_pre",NA
35,15,"spread","skewed","simple",5,3,5,41,0.280612244897959,"underpowered",1.8060745041239
35,15,"spread","skewed","simple",8,6,3,41,0.122448979591837,"size",2.38453694208205
35,15,"spread","skewed","simple",12,10,1,41,0.0204081632653061,"size",4.2779619468439
35,15,"spread","skewed","simple",15,13,1,41,0.00510204081632653,"size",4.4372083369893
35,15,"spread","skewed","group",2,0,8,41,0.444444444444444,"no_pre",NA
35,15,"spread","skewed","group",5,3,5,41,0.277777777777778,"underpowered",1.8060745041239
35,15,"spread","skewed","group",8,6,3,41,0.166666666666667,"size",2.38453694208205
35,15,"spread","skewed","group",12,10,1,41,0.0555555555555556,"size",4.2779619468439
35,15,"spread","skewed","group",15,13,1,41,0.0555555555555556,"size",4.4372083369893
35,15,"spread","skewed","dynamic",2,0,8,41,0.621597356891474,"no_pre",NA
35,15,"spread","skewed","dynamic",5,3,5,41,0.2545697766286,"underpowered",1.8060745041239
35,15,"spread","skewed","dynamic",8,6,3,41,0.103291316526611,"size",2.38453694208205
35,15,"spread","skewed","dynamic",12,10,1,41,0.0165732959850607,"size",4.2779619468439
35,15,"spread","skewed","dynamic",15,13,1,41,0.00396825396825397,"size",4.4372083369893
35,15,"spread","skewed","calendar",2,0,8,41,0.621597356891475,"no_pre",NA
35,15,"spread","skewed","calendar",5,3,5,41,0.2545697766286,"underpowered",1.8060745041239
35,15,"spread","skewed","calendar",8,6,3,41,0.103291316526611,"size",2.38453694208205
35,15,"spread","skewed","calendar",12,10,1,41,0.0165732959850607,"size",4.2779619468439
35,15,"spread","skewed","calendar",15,13,1,41,0.00396825396825397,"size",4.4372083369893
35,15,"spread","skewed","stacked",2,0,8,51,0.190228937020931,"no_pre",NA
35,15,"spread","skewed","stacked",5,3,5,46,0.38989775126482,"underpowered",1.79537364856245
35,15,"spread","skewed","stacked",8,6,3,43,0.308574688760934,"size",2.38075296147725
35,15,"spread","skewed","stacked",12,10,1,42,0.0844449932466375,"size",4.27674920069711
35,15,"spread","skewed","stacked",15,13,1,41,0.0268536297066778,"size",4.4372083369893
38,15,"early","equal","simple",2,0,3,41,0.166666666666667,"no_pre",NA
38,15,"early","equal","simple",3,1,3,41,0.154761904761905,"underpowered",2.36969300063141
38,15,"early","equal","simple",4,2,3,41,0.142857142857143,"underpowered",2.27372668786422
38,15,"early","equal","simple",5,3,3,41,0.130952380952381,"underpowered",2.28038123747935
38,15,"early","equal","simple",6,4,3,41,0.119047619047619,"size",2.31017671001462
38,15,"early","equal","simple",7,5,3,41,0.107142857142857,"size",2.34659003076844
38,15,"early","equal","simple",8,6,3,41,0.0952380952380952,"size",2.38453694208205
38,15,"early","equal","simple",9,7,3,41,0.0833333333333333,"size",2.42216472544088
38,15,"early","equal","group",2,0,3,41,0.125,"no_pre",NA
38,15,"early","equal","group",3,1,3,41,0.125,"underpowered",2.36969300063141
38,15,"early","equal","group",4,2,3,41,0.125,"underpowered",2.27372668786422
38,15,"early","equal","group",5,3,3,41,0.125,"underpowered",2.28038123747935
38,15,"early","equal","group",6,4,3,41,0.125,"size",2.31017671001462
38,15,"early","equal","group",7,5,3,41,0.125,"size",2.34659003076844
38,15,"early","equal","group",8,6,3,41,0.125,"size",2.38453694208205
38,15,"early","equal","group",9,7,3,41,0.125,"size",2.42216472544088
38,15,"early","equal","dynamic",2,0,3,41,0.247704081632653,"no_pre",NA
38,15,"early","equal","dynamic",3,1,3,41,0.176275510204082,"underpowered",2.36969300063141
38,15,"early","equal","dynamic",4,2,3,41,0.140561224489796,"underpowered",2.27372668786422
38,15,"early","equal","dynamic",5,3,3,41,0.116751700680272,"underpowered",2.28038123747935
38,15,"early","equal","dynamic",6,4,3,41,0.0988945578231293,"size",2.31017671001462
38,15,"early","equal","dynamic",7,5,3,41,0.084608843537415,"size",2.34659003076844
38,15,"early","equal","dynamic",8,6,3,41,0.0727040816326531,"size",2.38453694208205
38,15,"early","equal","dynamic",9,7,3,41,0.0625,"size",2.42216472544088
38,15,"early","equal","calendar",2,0,3,41,0.247704081632653,"no_pre",NA
38,15,"early","equal","calendar",3,1,3,41,0.176275510204082,"underpowered",2.36969300063141
38,15,"early","equal","calendar",4,2,3,41,0.140561224489796,"underpowered",2.27372668786422
38,15,"early","equal","calendar",5,3,3,41,0.116751700680272,"underpowered",2.28038123747935
38,15,"early","equal","calendar",6,4,3,41,0.0988945578231293,"size",2.31017671001462
38,15,"early","equal","calendar",7,5,3,41,0.084608843537415,"size",2.34659003076844
38,15,"early","equal","calendar",8,6,3,41,0.0727040816326531,"size",2.38453694208205
38,15,"early","equal","calendar",9,7,3,41,0.0625,"size",2.42216472544088
38,15,"early","equal","stacked",2,0,3,62,0.0421995412891648,"no_pre",NA
38,15,"early","equal","stacked",3,1,3,59,0.0781870867761005,"underpowered",2.34491721410307
38,15,"early","equal","stacked",4,2,3,56,0.107979143375228,"underpowered",2.25286849532642
38,15,"early","equal","stacked",5,3,3,53,0.131595755196914,"underpowered",2.26271120699661
38,15,"early","equal","stacked",6,4,3,50,0.149061504640668,"size",2.2959568618885
38,15,"early","equal","stacked",7,5,3,47,0.160406873881878,"size",2.33635527867982
38,15,"early","equal","stacked",8,6,3,44,0.165670127779014,"size",2.37898791517397
38,15,"early","equal","stacked",9,7,3,41,0.164899967061033,"size",2.42216472544088
41,15,"early","skewed","simple",2,0,8,41,0.434108527131783,"no_pre",NA
41,15,"early","skewed","simple",3,1,5,41,0.251937984496124,"underpowered",1.87680991261445
41,15,"early","skewed","simple",4,2,3,41,0.13953488372093,"underpowered",2.27372668786422
41,15,"early","skewed","simple",5,3,1,41,0.0426356589147287,"size",3.8589254925763
41,15,"early","skewed","simple",6,4,1,41,0.0387596899224806,"size",3.9093462321614
41,15,"early","skewed","simple",7,5,1,41,0.0348837209302326,"size",3.97096588128709
41,15,"early","skewed","simple",8,6,1,41,0.0310077519379845,"size",4.03518071564281
41,15,"early","skewed","simple",9,7,1,41,0.0271317829457364,"size",4.09885551266624
41,15,"early","skewed","group",2,0,8,41,0.380952380952381,"no_pre",NA
41,15,"early","skewed","group",3,1,5,41,0.238095238095238,"underpowered",1.87680991261445
41,15,"early","skewed","group",4,2,3,41,0.142857142857143,"underpowered",2.27372668786422
41,15,"early","skewed","group",5,3,1,41,0.0476190476190476,"size",3.8589254925763
41,15,"early","skewed","group",6,4,1,41,0.0476190476190476,"size",3.9093462321614
41,15,"early","skewed","group",7,5,1,41,0.0476190476190476,"size",3.97096588128709
41,15,"early","skewed","group",8,6,1,41,0.0476190476190476,"size",4.03518071564281
41,15,"early","skewed","group",9,7,1,41,0.0476190476190476,"size",4.09885551266624
41,15,"early","skewed","dynamic",2,0,8,41,0.465581185240628,"no_pre",NA
41,15,"early","skewed","dynamic",3,1,5,41,0.246345383632535,"underpowered",1.87680991261445
41,15,"early","skewed","dynamic",4,2,3,41,0.131323713696005,"underpowered",2.27372668786422
41,15,"early","skewed","dynamic",5,3,1,41,0.0393102855177159,"size",3.8589254925763
41,15,"early","skewed","dynamic",6,4,1,41,0.035108604845447,"size",3.9093462321614
41,15,"early","skewed","dynamic",7,5,1,41,0.031140350877193,"size",3.97096588128709
41,15,"early","skewed","dynamic",8,6,1,41,0.0273809523809524,"size",4.03518071564281
41,15,"early","skewed","dynamic",9,7,1,41,0.0238095238095238,"size",4.09885551266624
41,15,"early","skewed","calendar",2,0,8,41,0.465581185240628,"no_pre",NA
41,15,"early","skewed","calendar",3,1,5,41,0.246345383632535,"underpowered",1.87680991261445
41,15,"early","skewed","calendar",4,2,3,41,0.131323713696005,"underpowered",2.27372668786422
41,15,"early","skewed","calendar",5,3,1,41,0.0393102855177158,"size",3.8589254925763
41,15,"early","skewed","calendar",6,4,1,41,0.0351086048454469,"size",3.9093462321614
41,15,"early","skewed","calendar",7,5,1,41,0.031140350877193,"size",3.97096588128709
41,15,"early","skewed","calendar",8,6,1,41,0.0273809523809524,"size",4.03518071564281
41,15,"early","skewed","calendar",9,7,1,41,0.0238095238095238,"size",4.09885551266624
41,15,"early","skewed","stacked",2,0,8,54,0.170847218626767,"no_pre",NA
41,15,"early","skewed","stacked",3,1,5,49,0.206601510522166,"underpowered",1.86008221785285
41,15,"early","skewed","stacked",4,2,3,46,0.17757152606543,"underpowered",2.26528564887171
41,15,"early","skewed","stacked",5,3,1,45,0.0753867773702479,"size",3.85483981065508
41,15,"early","skewed","stacked",6,4,1,44,0.0856244878773186,"size",3.90617177265929
41,15,"early","skewed","stacked",7,5,1,43,0.0924266811807956,"size",3.96876650926499
41,15,"early","skewed","stacked",8,6,1,42,0.0957980528217273,"size",4.03403679479328
41,15,"early","skewed","stacked",9,7,1,41,0.0957437455355471,"size",4.09885551266624
44,15,"late","equal","simple",8,6,3,41,0.222222222222222,"size",2.38453694208205
44,15,"late","equal","simple",9,7,3,41,0.194444444444444,"size",2.42216472544088
44,15,"late","equal","simple",10,8,3,41,0.166666666666667,"size",2.45875877832958
44,15,"late","equal","simple",11,9,3,41,0.138888888888889,"size",2.49405998459531
44,15,"late","equal","simple",12,10,3,41,0.111111111111111,"size",2.52800531572859
44,15,"late","equal","simple",13,11,3,41,0.0833333333333333,"size",2.56061864615632
44,15,"late","equal","simple",14,12,3,41,0.0555555555555556,"size",2.59196150606875
44,15,"late","equal","simple",15,13,3,41,0.0277777777777778,"size",2.62210987434795
44,15,"late","equal","group",8,6,3,41,0.125,"size",2.38453694208205
44,15,"late","equal","group",9,7,3,41,0.125,"size",2.42216472544088
44,15,"late","equal","group",10,8,3,41,0.125,"size",2.45875877832958
44,15,"late","equal","group",11,9,3,41,0.125,"size",2.49405998459531
44,15,"late","equal","group",12,10,3,41,0.125,"size",2.52800531572859
44,15,"late","equal","group",13,11,3,41,0.125,"size",2.56061864615632
44,15,"late","equal","group",14,12,3,41,0.125,"size",2.59196150606875
44,15,"late","equal","group",15,13,3,41,0.125,"size",2.62210987434795
44,15,"late","equal","dynamic",8,6,3,41,0.339732142857143,"size",2.38453694208205
44,15,"late","equal","dynamic",9,7,3,41,0.214732142857143,"size",2.42216472544088
44,15,"late","equal","dynamic",10,8,3,41,0.152232142857143,"size",2.45875877832958
44,15,"late","equal","dynamic",11,9,3,41,0.110565476190476,"size",2.49405998459531
44,15,"late","equal","dynamic",12,10,3,41,0.0793154761904762,"size",2.52800531572859
44,15,"late","equal","dynamic",13,11,3,41,0.0543154761904762,"size",2.56061864615632
44,15,"late","equal","dynamic",14,12,3,41,0.0334821428571429,"size",2.59196150606875
44,15,"late","equal","dynamic",15,13,3,41,0.015625,"size",2.62210987434795
44,15,"late","equal","calendar",8,6,3,41,0.339732142857143,"size",2.38453694208205
44,15,"late","equal","calendar",9,7,3,41,0.214732142857143,"size",2.42216472544088
44,15,"late","equal","calendar",10,8,3,41,0.152232142857143,"size",2.45875877832958
44,15,"late","equal","calendar",11,9,3,41,0.110565476190476,"size",2.49405998459531
44,15,"late","equal","calendar",12,10,3,41,0.0793154761904762,"size",2.52800531572859
44,15,"late","equal","calendar",13,11,3,41,0.0543154761904762,"size",2.56061864615632
44,15,"late","equal","calendar",14,12,3,41,0.0334821428571429,"size",2.59196150606875
44,15,"late","equal","calendar",15,13,3,41,0.015625,"size",2.62210987434795
44,15,"late","equal","stacked",8,6,3,62,0.167964093655846,"size",2.3568420535087
44,15,"late","equal","stacked",9,7,3,59,0.167570837453218,"size",2.3968403327208
44,15,"late","equal","stacked",10,8,3,56,0.161168389483876,"size",2.43620318082697
44,15,"late","equal","stacked",11,9,3,53,0.148801715418344,"size",2.47473421782032
44,15,"late","equal","stacked",12,10,3,50,0.130525961833677,"size",2.5124446655429
44,15,"late","equal","stacked",13,11,3,47,0.106409510485426,"size",2.549450399171
44,15,"late","equal","stacked",14,12,3,44,0.0765382023007691,"size",2.58592978398131
44,15,"late","equal","stacked",15,13,3,41,0.0410212893688443,"size",2.62210987434795
47,15,"late","skewed","simple",8,6,8,41,0.484848484848485,"underpowered",1.54096008935494
47,15,"late","skewed","simple",9,7,5,41,0.265151515151515,"size",1.91836780776296
47,15,"late","skewed","simple",10,8,3,41,0.136363636363636,"size",2.45875877832958
47,15,"late","skewed","simple",11,9,1,41,0.0378787878787879,"size",4.22051869941174
47,15,"late","skewed","simple",12,10,1,41,0.0303030303030303,"size",4.2779619468439
47,15,"late","skewed","simple",13,11,1,41,0.0227272727272727,"size",4.33315114508712
47,15,"late","skewed","simple",14,12,1,41,0.0151515151515152,"size",4.38619041726602
47,15,"late","skewed","simple",15,13,1,41,0.00757575757575758,"size",4.4372083369893
47,15,"late","skewed","group",8,6,8,41,0.380952380952381,"underpowered",1.54096008935494
47,15,"late","skewed","group",9,7,5,41,0.238095238095238,"size",1.91836780776296
47,15,"late","skewed","group",10,8,3,41,0.142857142857143,"size",2.45875877832958
47,15,"late","skewed","group",11,9,1,41,0.0476190476190476,"size",4.22051869941174
47,15,"late","skewed","group",12,10,1,41,0.0476190476190476,"size",4.2779619468439
47,15,"late","skewed","group",13,11,1,41,0.0476190476190476,"size",4.33315114508712
47,15,"late","skewed","group",14,12,1,41,0.0476190476190476,"size",4.38619041726602
47,15,"late","skewed","group",15,13,1,41,0.0476190476190476,"size",4.4372083369893
47,15,"late","skewed","dynamic",8,6,8,41,0.529052788456813,"underpowered",1.54096008935494
47,15,"late","skewed","dynamic",9,7,5,41,0.252532992785508,"size",1.91836780776296
47,15,"late","skewed","dynamic",10,8,3,41,0.122673641825151,"size",2.45875877832958
47,15,"late","skewed","dynamic",11,9,1,41,0.033078713941717,"size",4.22051869941174
47,15,"late","skewed","dynamic",12,10,1,41,0.0257257727652464,"size",4.2779619468439
47,15,"late","skewed","dynamic",13,11,1,41,0.018781328320802,"size",4.33315114508712
47,15,"late","skewed","dynamic",14,12,1,41,0.012202380952381,"size",4.38619041726602
47,15,"late","skewed","dynamic",15,13,1,41,0.00595238095238095,"size",4.4372083369893
47,15,"late","skewed","calendar",8,6,8,41,0.529052788456813,"underpowered",1.54096008935494
47,15,"late","skewed","calendar",9,7,5,41,0.252532992785508,"size",1.91836780776296
47,15,"late","skewed","calendar",10,8,3,41,0.122673641825151,"size",2.45875877832958
47,15,"late","skewed","calendar",11,9,1,41,0.033078713941717,"size",4.22051869941174
47,15,"late","skewed","calendar",12,10,1,41,0.0257257727652465,"size",4.2779619468439
47,15,"late","skewed","calendar",13,11,1,41,0.018781328320802,"size",4.33315114508712
47,15,"late","skewed","calendar",14,12,1,41,0.012202380952381,"size",4.38619041726602
47,15,"late","skewed","calendar",15,13,1,41,0.00595238095238095,"size",4.4372083369893
47,15,"late","skewed","stacked",8,6,8,54,0.405383952132634,"underpowered",1.51037310597412
47,15,"late","skewed","stacked",9,7,5,49,0.263965287761261,"size",1.90126971439023
47,15,"late","skewed","stacked",10,8,3,46,0.158002236445281,"size",2.44963082164428
47,15,"late","skewed","stacked",11,9,1,45,0.0508172494343283,"size",4.21605017650775
47,15,"late","skewed","stacked",12,10,1,44,0.0446970959567757,"size",4.274488164747
47,15,"late","skewed","stacked",13,11,1,43,0.0365514615931278,"size",4.33075117196195
47,15,"late","skewed","stacked",14,12,1,42,0.0263840007605703,"size",4.38494698976626
47,15,"late","skewed","stacked",15,13,1,41,0.0141987159160212,"size",4.4372083369893
50,15,"spread","equal","simple",2,0,3,41,0.233333333333333,"no_pre",NA
50,15,"spread","equal","simple",4,2,3,41,0.2,"underpowered",2.27372668786422
50,15,"spread","equal","simple",6,4,3,41,0.166666666666667,"size",2.31017671001462
50,15,"spread","equal","simple",8,6,3,41,0.133333333333333,"size",2.38453694208205
50,15,"spread","equal","simple",9,7,3,41,0.116666666666667,"size",2.42216472544088
50,15,"spread","equal","simple",11,9,3,41,0.0833333333333333,"size",2.49405998459531
50,15,"spread","equal","simple",13,11,3,41,0.05,"size",2.56061864615632
50,15,"spread","equal","simple",15,13,3,41,0.0166666666666667,"size",2.62210987434795
50,15,"spread","equal","group",2,0,3,41,0.125,"no_pre",NA
50,15,"spread","equal","group",4,2,3,41,0.125,"underpowered",2.27372668786422
50,15,"spread","equal","group",6,4,3,41,0.125,"size",2.31017671001462
50,15,"spread","equal","group",8,6,3,41,0.125,"size",2.38453694208205
50,15,"spread","equal","group",9,7,3,41,0.125,"size",2.42216472544088
50,15,"spread","equal","group",11,9,3,41,0.125,"size",2.49405998459531
50,15,"spread","equal","group",13,11,3,41,0.125,"size",2.56061864615632
50,15,"spread","equal","group",15,13,3,41,0.125,"size",2.62210987434795
50,15,"spread","equal","dynamic",2,0,3,41,0.361479591836735,"no_pre",NA
50,15,"spread","equal","dynamic",4,2,3,41,0.218622448979592,"underpowered",2.27372668786422
50,15,"spread","equal","dynamic",6,4,3,41,0.14719387755102,"size",2.31017671001462
50,15,"spread","equal","dynamic",8,6,3,41,0.0995748299319728,"size",2.38453694208205
50,15,"spread","equal","dynamic",9,7,3,41,0.0817176870748299,"size",2.42216472544088
50,15,"spread","equal","dynamic",11,9,3,41,0.0531462585034014,"size",2.49405998459531
50,15,"spread","equal","dynamic",13,11,3,41,0.0293367346938776,"size",2.56061864615632
50,15,"spread","equal","dynamic",15,13,3,41,0.00892857142857143,"size",2.62210987434795
50,15,"spread","equal","calendar",2,0,3,41,0.361479591836735,"no_pre",NA
50,15,"spread","equal","calendar",4,2,3,41,0.218622448979592,"underpowered",2.27372668786422
50,15,"spread","equal","calendar",6,4,3,41,0.14719387755102,"size",2.31017671001462
50,15,"spread","equal","calendar",8,6,3,41,0.0995748299319728,"size",2.38453694208205
50,15,"spread","equal","calendar",9,7,3,41,0.0817176870748299,"size",2.42216472544088
50,15,"spread","equal","calendar",11,9,3,41,0.0531462585034014,"size",2.49405998459531
50,15,"spread","equal","calendar",13,11,3,41,0.0293367346938775,"size",2.56061864615632
50,15,"spread","equal","calendar",15,13,3,41,0.00892857142857143,"size",2.62210987434795
50,15,"spread","equal","stacked",2,0,3,62,0.0453214597954163,"no_pre",NA
50,15,"spread","equal","stacked",4,2,3,59,0.116268038117942,"underpowered",2.24995425530552
50,15,"spread","equal","stacked",6,4,3,56,0.161065876801643,"size",2.28898414062138
50,15,"spread","equal","stacked",8,6,3,53,0.179876070270978,"size",2.36605983844635
50,15,"spread","equal","stacked",9,7,3,50,0.179299749647112,"size",2.40725555663882
50,15,"spread","equal","stacked",11,9,3,47,0.159512741561056,"size",2.48318203603941
50,15,"spread","equal","stacked",13,11,3,44,0.114381250625945,"size",2.55465986165687
50,15,"spread","equal","stacked",15,13,3,41,0.0442748131799063,"size",2.62210987434795
53,15,"spread","skewed","simple",2,0,8,41,0.495575221238938,"no_pre",NA
53,15,"spread","skewed","simple",4,2,5,41,0.265486725663717,"underpowered",1.80080406416465
53,15,"spread","skewed","simple",6,4,3,41,0.132743362831858,"size",2.31017671001462
53,15,"spread","skewed","simple",8,6,1,41,0.0353982300884956,"size",4.03518071564281
53,15,"spread","skewed","simple",9,7,1,41,0.0309734513274336,"size",4.09885551266624
53,15,"spread","skewed","simple",11,9,1,41,0.0221238938053097,"size",4.22051869941174
53,15,"spread","skewed","simple",13,11,1,41,0.0132743362831858,"size",4.33315114508712
53,15,"spread","skewed","simple",15,13,1,41,0.00442477876106195,"size",4.4372083369893
53,15,"spread","skewed","group",2,0,8,41,0.380952380952381,"no_pre",NA
53,15,"spread","skewed","group",4,2,5,41,0.238095238095238,"underpowered",1.80080406416465
53,15,"spread","skewed","group",6,4,3,41,0.142857142857143,"size",2.31017671001462
53,15,"spread","skewed","group",8,6,1,41,0.0476190476190476,"size",4.03518071564281
53,15,"spread","skewed","group",9,7,1,41,0.0476190476190476,"size",4.09885551266624
53,15,"spread","skewed","group",11,9,1,41,0.0476190476190476,"size",4.22051869941174
53,15,"spread","skewed","group",13,11,1,41,0.0476190476190476,"size",4.33315114508712
53,15,"spread","skewed","group",15,13,1,41,0.0476190476190476,"size",4.4372083369893
53,15,"spread","skewed","dynamic",2,0,8,41,0.543807428504465,"no_pre",NA
53,15,"spread","skewed","dynamic",4,2,5,41,0.250593928529576,"underpowered",1.80080406416465
53,15,"spread","skewed","dynamic",6,4,3,41,0.117389324150713,"size",2.31017671001462
53,15,"spread","skewed","dynamic",8,6,1,41,0.0302012032883329,"size",4.03518071564281
53,15,"spread","skewed","dynamic",9,7,1,41,0.025999522616064,"size",4.09885551266624
53,15,"spread","skewed","dynamic",11,9,1,41,0.018063014679556,"size",4.22051869941174
53,15,"spread","skewed","dynamic",13,11,1,41,0.0105442176870748,"size",4.33315114508712
53,15,"spread","skewed","dynamic",15,13,1,41,0.00340136054421769,"size",4.4372083369893
53,15,"spread","skewed","calendar",2,0,8,41,0.543807428504465,"no_pre",NA
53,15,"spread","skewed","calendar",4,2,5,41,0.250593928529576,"underpowered",1.80080406416465
53,15,"spread","skewed","calendar",6,4,3,41,0.117389324150713,"size",2.31017671001462
53,15,"spread","skewed","calendar",8,6,1,41,0.0302012032883329,"size",4.03518071564281
53,15,"spread","skewed","calendar",9,7,1,41,0.025999522616064,"size",4.09885551266624
53,15,"spread","skewed","calendar",11,9,1,41,0.018063014679556,"size",4.22051869941174
53,15,"spread","skewed","calendar",13,11,1,41,0.0105442176870748,"size",4.33315114508712
53,15,"spread","skewed","calendar",15,13,1,41,0.00340136054421769,"size",4.4372083369893
53,15,"spread","skewed","stacked",2,0,8,54,0.160196571761974,"no_pre",NA
53,15,"spread","skewed","stacked",4,2,5,49,0.268230370928613,"underpowered",1.78475379689553
53,15,"spread","skewed","stacked",6,4,3,46,0.231252339784352,"size",2.30160035306157
53,15,"spread","skewed","stacked",8,6,1,45,0.0899654660257461,"size",4.03090842146909
53,15,"spread","skewed","stacked",9,7,1,44,0.0899210386351161,"size",4.09552716821751
53,15,"spread","skewed","stacked",11,9,1,43,0.0802451712657493,"size",4.21818110925767
53,15,"spread","skewed","stacked",13,11,1,42,0.0577452758676882,"size",4.33192275352591
53,15,"spread","skewed","stacked",15,13,1,41,0.0224437657307615,"size",4.4372083369893
56,15,"early","equal","simple",2,0,3,41,0.141414141414141,"no_pre",NA
56,15,"early","equal","simple",3,1,3,41,0.131313131313131,"underpowered",2.36969300063141
56,15,"early","equal","simple",4,2,3,41,0.121212121212121,"underpowered",2.27372668786422
56,15,"early","equal","simple",5,3,3,41,0.111111111111111,"underpowered",2.28038123747935
56,15,"early","equal","simple",6,4,3,41,0.101010101010101,"size",2.31017671001462
56,15,"early","equal","simple",7,5,3,41,0.0909090909090909,"size",2.34659003076844
56,15,"early","equal","simple",8,6,3,41,0.0808080808080808,"size",2.38453694208205
56,15,"early","equal","simple",9,7,3,41,0.0707070707070707,"size",2.42216472544088
56,15,"early","equal","simple",10,8,3,41,0.0606060606060606,"size",2.45875877832958
56,15,"early","equal","simple",11,9,3,41,0.0505050505050505,"size",2.49405998459531
56,15,"early","equal","simple",12,10,3,41,0.0404040404040404,"size",2.52800531572859
56,15,"early","equal","group",2,0,3,41,0.0909090909090909,"no_pre",NA
56,15,"early","equal","group",3,1,3,41,0.0909090909090909,"underpowered",2.36969300063141
56,15,"early","equal","group",4,2,3,41,0.0909090909090909,"underpowered",2.27372668786422
56,15,"early","equal","group",5,3,3,41,0.0909090909090909,"underpowered",2.28038123747935
56,15,"early","equal","group",6,4,3,41,0.0909090909090909,"size",2.31017671001462
56,15,"early","equal","group",7,5,3,41,0.0909090909090909,"size",2.34659003076844
56,15,"early","equal","group",8,6,3,41,0.0909090909090909,"size",2.38453694208205
56,15,"early","equal","group",9,7,3,41,0.0909090909090909,"size",2.42216472544088
56,15,"early","equal","group",10,8,3,41,0.0909090909090909,"size",2.45875877832958
56,15,"early","equal","group",11,9,3,41,0.0909090909090909,"size",2.49405998459531
56,15,"early","equal","group",12,10,3,41,0.0909090909090909,"size",2.52800531572859
56,15,"early","equal","dynamic",2,0,3,41,0.235186044114616,"no_pre",NA
56,15,"early","equal","dynamic",3,1,3,41,0.163757472686044,"underpowered",2.36969300063141
56,15,"early","equal","dynamic",4,2,3,41,0.128043186971758,"underpowered",2.27372668786422
56,15,"early","equal","dynamic",5,3,3,41,0.104233663162235,"underpowered",2.28038123747935
56,15,"early","equal","dynamic",6,4,3,41,0.0863765203050917,"size",2.31017671001462
56,15,"early","equal","dynamic",7,5,3,41,0.0720908060193775,"size",2.34659003076844
56,15,"early","equal","dynamic",8,6,3,41,0.0601860441146155,"size",2.38453694208205
56,15,"early","equal","dynamic",9,7,3,41,0.0499819624819625,"size",2.42216472544088
56,15,"early","equal","dynamic",10,8,3,41,0.0410533910533911,"size",2.45875877832958
56,15,"early","equal","dynamic",11,9,3,41,0.0331168831168831,"size",2.49405998459531
56,15,"early","equal","dynamic",12,10,3,41,0.025974025974026,"size",2.52800531572859
56,15,"early","equal","calendar",2,0,3,41,0.235186044114616,"no_pre",NA
56,15,"early","equal","calendar",3,1,3,41,0.163757472686044,"underpowered",2.36969300063141
56,15,"early","equal","calendar",4,2,3,41,0.128043186971758,"underpowered",2.27372668786422
56,15,"early","equal","calendar",5,3,3,41,0.104233663162235,"underpowered",2.28038123747935
56,15,"early","equal","calendar",6,4,3,41,0.0863765203050917,"size",2.31017671001462
56,15,"early","equal","calendar",7,5,3,41,0.0720908060193775,"size",2.34659003076844
56,15,"early","equal","calendar",8,6,3,41,0.0601860441146156,"size",2.38453694208205
56,15,"early","equal","calendar",9,7,3,41,0.0499819624819625,"size",2.42216472544088
56,15,"early","equal","calendar",10,8,3,41,0.0410533910533911,"size",2.45875877832958
56,15,"early","equal","calendar",11,9,3,41,0.0331168831168831,"size",2.49405998459531
56,15,"early","equal","calendar",12,10,3,41,0.025974025974026,"size",2.52800531572859
56,15,"early","equal","stacked",2,0,3,71,0.0293317585579246,"no_pre",NA
56,15,"early","equal","stacked",3,1,3,68,0.0543760115006999,"underpowered",2.33739652421101
56,15,"early","equal","stacked",4,2,3,65,0.0751433203913219,"underpowered",2.24492392028357
56,15,"early","equal","stacked",5,3,3,62,0.0916461966198013,"underpowered",2.25389605154568
56,15,"early","equal","stacked",6,4,3,59,0.103899573135506,"size",2.28602318253455
56,15,"early","equal","stacked",7,5,3,56,0.111921420097844,"size",2.32506342120262
56,15,"early","equal","stacked",8,6,3,53,0.115733558414668,"size",2.36605983844635
56,15,"early","equal","stacked",9,7,3,50,0.115362749576743,"size",2.40725555663882
56,15,"early","equal","stacked",10,8,3,47,0.110842177832614,"size",2.4480347974842
56,15,"early","equal","stacked",11,9,3,44,0.102213500004926,"size",2.48825608794743
56,15,"early","equal","stacked",12,10,3,41,0.089529733867951,"size",2.52800531572859
59,15,"early","skewed","simple",2,0,8,41,0.41025641025641,"no_pre",NA
59,15,"early","skewed","simple",3,1,5,41,0.238095238095238,"underpowered",1.87680991261445
59,15,"early","skewed","simple",4,2,3,41,0.131868131868132,"underpowered",2.27372668786422
59,15,"early","skewed","simple",5,3,1,41,0.0402930402930403,"size",3.8589254925763
59,15,"early","skewed","simple",6,4,1,41,0.0366300366300366,"size",3.9093462321614
59,15,"early","skewed","simple",7,5,1,41,0.032967032967033,"size",3.97096588128709
59,15,"early","skewed","simple",8,6,1,41,0.0293040293040293,"size",4.03518071564281
59,15,"early","skewed","simple",9,7,1,41,0.0256410256410256,"size",4.09885551266624
59,15,"early","skewed","simple",10,8,1,41,0.021978021978022,"size",4.16078100181162
59,15,"early","skewed","simple",11,9,1,41,0.0183150183150183,"size",4.22051869941174
59,15,"early","skewed","simple",12,10,1,41,0.0146520146520147,"size",4.2779619468439
59,15,"early","skewed","group",2,0,8,41,0.333333333333333,"no_pre",NA
59,15,"early","skewed","group",3,1,5,41,0.208333333333333,"underpowered",1.87680991261445
59,15,"early","skewed","group",4,2,3,41,0.125,"underpowered",2.27372668786422
59,15,"early","skewed","group",5,3,1,41,0.0416666666666667,"size",3.8589254925763
59,15,"early","skewed","group",6,4,1,41,0.0416666666666667,"size",3.9093462321614
59,15,"early","skewed","group",7,5,1,41,0.0416666666666667,"size",3.97096588128709
59,15,"early","skewed","group",8,6,1,41,0.0416666666666667,"size",4.03518071564281
59,15,"early","skewed","group",9,7,1,41,0.0416666666666667,"size",4.09885551266624
59,15,"early","skewed","group",10,8,1,41,0.0416666666666667,"size",4.16078100181162
59,15,"early","skewed","group",11,9,1,41,0.0416666666666667,"size",4.22051869941174
59,15,"early","skewed","group",12,10,1,41,0.0416666666666667,"size",4.2779619468439
59,15,"early","skewed","dynamic",2,0,8,41,0.448372720827195,"no_pre",NA
59,15,"early","skewed","dynamic",3,1,5,41,0.235590093374139,"underpowered",1.87680991261445
59,15,"early","skewed","dynamic",4,2,3,41,0.124870539540967,"underpowered",2.27372668786422
59,15,"early","skewed","dynamic",5,3,1,41,0.0371592274660367,"size",3.8589254925763
59,15,"early","skewed","dynamic",6,4,1,41,0.0329575467937678,"size",3.9093462321614
59,15,"early","skewed","dynamic",7,5,1,41,0.0289892928255138,"size",3.97096588128709
59,15,"early","skewed","dynamic",8,6,1,41,0.0252298943292732,"size",4.03518071564281
59,15,"early","skewed","dynamic",9,7,1,41,0.0216584657578446,"size",4.09885551266624
59,15,"early","skewed","dynamic",10,8,1,41,0.018257105213627,"size",4.16078100181162
59,15,"early","skewed","dynamic",11,9,1,41,0.0150103519668737,"size",4.22051869941174
59,15,"early","skewed","dynamic",12,10,1,41,0.0119047619047619,"size",4.2779619468439
59,15,"early","skewed","calendar",2,0,8,41,0.448372720827195,"no_pre",NA
59,15,"early","skewed","calendar",3,1,5,41,0.23559009337414,"underpowered",1.87680991261445
59,15,"early","skewed","calendar",4,2,3,41,0.124870539540967,"underpowered",2.27372668786422
59,15,"early","skewed","calendar",5,3,1,41,0.0371592274660367,"size",3.8589254925763
59,15,"early","skewed","calendar",6,4,1,41,0.0329575467937678,"size",3.9093462321614
59,15,"early","skewed","calendar",7,5,1,41,0.0289892928255138,"size",3.97096588128709
59,15,"early","skewed","calendar",8,6,1,41,0.0252298943292732,"size",4.03518071564281
59,15,"early","skewed","calendar",9,7,1,41,0.0216584657578446,"size",4.09885551266624
59,15,"early","skewed","calendar",10,8,1,41,0.018257105213627,"size",4.16078100181162
59,15,"early","skewed","calendar",11,9,1,41,0.0150103519668737,"size",4.22051869941174
59,15,"early","skewed","calendar",12,10,1,41,0.0119047619047619,"size",4.2779619468439
59,15,"early","skewed","stacked",2,0,8,57,0.136867808083516,"no_pre",NA
59,15,"early","skewed","stacked",3,1,5,52,0.165269849162096,"underpowered",1.85510739691512
59,15,"early","skewed","stacked",4,2,3,49,0.141820261665485,"underpowered",2.26103602119185
59,15,"early","skewed","stacked",5,3,1,48,0.0600647431515814,"size",3.85222014347474
59,15,"early","skewed","stacked",6,4,1,47,0.0682257652097597,"size",3.90340045498325
59,15,"early","skewed","stacked",7,5,1,46,0.0736504702353107,"size",3.96582413902788
59,15,"early","skewed","stacked",8,6,1,45,0.076342169840634,"size",4.03090842146909
59,15,"early","skewed","stacked",9,7,1,44,0.0763044700036756,"size",4.09552716821751
59,15,"early","skewed","stacked",10,8,1,43,0.0735413045185588,"size",4.15847649817219
59,15,"early","skewed","stacked",11,9,1,42,0.0680569731137435,"size",4.21932223767277
59,15,"early","skewed","stacked",12,10,1,41,0.0598561850156384,"size",4.2779619468439
62,15,"late","equal","simple",5,3,3,41,0.166666666666667,"underpowered",2.28038123747935
62,15,"late","equal","simple",6,4,3,41,0.151515151515152,"size",2.31017671001462
62,15,"late","equal","simple",7,5,3,41,0.136363636363636,"size",2.34659003076844
62,15,"late","equal","simple",8,6,3,41,0.121212121212121,"size",2.38453694208205
62,15,"late","equal","simple",9,7,3,41,0.106060606060606,"size",2.42216472544088
62,15,"late","equal","simple",10,8,3,41,0.0909090909090909,"size",2.45875877832958
62,15,"late","equal","simple",11,9,3,41,0.0757575757575758,"size",2.49405998459531
62,15,"late","equal","simple",12,10,3,41,0.0606060606060606,"size",2.52800531572859
62,15,"late","equal","simple",13,11,3,41,0.0454545454545455,"size",2.56061864615632
62,15,"late","equal","simple",14,12,3,41,0.0303030303030303,"size",2.59196150606875
62,15,"late","equal","simple",15,13,3,41,0.0151515151515152,"size",2.62210987434795
62,15,"late","equal","group",5,3,3,41,0.0909090909090909,"underpowered",2.28038123747935
62,15,"late","equal","group",6,4,3,41,0.0909090909090909,"size",2.31017671001462
62,15,"late","equal","group",7,5,3,41,0.0909090909090909,"size",2.34659003076844
62,15,"late","equal","group",8,6,3,41,0.0909090909090909,"size",2.38453694208205
62,15,"late","equal","group",9,7,3,41,0.0909090909090909,"size",2.42216472544088
62,15,"late","equal","group",10,8,3,41,0.0909090909090909,"size",2.45875877832958
62,15,"late","equal","group",11,9,3,41,0.0909090909090909,"size",2.49405998459531
62,15,"late","equal","group",12,10,3,41,0.0909090909090909,"size",2.52800531572859
62,15,"late","equal","group",13,11,3,41,0.0909090909090909,"size",2.56061864615632
62,15,"late","equal","group",14,12,3,41,0.0909090909090909,"size",2.59196150606875
62,15,"late","equal","group",15,13,3,41,0.0909090909090909,"size",2.62210987434795
62,15,"late","equal","dynamic",5,3,3,41,0.274534304079759,"underpowered",2.28038123747935
62,15,"late","equal","dynamic",6,4,3,41,0.183625213170668,"size",2.31017671001462
62,15,"late","equal","dynamic",7,5,3,41,0.138170667716122,"size",2.34659003076844
62,15,"late","equal","dynamic",8,6,3,41,0.107867637413092,"size",2.38453694208205
62,15,"late","equal","dynamic",9,7,3,41,0.0851403646858192,"size",2.42216472544088
62,15,"late","equal","dynamic",10,8,3,41,0.066958546504001,"size",2.45875877832958
62,15,"late","equal","dynamic",11,9,3,41,0.0518070313524859,"size",2.49405998459531
62,15,"late","equal","dynamic",12,10,3,41,0.0388200183654729,"size",2.52800531572859
62,15,"late","equal","dynamic",13,11,3,41,0.0274563820018365,"size",2.56061864615632
62,15,"late","equal","dynamic",14,12,3,41,0.0173553719008264,"size",2.59196150606875
62,15,"late","equal","dynamic",15,13,3,41,0.00826446280991736,"size",2.62210987434795
62,15,"late","equal","calendar",5,3,3,41,0.274534304079759,"underpowered",2.28038123747935
62,15,"late","equal","calendar",6,4,3,41,0.183625213170668,"size",2.31017671001462
62,15,"late","equal","calendar",7,5,3,41,0.138170667716122,"size",2.34659003076844
62,15,"late","equal","calendar",8,6,3,41,0.107867637413092,"size",2.38453694208205
62,15,"late","equal","calendar",9,7,3,41,0.0851403646858192,"size",2.42216472544088
62,15,"late","equal","calendar",10,8,3,41,0.0669585465040011,"size",2.45875877832958
62,15,"late","equal","calendar",11,9,3,41,0.0518070313524859,"size",2.49405998459531
62,15,"late","equal","calendar",12,10,3,41,0.0388200183654729,"size",2.52800531572859
62,15,"late","equal","calendar",13,11,3,41,0.0274563820018365,"size",2.56061864615632
62,15,"late","equal","calendar",14,12,3,41,0.0173553719008264,"size",2.59196150606875
62,15,"late","equal","calendar",15,13,3,41,0.00826446280991736,"size",2.62210987434795
62,15,"late","equal","stacked",5,3,3,71,0.0918267094683374,"underpowered",2.24729318449737
62,15,"late","equal","stacked",6,4,3,68,0.104162233784033,"size",2.27869137937387
62,15,"late","equal","stacked",7,5,3,65,0.112276255542037,"size",2.31686425606384
62,15,"late","equal","stacked",8,6,3,62,0.116186608934704,"size",2.3568420535087
62,15,"late","equal","stacked",9,7,3,59,0.115914579933556,"size",2.3968403327208
62,15,"late","equal","stacked",10,8,3,56,0.111485783860255,"size",2.43620318082697
62,15,"late","equal","stacked",11,9,3,53,0.102931325033959,"size",2.47473421782032
62,15,"late","equal","stacked",12,10,3,50,0.0902893502611875,"size",2.5124446655429
62,15,"late","equal","stacked",13,11,3,47,0.0736071615820205,"size",2.549450399171
62,15,"late","equal","stacked",14,12,3,44,0.0529441381531559,"size",2.58592978398131
62,15,"late","equal","stacked",15,13,3,41,0.0283758534467546,"size",2.62210987434795
65,15,"late","skewed","simple",5,3,8,41,0.437810945273632,"underpowered",1.4736515142438
65,15,"late","skewed","simple",6,4,5,41,0.248756218905473,"underpowered",1.82967268253364
65,15,"late","skewed","simple",7,5,3,41,0.134328358208955,"size",2.34659003076844
65,15,"late","skewed","simple",8,6,1,41,0.0398009950248756,"size",4.03518071564281
65,15,"late","skewed","simple",9,7,1,41,0.0348258706467662,"size",4.09885551266624
65,15,"late","skewed","simple",10,8,1,41,0.0298507462686567,"size",4.16078100181162
65,15,"late","skewed","simple",11,9,1,41,0.0248756218905473,"size",4.22051869941174
65,15,"late","skewed","simple",12,10,1,41,0.0199004975124378,"size",4.2779619468439
65,15,"late","skewed","simple",13,11,1,41,0.0149253731343284,"size",4.33315114508712
65,15,"late","skewed","simple",14,12,1,41,0.00995024875621891,"size",4.38619041726602
65,15,"late","skewed","simple",15,13,1,41,0.00497512437810945,"size",4.4372083369893
65,15,"late","skewed","group",5,3,8,41,0.333333333333333,"underpowered",1.4736515142438
65,15,"late","skewed","group",6,4,5,41,0.208333333333333,"underpowered",1.82967268253364
65,15,"late","skewed","group",7,5,3,41,0.125,"size",2.34659003076844
65,15,"late","skewed","group",8,6,1,41,0.0416666666666667,"size",4.03518071564281
65,15,"late","skewed","group",9,7,1,41,0.0416666666666667,"size",4.09885551266624
65,15,"late","skewed","group",10,8,1,41,0.0416666666666667,"size",4.16078100181162
65,15,"late","skewed","group",11,9,1,41,0.0416666666666667,"size",4.22051869941174
65,15,"late","skewed","group",12,10,1,41,0.0416666666666667,"size",4.2779619468439
65,15,"late","skewed","group",13,11,1,41,0.0416666666666667,"size",4.33315114508712
65,15,"late","skewed","group",14,12,1,41,0.0416666666666667,"size",4.38619041726602
65,15,"late","skewed","group",15,13,1,41,0.0416666666666667,"size",4.4372083369893
65,15,"late","skewed","dynamic",5,3,8,41,0.479747099234611,"underpowered",1.4736515142438
65,15,"late","skewed","dynamic",6,4,5,41,0.24302375520345,"underpowered",1.82967268253364
65,15,"late","skewed","dynamic",7,5,3,41,0.124835232143049,"size",2.34659003076844
65,15,"late","skewed","dynamic",8,6,1,41,0.0359299258658649,"size",4.03518071564281
65,15,"late","skewed","dynamic",9,7,1,41,0.0305823322829772,"size",4.09885551266624
65,15,"late","skewed","dynamic",10,8,1,41,0.0255318272324721,"size",4.16078100181162
65,15,"late","skewed","dynamic",11,9,1,41,0.0207471382372568,"size",4.22051869941174
65,15,"late","skewed","dynamic",12,10,1,41,0.0162016836918023,"size",4.2779619468439
65,15,"late","skewed","dynamic",13,11,1,41,0.0118726793627979,"size",4.33315114508712
65,15,"late","skewed","dynamic",14,12,1,41,0.00774044795783926,"size",4.38619041726602
65,15,"late","skewed","dynamic",15,13,1,41,0.00378787878787879,"size",4.4372083369893
65,15,"late","skewed","calendar",5,3,8,41,0.479747099234611,"underpowered",1.4736515142438
65,15,"late","skewed","calendar",6,4,5,41,0.24302375520345,"underpowered",1.82967268253364
65,15,"late","skewed","calendar",7,5,3,41,0.124835232143049,"size",2.34659003076844
65,15,"late","skewed","calendar",8,6,1,41,0.0359299258658649,"size",4.03518071564281
65,15,"late","skewed","calendar",9,7,1,41,0.0305823322829772,"size",4.09885551266624
65,15,"late","skewed","calendar",10,8,1,41,0.0255318272324721,"size",4.16078100181162
65,15,"late","skewed","calendar",11,9,1,41,0.0207471382372568,"size",4.22051869941174
65,15,"late","skewed","calendar",12,10,1,41,0.0162016836918023,"size",4.2779619468439
65,15,"late","skewed","calendar",13,11,1,41,0.0118726793627979,"size",4.33315114508712
65,15,"late","skewed","calendar",14,12,1,41,0.00774044795783926,"size",4.38619041726602
65,15,"late","skewed","calendar",15,13,1,41,0.00378787878787879,"size",4.4372083369893
65,15,"late","skewed","stacked",5,3,8,57,0.303182771001877,"underpowered",1.4394876178439
65,15,"late","skewed","stacked",6,4,5,52,0.224010745873368,"underpowered",1.80851523880403
65,15,"late","skewed","stacked",7,5,3,49,0.149936754648431,"size",2.33349268179676
65,15,"late","skewed","stacked",8,6,1,48,0.0538807385239152,"size",4.02816910180411
65,15,"late","skewed","stacked",9,7,1,47,0.0538573527867086,"size",4.09262150827868
65,15,"late","skewed","stacked",10,8,1,46,0.0519103657720433,"size",4.15539348045084
65,15,"late","skewed","stacked",11,9,1,45,0.0480424383917383,"size",4.21605017650775
65,15,"late","skewed","stacked",12,10,1,44,0.0422564680831076,"size",4.274488164747
65,15,"late","skewed","stacked",13,11,1,43,0.0345556156868575,"size",4.33075117196195
65,15,"late","skewed","stacked",14,12,1,42,0.0249433360753881,"size",4.38494698976626
65,15,"late","skewed","stacked",15,13,1,41,0.0134234131565657,"size",4.4372083369893
68,15,"spread","equal","simple",2,0,3,41,0.168674698795181,"no_pre",NA
68,15,"spread","equal","simple",3,1,3,41,0.156626506024096,"underpowered",2.36969300063141
68,15,"spread","equal","simple",5,3,3,41,0.132530120481928,"underpowered",2.28038123747935
68,15,"spread","equal","simple",6,4,3,41,0.120481927710843,"size",2.31017671001462
68,15,"spread","equal","simple",7,5,3,41,0.108433734939759,"size",2.34659003076844
68,15,"spread","equal","simple",8,6,3,41,0.0963855421686747,"size",2.38453694208205
68,15,"spread","equal","simple",10,8,3,41,0.072289156626506,"size",2.45875877832958
68,15,"spread","equal","simple",11,9,3,41,0.0602409638554217,"size",2.49405998459531
68,15,"spread","equal","simple",12,10,3,41,0.0481927710843374,"size",2.52800531572859
68,15,"spread","equal","simple",14,12,3,41,0.0240963855421687,"size",2.59196150606875
68,15,"spread","equal","simple",15,13,3,41,0.0120481927710843,"size",2.62210987434795
68,15,"spread","equal","group",2,0,3,41,0.0909090909090909,"no_pre",NA
68,15,"spread","equal","group",3,1,3,41,0.0909090909090909,"underpowered",2.36969300063141
68,15,"spread","equal","group",5,3,3,41,0.0909090909090909,"underpowered",2.28038123747935
68,15,"spread","equal","group",6,4,3,41,0.0909090909090909,"size",2.31017671001462
68,15,"spread","equal","group",7,5,3,41,0.0909090909090909,"size",2.34659003076844
68,15,"spread","equal","group",8,6,3,41,0.0909090909090909,"size",2.38453694208205
68,15,"spread","equal","group",10,8,3,41,0.0909090909090909,"size",2.45875877832958
68,15,"spread","equal","group",11,9,3,41,0.0909090909090909,"size",2.49405998459531
68,15,"spread","equal","group",12,10,3,41,0.0909090909090909,"size",2.52800531572859
68,15,"spread","equal","group",14,12,3,41,0.0909090909090909,"size",2.59196150606875
68,15,"spread","equal","group",15,13,3,41,0.0909090909090909,"size",2.62210987434795
68,15,"spread","equal","dynamic",2,0,3,41,0.271261080189652,"no_pre",NA
68,15,"spread","equal","dynamic",3,1,3,41,0.19983250876108,"underpowered",2.36969300063141
68,15,"spread","equal","dynamic",5,3,3,41,0.128403937332509,"underpowered",2.28038123747935
68,15,"spread","equal","dynamic",6,4,3,41,0.104594413522985,"size",2.31017671001462
68,15,"spread","equal","dynamic",7,5,3,41,0.0867372706658421,"size",2.34659003076844
68,15,"spread","equal","dynamic",8,6,3,41,0.0724515563801278,"size",2.38453694208205
68,15,"spread","equal","dynamic",10,8,3,41,0.048642032570604,"size",2.45875877832958
68,15,"spread","equal","dynamic",11,9,3,41,0.0384379509379509,"size",2.49405998459531
68,15,"spread","equal","dynamic",12,10,3,41,0.0295093795093795,"size",2.52800531572859
68,15,"spread","equal","dynamic",14,12,3,41,0.0136363636363636,"size",2.59196150606875
68,15,"spread","equal","dynamic",15,13,3,41,0.00649350649350649,"size",2.62210987434795
68,15,"spread","equal","calendar",2,0,3,41,0.271261080189652,"no_pre",NA
68,15,"spread","equal","calendar",3,1,3,41,0.19983250876108,"underpowered",2.36969300063141
68,15,"spread","equal","calendar",5,3,3,41,0.128403937332509,"underpowered",2.28038123747935
68,15,"spread","equal","calendar",6,4,3,41,0.104594413522985,"size",2.31017671001462
68,15,"spread","equal","calendar",7,5,3,41,0.0867372706658421,"size",2.34659003076844
68,15,"spread","equal","calendar",8,6,3,41,0.0724515563801278,"size",2.38453694208205
68,15,"spread","equal","calendar",10,8,3,41,0.048642032570604,"size",2.45875877832958
68,15,"spread","equal","calendar",11,9,3,41,0.0384379509379509,"size",2.49405998459531
68,15,"spread","equal","calendar",12,10,3,41,0.0295093795093795,"size",2.52800531572859
68,15,"spread","equal","calendar",14,12,3,41,0.0136363636363636,"size",2.59196150606875
68,15,"spread","equal","calendar",15,13,3,41,0.00649350649350649,"size",2.62210987434795
68,15,"spread","equal","stacked",2,0,3,71,0.0327902262781141,"no_pre",NA
68,15,"spread","equal","stacked",3,1,3,68,0.060787412990878,"underpowered",2.33739652421101
68,15,"spread","equal","stacked",5,3,3,65,0.10267078188987,"underpowered",2.2514941724117
68,15,"spread","equal","stacked",6,4,3,62,0.11642281238507,"size",2.28334546851046
68,15,"spread","equal","stacked",7,5,3,59,0.125442248786806,"size",2.32205579209011
68,15,"spread","equal","stacked",8,6,3,56,0.129751919500124,"size",2.36266222384221
68,15,"spread","equal","stacked",10,8,3,53,0.124758846705038,"size",2.4397065506368
68,15,"spread","equal","stacked",11,9,3,50,0.115147334221387,"size",2.47870827836235
68,15,"spread","equal","stacked",12,10,3,47,0.100964867360007,"size",2.51697931316916
68,15,"spread","equal","stacked",14,12,3,44,0.0594179844128607,"size",2.58592978398131
68,15,"spread","equal","stacked",15,13,3,41,0.0318455654698458,"size",2.62210987434795
71,15,"spread","skewed","simple",2,0,8,41,0.43921568627451,"no_pre",NA
71,15,"spread","skewed","simple",3,1,5,41,0.254901960784314,"underpowered",1.87680991261445
71,15,"spread","skewed","simple",5,3,3,41,0.129411764705882,"underpowered",2.28038123747935
71,15,"spread","skewed","simple",6,4,1,41,0.0392156862745098,"size",3.9093462321614
71,15,"spread","skewed","simple",7,5,1,41,0.0352941176470588,"size",3.97096588128709
71,15,"spread","skewed","simple",8,6,1,41,0.0313725490196078,"size",4.03518071564281
71,15,"spread","skewed","simple",10,8,1,41,0.0235294117647059,"size",4.16078100181162
71,15,"spread","skewed","simple",11,9,1,41,0.0196078431372549,"size",4.22051869941174
71,15,"spread","skewed","simple",12,10,1,41,0.0156862745098039,"size",4.2779619468439
71,15,"spread","skewed","simple",14,12,1,41,0.00784313725490196,"size",4.38619041726602
71,15,"spread","skewed","simple",15,13,1,41,0.00392156862745098,"size",4.4372083369893
71,15,"spread","skewed","group",2,0,8,41,0.333333333333333,"no_pre",NA
71,15,"spread","skewed","group",3,1,5,41,0.208333333333333,"underpowered",1.87680991261445
71,15,"spread","skewed","group",5,3,3,41,0.125,"underpowered",2.28038123747935
71,15,"spread","skewed","group",6,4,1,41,0.0416666666666667,"size",3.9093462321614
71,15,"spread","skewed","group",7,5,1,41,0.0416666666666667,"size",3.97096588128709
71,15,"spread","skewed","group",8,6,1,41,0.0416666666666667,"size",4.03518071564281
71,15,"spread","skewed","group",10,8,1,41,0.0416666666666667,"size",4.16078100181162
71,15,"spread","skewed","group",11,9,1,41,0.0416666666666667,"size",4.22051869941174
71,15,"spread","skewed","group",12,10,1,41,0.0416666666666667,"size",4.2779619468439
71,15,"spread","skewed","group",14,12,1,41,0.0416666666666667,"size",4.38619041726602
71,15,"spread","skewed","group",15,13,1,41,0.0416666666666667,"size",4.4372083369893
71,15,"spread","skewed","dynamic",2,0,8,41,0.476949407298618,"no_pre",NA
71,15,"spread","skewed","dynamic",3,1,5,41,0.253450522418779,"underpowered",1.87680991261445
71,15,"spread","skewed","dynamic",5,3,3,41,0.119103280484234,"underpowered",2.28038123747935
71,15,"spread","skewed","dynamic",6,4,1,41,0.0352368077804591,"size",3.9093462321614
71,15,"spread","skewed","dynamic",7,5,1,41,0.0310351271081902,"size",3.97096588128709
71,15,"spread","skewed","dynamic",8,6,1,41,0.0270668731399362,"size",4.03518071564281
71,15,"spread","skewed","dynamic",10,8,1,41,0.019548076147455,"size",4.16078100181162
71,15,"spread","skewed","dynamic",11,9,1,41,0.0159766475760265,"size",4.22051869941174
71,15,"spread","skewed","dynamic",12,10,1,41,0.0125752870318088,"size",4.2779619468439
71,15,"spread","skewed","dynamic",14,12,1,41,0.00608178053830228,"size",4.38619041726602
71,15,"spread","skewed","dynamic",15,13,1,41,0.00297619047619048,"size",4.4372083369893
71,15,"spread","skewed","calendar",2,0,8,41,0.476949407298618,"no_pre",NA
71,15,"spread","skewed","calendar",3,1,5,41,0.253450522418779,"underpowered",1.87680991261445
71,15,"spread","skewed","calendar",5,3,3,41,0.119103280484234,"underpowered",2.28038123747935
71,15,"spread","skewed","calendar",6,4,1,41,0.0352368077804591,"size",3.9093462321614
71,15,"spread","skewed","calendar",7,5,1,41,0.0310351271081902,"size",3.97096588128709
71,15,"spread","skewed","calendar",8,6,1,41,0.0270668731399362,"size",4.03518071564281
71,15,"spread","skewed","calendar",10,8,1,41,0.019548076147455,"size",4.16078100181162
71,15,"spread","skewed","calendar",11,9,1,41,0.0159766475760265,"size",4.22051869941174
71,15,"spread","skewed","calendar",12,10,1,41,0.0125752870318088,"size",4.2779619468439
71,15,"spread","skewed","calendar",14,12,1,41,0.00608178053830228,"size",4.38619041726602
71,15,"spread","skewed","calendar",15,13,1,41,0.00297619047619048,"size",4.4372083369893
71,15,"spread","skewed","stacked",2,0,8,57,0.144087607339673,"no_pre",NA
71,15,"spread","skewed","stacked",3,1,5,52,0.17398786072927,"underpowered",1.85510739691512
71,15,"spread","skewed","stacked",5,3,3,49,0.182479371137415,"underpowered",2.26765342884464
71,15,"spread","skewed","stacked",6,4,1,48,0.071855872925263,"size",3.90255327093529
71,15,"spread","skewed","stacked",7,5,1,47,0.0775706603188503,"size",3.96492638595717
71,15,"spread","skewed","stacked",8,6,1,46,0.0804072314194893,"size",4.02995582582269
71,15,"spread","skewed","stacked",10,8,1,45,0.0774989020761872,"size",4.15637572688471
71,15,"spread","skewed","stacked",11,9,1,44,0.0717228064939199,"size",4.21709156226564
71,15,"spread","skewed","stacked",12,10,1,43,0.0630834684389705,"size",4.27559254098679
71,15,"spread","skewed","stacked",14,12,1,42,0.0372564345783427,"size",4.38494698976626
71,15,"spread","skewed","stacked",15,13,1,41,0.0200497845426185,"size",4.4372083369893
74,21,"early","equal","simple",2,0,3,41,0.350877192982456,"no_pre",NA
74,21,"early","equal","simple",3,1,3,41,0.333333333333333,"underpowered",2.36969300063141
74,21,"early","equal","simple",4,2,3,41,0.315789473684211,"underpowered",2.27372668786422
74,21,"early","equal","group",2,0,3,41,0.333333333333333,"no_pre",NA
74,21,"early","equal","group",3,1,3,41,0.333333333333333,"underpowered",2.36969300063141
74,21,"early","equal","group",4,2,3,41,0.333333333333333,"underpowered",2.27372668786422
74,21,"early","equal","dynamic",2,0,3,41,0.375,"no_pre",NA
74,21,"early","equal","dynamic",3,1,3,41,0.325,"underpowered",2.36969300063141
74,21,"early","equal","dynamic",4,2,3,41,0.3,"underpowered",2.27372668786422
74,21,"early","equal","calendar",2,0,3,41,0.375,"no_pre",NA
74,21,"early","equal","calendar",3,1,3,41,0.325,"underpowered",2.36969300063141
74,21,"early","equal","calendar",4,2,3,41,0.3,"underpowered",2.27372668786422
74,21,"early","equal","stacked",2,0,3,47,0.179573255786026,"no_pre",NA
74,21,"early","equal","stacked",3,1,3,44,0.339799098771203,"underpowered",2.36417851687889
74,21,"early","equal","stacked",4,2,3,41,0.480627645442772,"underpowered",2.27372668786422
77,21,"early","skewed","simple",2,0,8,41,0.517799352750809,"no_pre",NA
77,21,"early","skewed","simple",3,1,5,41,0.307443365695793,"underpowered",1.87680991261445
77,21,"early","skewed","simple",4,2,3,41,0.174757281553398,"underpowered",2.27372668786422
77,21,"early","skewed","group",2,0,8,41,0.5,"no_pre",NA
77,21,"early","skewed","group",3,1,5,41,0.3125,"underpowered",1.87680991261445
77,21,"early","skewed","group",4,2,3,41,0.1875,"underpowered",2.27372668786422
77,21,"early","skewed","dynamic",2,0,8,41,0.530769230769231,"no_pre",NA
77,21,"early","skewed","dynamic",3,1,5,41,0.300480769230769,"underpowered",1.87680991261445
77,21,"early","skewed","dynamic",4,2,3,41,0.16875,"underpowered",2.27372668786422
77,21,"early","skewed","calendar",2,0,8,41,0.530769230769231,"no_pre",NA
77,21,"early","skewed","calendar",3,1,5,41,0.300480769230769,"underpowered",1.87680991261445
77,21,"early","skewed","calendar",4,2,3,41,0.16875,"underpowered",2.27372668786422
77,21,"early","skewed","stacked",2,0,8,49,0.299587604096388,"no_pre",NA
77,21,"early","skewed","stacked",3,1,5,44,0.371614653019603,"underpowered",1.86984239724048
77,21,"early","skewed","stacked",4,2,3,41,0.328797742884009,"underpowered",2.27372668786422
80,21,"late","equal","simple",19,17,3,41,0.5,"size",2.73230013697994
80,21,"late","equal","simple",20,18,3,41,0.333333333333333,"size",2.75759614126629
80,21,"late","equal","simple",21,19,3,41,0.166666666666667,"size",2.78211249124735
80,21,"late","equal","group",19,17,3,41,0.333333333333333,"size",2.73230013697994
80,21,"late","equal","group",20,18,3,41,0.333333333333333,"size",2.75759614126629
80,21,"late","equal","group",21,19,3,41,0.333333333333333,"size",2.78211249124735
80,21,"late","equal","dynamic",19,17,3,41,0.611111111111111,"size",2.73230013697994
80,21,"late","equal","dynamic",20,18,3,41,0.277777777777778,"size",2.75759614126629
80,21,"late","equal","dynamic",21,19,3,41,0.111111111111111,"size",2.78211249124735
80,21,"late","equal","calendar",19,17,3,41,0.611111111111111,"size",2.73230013697994
80,21,"late","equal","calendar",20,18,3,41,0.277777777777778,"size",2.75759614126629
80,21,"late","equal","calendar",21,19,3,41,0.111111111111111,"size",2.78211249124735
80,21,"late","equal","stacked",19,17,3,47,0.483562901880084,"size",2.72038309388037
80,21,"late","equal","stacked",20,18,3,44,0.338898601656313,"size",2.75117897283436
80,21,"late","equal","stacked",21,19,3,41,0.177538496463603,"size",2.78211249124735
83,21,"late","skewed","simple",19,17,8,41,0.648648648648649,"size",1.76569521273545
83,21,"late","skewed","simple",20,18,5,41,0.27027027027027,"size",2.18403133719722
83,21,"late","skewed","simple",21,19,3,41,0.0810810810810811,"size",2.78211249124735
83,21,"late","skewed","group",19,17,8,41,0.5,"size",1.76569521273545
83,21,"late","skewed","group",20,18,5,41,0.3125,"size",2.18403133719722
83,21,"late","skewed","group",21,19,3,41,0.1875,"size",2.78211249124735
83,21,"late","skewed","dynamic",19,17,8,41,0.705128205128205,"size",1.76569521273545
83,21,"late","skewed","dynamic",20,18,5,41,0.232371794871795,"size",2.18403133719722
83,21,"late","skewed","dynamic",21,19,3,41,0.0625,"size",2.78211249124735
83,21,"late","skewed","calendar",19,17,8,41,0.705128205128205,"size",1.76569521273545
83,21,"late","skewed","calendar",20,18,5,41,0.232371794871795,"size",2.18403133719722
83,21,"late","skewed","calendar",21,19,3,41,0.0625,"size",2.78211249124735
83,21,"late","skewed","stacked",19,17,8,49,0.621131934092973,"size",1.74200346971126
83,21,"late","skewed","stacked",20,18,5,44,0.285357363862649,"size",2.1759232854351
83,21,"late","skewed","stacked",21,19,3,41,0.0935107020443773,"size",2.78211249124735
86,21,"spread","equal","simple",2,0,3,41,0.645161290322581,"no_pre",NA
86,21,"spread","equal","simple",12,10,3,41,0.32258064516129,"size",2.52800531572859
86,21,"spread","equal","simple",21,19,3,41,0.032258064516129,"size",2.78211249124735
86,21,"spread","equal","group",2,0,3,41,0.333333333333333,"no_pre",NA
86,21,"spread","equal","group",12,10,3,41,0.333333333333333,"size",2.52800531572859
86,21,"spread","equal","group",21,19,3,41,0.333333333333333,"size",2.78211249124735
86,21,"spread","equal","dynamic",2,0,3,41,0.741666666666667,"no_pre",NA
86,21,"spread","equal","dynamic",12,10,3,41,0.241666666666667,"size",2.52800531572859
86,21,"spread","equal","dynamic",21,19,3,41,0.0166666666666667,"size",2.78211249124735
86,21,"spread","equal","calendar",2,0,3,41,0.741666666666667,"no_pre",NA
86,21,"spread","equal","calendar",12,10,3,41,0.241666666666667,"size",2.52800531572859
86,21,"spread","equal","calendar",21,19,3,41,0.0166666666666667,"size",2.78211249124735
86,21,"spread","equal","stacked",2,0,3,47,0.133888746545886,"no_pre",NA
86,21,"spread","equal","stacked",12,10,3,44,0.733387882845281,"size",2.52212242531361
86,21,"spread","equal","stacked",21,19,3,41,0.132723370608833,"size",2.78211249124735
89,21,"spread","skewed","simple",2,0,8,41,0.751173708920188,"no_pre",NA
89,21,"spread","skewed","simple",12,10,5,41,0.234741784037559,"size",2.00219413841254
89,21,"spread","skewed","simple",21,19,3,41,0.0140845070422535,"size",2.78211249124735
89,21,"spread","skewed","group",2,0,8,41,0.5,"no_pre",NA
89,21,"spread","skewed","group",12,10,5,41,0.3125,"size",2.00219413841254
89,21,"spread","skewed","group",21,19,3,41,0.1875,"size",2.78211249124735
89,21,"spread","skewed","dynamic",2,0,8,41,0.801923076923077,"no_pre",NA
89,21,"spread","skewed","dynamic",12,10,5,41,0.188701923076923,"size",2.00219413841254
89,21,"spread","skewed","dynamic",21,19,3,41,0.009375,"size",2.78211249124735
89,21,"spread","skewed","calendar",2,0,8,41,0.801923076923077,"no_pre",NA
89,21,"spread","skewed","calendar",12,10,5,41,0.188701923076923,"size",2.00219413841254
89,21,"spread","skewed","calendar",21,19,3,41,0.009375,"size",2.78211249124735
89,21,"spread","skewed","stacked",2,0,8,49,0.200113132376957,"no_pre",NA
89,21,"spread","skewed","stacked",12,10,5,44,0.718544499169029,"size",1.9947611435486
89,21,"spread","skewed","stacked",21,19,3,41,0.0813423684540146,"size",2.78211249124735
92,21,"early","equal","simple",2,0,3,41,0.222222222222222,"no_pre",NA
92,21,"early","equal","simple",3,1,3,41,0.211111111111111,"underpowered",2.36969300063141
92,21,"early","equal","simple",4,2,3,41,0.2,"underpowered",2.27372668786422
92,21,"early","equal","simple",5,3,3,41,0.188888888888889,"underpowered",2.28038123747935
92,21,"early","equal","simple",6,4,3,41,0.177777777777778,"size",2.31017671001462
92,21,"early","equal","group",2,0,3,41,0.2,"no_pre",NA
92,21,"early","equal","group",3,1,3,41,0.2,"underpowered",2.36969300063141
92,21,"early","equal","group",4,2,3,41,0.2,"underpowered",2.27372668786422
92,21,"early","equal","group",5,3,3,41,0.2,"underpowered",2.28038123747935
92,21,"early","equal","group",6,4,3,41,0.2,"size",2.31017671001462
92,21,"early","equal","dynamic",2,0,3,41,0.264166666666667,"no_pre",NA
92,21,"early","equal","dynamic",3,1,3,41,0.214166666666667,"underpowered",2.36969300063141
92,21,"early","equal","dynamic",4,2,3,41,0.189166666666667,"underpowered",2.27372668786422
92,21,"early","equal","dynamic",5,3,3,41,0.1725,"underpowered",2.28038123747935
92,21,"early","equal","dynamic",6,4,3,41,0.16,"size",2.31017671001462
92,21,"early","equal","calendar",2,0,3,41,0.264166666666667,"no_pre",NA
92,21,"early","equal","calendar",3,1,3,41,0.214166666666667,"underpowered",2.36969300063141
92,21,"early","equal","calendar",4,2,3,41,0.189166666666667,"underpowered",2.27372668786422
92,21,"early","equal","calendar",5,3,3,41,0.1725,"underpowered",2.28038123747935
92,21,"early","equal","calendar",6,4,3,41,0.16,"size",2.31017671001462
92,21,"early","equal","stacked",2,0,3,53,0.0776580170987802,"no_pre",NA
92,21,"early","equal","stacked",3,1,3,50,0.147077483433788,"underpowered",2.3551068114328
92,21,"early","equal","stacked",4,2,3,47,0.208252427438027,"underpowered",2.26380973234048
92,21,"early","equal","stacked",5,3,3,44,0.261175352889097,"underpowered",2.27507459004431
92,21,"early","equal","stacked",6,4,3,41,0.305836719140308,"size",2.31017671001462
95,21,"early","skewed","simple",2,0,8,41,0.467836257309941,"no_pre",NA
95,21,"early","skewed","simple",3,1,5,41,0.277777777777778,"underpowered",1.87680991261445
95,21,"early","skewed","simple",4,2,3,41,0.157894736842105,"underpowered",2.27372668786422
95,21,"early","skewed","simple",5,3,1,41,0.0497076023391813,"size",3.8589254925763
95,21,"early","skewed","simple",6,4,1,41,0.0467836257309941,"size",3.9093462321614
95,21,"early","skewed","group",2,0,8,41,0.444444444444444,"no_pre",NA
95,21,"early","skewed","group",3,1,5,41,0.277777777777778,"underpowered",1.87680991261445
95,21,"early","skewed","group",4,2,3,41,0.166666666666667,"underpowered",2.27372668786422
95,21,"early","skewed","group",5,3,1,41,0.0555555555555556,"size",3.8589254925763
95,21,"early","skewed","group",6,4,1,41,0.0555555555555556,"size",3.9093462321614
95,21,"early","skewed","dynamic",2,0,8,41,0.484854198089492,"no_pre",NA
95,21,"early","skewed","dynamic",3,1,5,41,0.271783873805933,"underpowered",1.87680991261445
95,21,"early","skewed","dynamic",4,2,3,41,0.151531862745098,"underpowered",2.27372668786422
95,21,"early","skewed","dynamic",5,3,1,41,0.0473856209150327,"size",3.8589254925763
95,21,"early","skewed","dynamic",6,4,1,41,0.0444444444444445,"size",3.9093462321614
95,21,"early","skewed","calendar",2,0,8,41,0.484854198089492,"no_pre",NA
95,21,"early","skewed","calendar",3,1,5,41,0.271783873805933,"underpowered",1.87680991261445
95,21,"early","skewed","calendar",4,2,3,41,0.151531862745098,"underpowered",2.27372668786422
95,21,"early","skewed","calendar",5,3,1,41,0.0473856209150327,"size",3.8589254925763
95,21,"early","skewed","calendar",6,4,1,41,0.0444444444444445,"size",3.9093462321614
95,21,"early","skewed","stacked",2,0,8,51,0.228367054207027,"no_pre",NA
95,21,"early","skewed","stacked",3,1,5,46,0.282967500894837,"underpowered",1.8656899550793
95,21,"early","skewed","stacked",4,2,3,43,0.250046592808938,"underpowered",2.27011855014336
95,21,"early","skewed","stacked",5,3,1,42,0.10966929463663,"size",3.85783153777258
95,21,"early","skewed","stacked",6,4,1,41,0.128949557452567,"size",3.9093462321614
98,21,"late","equal","simple",17,15,3,41,0.333333333333333,"size",2.679138161615
98,21,"late","equal","simple",18,16,3,41,0.266666666666667,"size",2.70616807599005
98,21,"late","equal","simple",19,17,3,41,0.2,"size",2.73230013697994
98,21,"late","equal","simple",20,18,3,41,0.133333333333333,"size",2.75759614126629
98,21,"late","equal","simple",21,19,3,41,0.0666666666666667,"size",2.78211249124735
98,21,"late","equal","group",17,15,3,41,0.2,"size",2.679138161615
98,21,"late","equal","group",18,16,3,41,0.2,"size",2.70616807599005
98,21,"late","equal","group",19,17,3,41,0.2,"size",2.73230013697994
98,21,"late","equal","group",20,18,3,41,0.2,"size",2.75759614126629
98,21,"late","equal","group",21,19,3,41,0.2,"size",2.78211249124735
98,21,"late","equal","dynamic",17,15,3,41,0.456666666666667,"size",2.679138161615
98,21,"late","equal","dynamic",18,16,3,41,0.256666666666667,"size",2.70616807599005
98,21,"late","equal","dynamic",19,17,3,41,0.156666666666667,"size",2.73230013697994
98,21,"late","equal","dynamic",20,18,3,41,0.09,"size",2.75759614126629
98,21,"late","equal","dynamic",21,19,3,41,0.04,"size",2.78211249124735
98,21,"late","equal","calendar",17,15,3,41,0.456666666666667,"size",2.679138161615
98,21,"late","equal","calendar",18,16,3,41,0.256666666666667,"size",2.70616807599005
98,21,"late","equal","calendar",19,17,3,41,0.156666666666667,"size",2.73230013697994
98,21,"late","equal","calendar",20,18,3,41,0.09,"size",2.75759614126629
98,21,"late","equal","calendar",21,19,3,41,0.04,"size",2.78211249124735
98,21,"late","equal","stacked",17,15,3,53,0.309244828792783,"size",2.65837827629181
98,21,"late","equal","stacked",18,16,3,50,0.262015910475907,"size",2.68951077922245
98,21,"late","equal","stacked",19,17,3,47,0.207322401069154,"size",2.72038309388037
98,21,"late","equal","stacked",20,18,3,44,0.145299135937002,"size",2.75117897283436
98,21,"late","equal","stacked",21,19,3,41,0.0761177237251533,"size",2.78211249124735
101,21,"late","skewed","simple",17,15,8,41,0.555555555555556,"size",1.7313403319773
101,21,"late","skewed","simple",18,16,5,41,0.277777777777778,"size",2.14330002614921
101,21,"late","skewed","simple",19,17,3,41,0.125,"size",2.73230013697994
101,21,"late","skewed","simple",20,18,1,41,0.0277777777777778,"size",4.66648202189432
101,21,"late","skewed","simple",21,19,1,41,0.0138888888888889,"size",4.70796928129284
101,21,"late","skewed","group",17,15,8,41,0.444444444444444,"size",1.7313403319773
101,21,"late","skewed","group",18,16,5,41,0.277777777777778,"size",2.14330002614921
101,21,"late","skewed","group",19,17,3,41,0.166666666666667,"size",2.73230013697994
101,21,"late","skewed","group",20,18,1,41,0.0555555555555556,"size",4.66648202189432
101,21,"late","skewed","group",21,19,1,41,0.0555555555555556,"size",4.70796928129284
101,21,"late","skewed","dynamic",17,15,8,41,0.606083459024636,"size",1.7313403319773
101,21,"late","skewed","dynamic",18,16,5,41,0.253802161890397,"size",2.14330002614921
101,21,"late","skewed","dynamic",19,17,3,41,0.106127450980392,"size",2.73230013697994
101,21,"late","skewed","dynamic",20,18,1,41,0.0228758169934641,"size",4.66648202189432
101,21,"late","skewed","dynamic",21,19,1,41,0.0111111111111111,"size",4.70796928129284
101,21,"late","skewed","calendar",17,15,8,41,0.606083459024635,"size",1.7313403319773
101,21,"late","skewed","calendar",18,16,5,41,0.253802161890397,"size",2.14330002614921
101,21,"late","skewed","calendar",19,17,3,41,0.106127450980392,"size",2.73230013697994
101,21,"late","skewed","calendar",20,18,1,41,0.0228758169934641,"size",4.66648202189432
101,21,"late","skewed","calendar",21,19,1,41,0.0111111111111111,"size",4.70796928129284
101,21,"late","skewed","stacked",17,15,8,51,0.518015063059898,"size",1.70340238999183
101,21,"late","skewed","stacked",18,16,5,46,0.287151323763187,"size",2.13060113474008
101,21,"late","skewed","stacked",19,17,3,43,0.141797929206122,"size",2.72796429695064
101,21,"late","skewed","stacked",20,18,1,42,0.0347543108740682,"size",4.66515913539803
101,21,"late","skewed","stacked",21,19,1,41,0.0182813730967246,"size",4.70796928129284
104,21,"spread","equal","simple",2,0,3,41,0.384615384615385,"no_pre",NA
104,21,"spread","equal","simple",7,5,3,41,0.288461538461538,"size",2.34659003076844
104,21,"spread","equal","simple",12,10,3,41,0.192307692307692,"size",2.52800531572859
104,21,"spread","equal","simple",16,14,3,41,0.115384615384615,"size",2.65114301757091
104,21,"spread","equal","simple",21,19,3,41,0.0192307692307692,"size",2.78211249124735
104,21,"spread","equal","group",2,0,3,41,0.2,"no_pre",NA
104,21,"spread","equal","group",7,5,3,41,0.2,"size",2.34659003076844
104,21,"spread","equal","group",12,10,3,41,0.2,"size",2.52800531572859
104,21,"spread","equal","group",16,14,3,41,0.2,"size",2.65114301757091
104,21,"spread","equal","group",21,19,3,41,0.2,"size",2.78211249124735
104,21,"spread","equal","dynamic",2,0,3,41,0.514166666666667,"no_pre",NA
104,21,"spread","equal","dynamic",7,5,3,41,0.264166666666667,"size",2.34659003076844
104,21,"spread","equal","dynamic",12,10,3,41,0.139166666666667,"size",2.52800531572859
104,21,"spread","equal","dynamic",16,14,3,41,0.0725,"size",2.65114301757091
104,21,"spread","equal","dynamic",21,19,3,41,0.01,"size",2.78211249124735
104,21,"spread","equal","calendar",2,0,3,41,0.514166666666667,"no_pre",NA
104,21,"spread","equal","calendar",7,5,3,41,0.264166666666667,"size",2.34659003076844
104,21,"spread","equal","calendar",12,10,3,41,0.139166666666667,"size",2.52800531572859
104,21,"spread","equal","calendar",16,14,3,41,0.0725,"size",2.65114301757091
104,21,"spread","equal","calendar",21,19,3,41,0.01,"size",2.78211249124735
104,21,"spread","equal","stacked",2,0,3,53,0.0610351168283398,"no_pre",NA
104,21,"spread","equal","stacked",7,5,3,50,0.273778024933101,"size",2.33214604745447
104,21,"spread","equal","stacked",12,10,3,47,0.33341296271964,"size",2.51697931316916
104,21,"spread","equal","stacked",16,14,3,44,0.271681001763401,"size",2.64497357490804
104,21,"spread","equal","stacked",21,19,3,41,0.0600928937555181,"size",2.78211249124735
107,21,"spread","skewed","simple",2,0,8,41,0.588235294117647,"no_pre",NA
107,21,"spread","skewed","simple",7,5,5,41,0.275735294117647,"underpowered",1.85851223319433
107,21,"spread","skewed","simple",12,10,3,41,0.110294117647059,"size",2.52800531572859
107,21,"spread","skewed","simple",16,14,1,41,0.0220588235294118,"size",4.48633904139578
107,21,"spread","skewed","simple",21,19,1,41,0.00367647058823529,"size",4.70796928129284
107,21,"spread","skewed","group",2,0,8,41,0.444444444444444,"no_pre",NA
107,21,"spread","skewed","group",7,5,5,41,0.277777777777778,"underpowered",1.85851223319433
107,21,"spread","skewed","group",12,10,3,41,0.166666666666667,"size",2.52800531572859
107,21,"spread","skewed","group",16,14,1,41,0.0555555555555556,"size",4.48633904139578
107,21,"spread","skewed","group",21,19,1,41,0.0555555555555556,"size",4.70796928129284
107,21,"spread","skewed","dynamic",2,0,8,41,0.643715434891905,"no_pre",NA
107,21,"spread","skewed","dynamic",7,5,5,41,0.246072146807441,"underpowered",1.85851223319433
107,21,"spread","skewed","dynamic",12,10,3,41,0.0899509803921569,"size",2.52800531572859
107,21,"spread","skewed","dynamic",16,14,1,41,0.017483660130719,"size",4.48633904139578
107,21,"spread","skewed","dynamic",21,19,1,41,0.00277777777777778,"size",4.70796928129284
107,21,"spread","skewed","calendar",2,0,8,41,0.643715434891906,"no_pre",NA
107,21,"spread","skewed","calendar",7,5,5,41,0.246072146807441,"underpowered",1.85851223319433
107,21,"spread","skewed","calendar",12,10,3,41,0.0899509803921569,"size",2.52800531572859
107,21,"spread","skewed","calendar",16,14,1,41,0.017483660130719,"size",4.48633904139578
107,21,"spread","skewed","calendar",21,19,1,41,0.00277777777777778,"size",4.70796928129284
107,21,"spread","skewed","stacked",2,0,8,51,0.144053318527714,"no_pre",NA
107,21,"spread","skewed","stacked",7,5,5,46,0.422751628983799,"underpowered",1.84750068803316
107,21,"spread","skewed","stacked",12,10,3,43,0.321299229551865,"size",2.52399366763259
107,21,"spread","skewed","stacked",16,14,1,42,0.0915605651449239,"size",4.48506722307359
107,21,"spread","skewed","stacked",21,19,1,41,0.0203352577916983,"size",4.70796928129284
110,21,"early","equal","simple",2,0,3,41,0.151515151515152,"no_pre",NA
110,21,"early","equal","simple",3,1,3,41,0.143939393939394,"underpowered",2.36969300063141
110,21,"early","equal","simple",4,2,3,41,0.136363636363636,"underpowered",2.27372668786422
110,21,"early","equal","simple",5,3,3,41,0.128787878787879,"underpowered",2.28038123747935
110,21,"early","equal","simple",6,4,3,41,0.121212121212121,"size",2.31017671001462
110,21,"early","equal","simple",7,5,3,41,0.113636363636364,"size",2.34659003076844
110,21,"early","equal","simple",8,6,3,41,0.106060606060606,"size",2.38453694208205
110,21,"early","equal","simple",9,7,3,41,0.0984848484848485,"size",2.42216472544088
110,21,"early","equal","group",2,0,3,41,0.125,"no_pre",NA
110,21,"early","equal","group",3,1,3,41,0.125,"underpowered",2.36969300063141
110,21,"early","equal","group",4,2,3,41,0.125,"underpowered",2.27372668786422
110,21,"early","equal","group",5,3,3,41,0.125,"underpowered",2.28038123747935
110,21,"early","equal","group",6,4,3,41,0.125,"size",2.31017671001462
110,21,"early","equal","group",7,5,3,41,0.125,"size",2.34659003076844
110,21,"early","equal","group",8,6,3,41,0.125,"size",2.38453694208205
110,21,"early","equal","group",9,7,3,41,0.125,"size",2.42216472544088
110,21,"early","equal","dynamic",2,0,3,41,0.210892857142857,"no_pre",NA
110,21,"early","equal","dynamic",3,1,3,41,0.160892857142857,"underpowered",2.36969300063141
110,21,"early","equal","dynamic",4,2,3,41,0.135892857142857,"underpowered",2.27372668786422
110,21,"early","equal","dynamic",5,3,3,41,0.11922619047619,"underpowered",2.28038123747935
110,21,"early","equal","dynamic",6,4,3,41,0.10672619047619,"size",2.31017671001462
110,21,"early","equal","dynamic",7,5,3,41,0.0967261904761905,"size",2.34659003076844
110,21,"early","equal","dynamic",8,6,3,41,0.0883928571428571,"size",2.38453694208205
110,21,"early","equal","dynamic",9,7,3,41,0.08125,"size",2.42216472544088
110,21,"early","equal","calendar",2,0,3,41,0.210892857142857,"no_pre",NA
110,21,"early","equal","calendar",3,1,3,41,0.160892857142857,"underpowered",2.36969300063141
110,21,"early","equal","calendar",4,2,3,41,0.135892857142857,"underpowered",2.27372668786422
110,21,"early","equal","calendar",5,3,3,41,0.11922619047619,"underpowered",2.28038123747935
110,21,"early","equal","calendar",6,4,3,41,0.10672619047619,"size",2.31017671001462
110,21,"early","equal","calendar",7,5,3,41,0.0967261904761905,"size",2.34659003076844
110,21,"early","equal","calendar",8,6,3,41,0.0883928571428571,"size",2.38453694208205
110,21,"early","equal","calendar",9,7,3,41,0.08125,"size",2.42216472544088
110,21,"early","equal","stacked",2,0,3,62,0.0367163946464658,"no_pre",NA
110,21,"early","equal","stacked",3,1,3,59,0.069597817271455,"underpowered",2.34491721410307
110,21,"early","equal","stacked",4,2,3,56,0.0986464534131945,"underpowered",2.25286849532642
110,21,"early","equal","stacked",5,3,3,53,0.123864956939532,"underpowered",2.26271120699661
110,21,"early","equal","stacked",6,4,3,50,0.145256582594052,"size",2.2959568618885
110,21,"early","equal","stacked",7,5,3,47,0.162825366258803,"size",2.33635527867982
110,21,"early","equal","stacked",8,6,3,44,0.176576374253799,"size",2.37898791517397
110,21,"early","equal","stacked",9,7,3,41,0.186516054622699,"size",2.42216472544088
113,21,"early","skewed","simple",2,0,8,41,0.416666666666667,"no_pre",NA
113,21,"early","skewed","simple",3,1,5,41,0.247395833333333,"underpowered",1.87680991261445
113,21,"early","skewed","simple",4,2,3,41,0.140625,"underpowered",2.27372668786422
113,21,"early","skewed","simple",5,3,1,41,0.0442708333333333,"size",3.8589254925763
113,21,"early","skewed","simple",6,4,1,41,0.0416666666666667,"size",3.9093462321614
113,21,"early","skewed","simple",7,5,1,41,0.0390625,"size",3.97096588128709
113,21,"early","skewed","simple",8,6,1,41,0.0364583333333333,"size",4.03518071564281
113,21,"early","skewed","simple",9,7,1,41,0.0338541666666667,"size",4.09885551266624
113,21,"early","skewed","group",2,0,8,41,0.380952380952381,"no_pre",NA
113,21,"early","skewed","group",3,1,5,41,0.238095238095238,"underpowered",1.87680991261445
113,21,"early","skewed","group",4,2,3,41,0.142857142857143,"underpowered",2.27372668786422
113,21,"early","skewed","group",5,3,1,41,0.0476190476190476,"size",3.8589254925763
113,21,"early","skewed","group",6,4,1,41,0.0476190476190476,"size",3.9093462321614
113,21,"early","skewed","group",7,5,1,41,0.0476190476190476,"size",3.97096588128709
113,21,"early","skewed","group",8,6,1,41,0.0476190476190476,"size",4.03518071564281
113,21,"early","skewed","group",9,7,1,41,0.0476190476190476,"size",4.09885551266624
113,21,"early","skewed","dynamic",2,0,8,41,0.440192543954154,"no_pre",NA
113,21,"early","skewed","dynamic",3,1,5,41,0.243870339971346,"underpowered",1.87680991261445
113,21,"early","skewed","dynamic",4,2,3,41,0.134783742444346,"underpowered",2.27372668786422
113,21,"early","skewed","dynamic",5,3,1,41,0.0418029141481154,"size",3.8589254925763
113,21,"early","skewed","dynamic",6,4,1,41,0.0388617376775272,"size",3.9093462321614
113,21,"early","skewed","dynamic",7,5,1,41,0.0360839598997494,"size",3.97096588128709
113,21,"early","skewed","dynamic",8,6,1,41,0.033452380952381,"size",4.03518071564281
113,21,"early","skewed","dynamic",9,7,1,41,0.030952380952381,"size",4.09885551266624
113,21,"early","skewed","calendar",2,0,8,41,0.440192543954154,"no_pre",NA
113,21,"early","skewed","calendar",3,1,5,41,0.243870339971346,"underpowered",1.87680991261445
113,21,"early","skewed","calendar",4,2,3,41,0.134783742444346,"underpowered",2.27372668786422
113,21,"early","skewed","calendar",5,3,1,41,0.0418029141481154,"size",3.8589254925763
113,21,"early","skewed","calendar",6,4,1,41,0.0388617376775272,"size",3.9093462321614
113,21,"early","skewed","calendar",7,5,1,41,0.0360839598997494,"size",3.97096588128709
113,21,"early","skewed","calendar",8,6,1,41,0.0334523809523809,"size",4.03518071564281
113,21,"early","skewed","calendar",9,7,1,41,0.0309523809523809,"size",4.09885551266624
113,21,"early","skewed","stacked",2,0,8,54,0.155915021328648,"no_pre",NA
113,21,"early","skewed","stacked",3,1,5,49,0.192895380254034,"underpowered",1.86008221785285
113,21,"early","skewed","stacked",4,2,3,46,0.170154199296928,"underpowered",2.26528564887171
113,21,"early","skewed","stacked",5,3,1,45,0.0744268263045268,"size",3.85483981065508
113,21,"early","skewed","stacked",6,4,1,44,0.0875177321367391,"size",3.90617177265929
113,21,"early","skewed","stacked",7,5,1,43,0.098406592533659,"size",3.96876650926499
113,21,"early","skewed","stacked",8,6,1,42,0.10709589288033,"size",4.03403679479328
113,21,"early","skewed","stacked",9,7,1,41,0.113588355265135,"size",4.09885551266624
116,21,"late","equal","simple",14,12,3,41,0.222222222222222,"size",2.59196150606875
116,21,"late","equal","simple",15,13,3,41,0.194444444444444,"size",2.62210987434795
116,21,"late","equal","simple",16,14,3,41,0.166666666666667,"size",2.65114301757091
116,21,"late","equal","simple",17,15,3,41,0.138888888888889,"size",2.679138161615
116,21,"late","equal","simple",18,16,3,41,0.111111111111111,"size",2.70616807599005
116,21,"late","equal","simple",19,17,3,41,0.0833333333333333,"size",2.73230013697994
116,21,"late","equal","simple",20,18,3,41,0.0555555555555556,"size",2.75759614126629
116,21,"late","equal","simple",21,19,3,41,0.0277777777777778,"size",2.78211249124735
116,21,"late","equal","group",14,12,3,41,0.125,"size",2.59196150606875
116,21,"late","equal","group",15,13,3,41,0.125,"size",2.62210987434795
116,21,"late","equal","group",16,14,3,41,0.125,"size",2.65114301757091
116,21,"late","equal","group",17,15,3,41,0.125,"size",2.679138161615
116,21,"late","equal","group",18,16,3,41,0.125,"size",2.70616807599005
116,21,"late","equal","group",19,17,3,41,0.125,"size",2.73230013697994
116,21,"late","equal","group",20,18,3,41,0.125,"size",2.75759614126629
116,21,"late","equal","group",21,19,3,41,0.125,"size",2.78211249124735
116,21,"late","equal","dynamic",14,12,3,41,0.339732142857143,"size",2.59196150606875
116,21,"late","equal","dynamic",15,13,3,41,0.214732142857143,"size",2.62210987434795
116,21,"late","equal","dynamic",16,14,3,41,0.152232142857143,"size",2.65114301757091
116,21,"late","equal","dynamic",17,15,3,41,0.110565476190476,"size",2.679138161615
116,21,"late","equal","dynamic",18,16,3,41,0.0793154761904762,"size",2.70616807599005
116,21,"late","equal","dynamic",19,17,3,41,0.0543154761904762,"size",2.73230013697994
116,21,"late","equal","dynamic",20,18,3,41,0.0334821428571429,"size",2.75759614126629
116,21,"late","equal","dynamic",21,19,3,41,0.015625,"size",2.78211249124735
116,21,"late","equal","calendar",14,12,3,41,0.339732142857143,"size",2.59196150606875
116,21,"late","equal","calendar",15,13,3,41,0.214732142857143,"size",2.62210987434795
116,21,"late","equal","calendar",16,14,3,41,0.152232142857143,"size",2.65114301757091
116,21,"late","equal","calendar",17,15,3,41,0.110565476190476,"size",2.679138161615
116,21,"late","equal","calendar",18,16,3,41,0.0793154761904762,"size",2.70616807599005
116,21,"late","equal","calendar",19,17,3,41,0.0543154761904762,"size",2.73230013697994
116,21,"late","equal","calendar",20,18,3,41,0.0334821428571429,"size",2.75759614126629
116,21,"late","equal","calendar",21,19,3,41,0.015625,"size",2.78211249124735
116,21,"late","equal","stacked",14,12,3,62,0.189777332475272,"size",2.56185751236241
116,21,"late","equal","stacked",15,13,3,59,0.178409946730623,"size",2.59469500057173
116,21,"late","equal","stacked",16,14,3,56,0.163422251858148,"size",2.62682256964686
116,21,"late","equal","stacked",17,15,3,53,0.144847330374271,"size",2.65837827629181
116,21,"late","equal","stacked",18,16,3,50,0.122725755176492,"size",2.68951077922245
116,21,"late","equal","stacked",19,17,3,47,0.0971078366577097,"size",2.72038309388037
116,21,"late","equal","stacked",20,18,3,44,0.068056730417522,"size",2.75117897283436
116,21,"late","equal","stacked",21,19,3,41,0.0356528163099622,"size",2.78211249124735
119,21,"late","skewed","simple",14,12,8,41,0.484848484848485,"size",1.67500413330096
119,21,"late","skewed","simple",15,13,5,41,0.265151515151515,"size",2.07672546731969
119,21,"late","skewed","simple",16,14,3,41,0.136363636363636,"size",2.65114301757091
119,21,"late","skewed","simple",17,15,1,41,0.0378787878787879,"size",4.53371321429482
119,21,"late","skewed","simple",18,16,1,41,0.0303030303030303,"size",4.57945399830484
119,21,"late","skewed","simple",19,17,1,41,0.0227272727272727,"size",4.62367540947506
119,21,"late","skewed","simple",20,18,1,41,0.0151515151515152,"size",4.66648202189432
119,21,"late","skewed","simple",21,19,1,41,0.00757575757575758,"size",4.70796928129284
119,21,"late","skewed","group",14,12,8,41,0.380952380952381,"size",1.67500413330096
119,21,"late","skewed","group",15,13,5,41,0.238095238095238,"size",2.07672546731969
119,21,"late","skewed","group",16,14,3,41,0.142857142857143,"size",2.65114301757091
119,21,"late","skewed","group",17,15,1,41,0.0476190476190476,"size",4.53371321429482
119,21,"late","skewed","group",18,16,1,41,0.0476190476190476,"size",4.57945399830484
119,21,"late","skewed","group",19,17,1,41,0.0476190476190476,"size",4.62367540947506
119,21,"late","skewed","group",20,18,1,41,0.0476190476190476,"size",4.66648202189432
119,21,"late","skewed","group",21,19,1,41,0.0476190476190476,"size",4.70796928129284
119,21,"late","skewed","dynamic",14,12,8,41,0.529052788456813,"size",1.67500413330096
119,21,"late","skewed","dynamic",15,13,5,41,0.252532992785508,"size",2.07672546731969
119,21,"late","skewed","dynamic",16,14,3,41,0.122673641825151,"size",2.65114301757091
119,21,"late","skewed","dynamic",17,15,1,41,0.033078713941717,"size",4.53371321429482
119,21,"late","skewed","dynamic",18,16,1,41,0.0257257727652464,"size",4.57945399830484
119,21,"late","skewed","dynamic",19,17,1,41,0.018781328320802,"size",4.62367540947506
119,21,"late","skewed","dynamic",20,18,1,41,0.012202380952381,"size",4.66648202189432
119,21,"late","skewed","dynamic",21,19,1,41,0.00595238095238095,"size",4.70796928129284
119,21,"late","skewed","calendar",14,12,8,41,0.529052788456813,"size",1.67500413330096
119,21,"late","skewed","calendar",15,13,5,41,0.252532992785508,"size",2.07672546731969
119,21,"late","skewed","calendar",16,14,3,41,0.122673641825151,"size",2.65114301757091
119,21,"late","skewed","calendar",17,15,1,41,0.033078713941717,"size",4.53371321429482
119,21,"late","skewed","calendar",18,16,1,41,0.0257257727652465,"size",4.57945399830484
119,21,"late","skewed","calendar",19,17,1,41,0.018781328320802,"size",4.62367540947506
119,21,"late","skewed","calendar",20,18,1,41,0.012202380952381,"size",4.66648202189432
119,21,"late","skewed","calendar",21,19,1,41,0.00595238095238095,"size",4.70796928129284
119,21,"late","skewed","stacked",14,12,8,54,0.432132055044734,"size",1.64175646910641
119,21,"late","skewed","stacked",15,13,5,49,0.26514869048943,"size",2.05821595845175
119,21,"late","skewed","stacked",16,14,3,46,0.151152941153304,"size",2.6413008488945
119,21,"late","skewed","stacked",17,15,1,45,0.0466697801922616,"size",4.52891309308199
119,21,"late","skewed","stacked",18,16,1,44,0.0396497233791441,"size",4.57573539923581
119,21,"late","skewed","stacked",19,17,1,43,0.0314702813251,"size",4.62111452564002
119,21,"late","skewed","stacked",20,18,1,42,0.0221337763733532,"size",4.66515913539803
119,21,"late","skewed","stacked",21,19,1,41,0.0116427520426727,"size",4.70796928129284
122,21,"spread","equal","simple",2,0,3,41,0.238095238095238,"no_pre",NA
122,21,"spread","equal","simple",5,3,3,41,0.202380952380952,"underpowered",2.28038123747935
122,21,"spread","equal","simple",7,5,3,41,0.178571428571429,"size",2.34659003076844
122,21,"spread","equal","simple",10,8,3,41,0.142857142857143,"size",2.45875877832958
122,21,"spread","equal","simple",13,11,3,41,0.107142857142857,"size",2.56061864615632
122,21,"spread","equal","simple",16,14,3,41,0.0714285714285714,"size",2.65114301757091
122,21,"spread","equal","simple",18,16,3,41,0.0476190476190476,"size",2.70616807599005
122,21,"spread","equal","simple",21,19,3,41,0.0119047619047619,"size",2.78211249124735
122,21,"spread","equal","group",2,0,3,41,0.125,"no_pre",NA
122,21,"spread","equal","group",5,3,3,41,0.125,"underpowered",2.28038123747935
122,21,"spread","equal","group",7,5,3,41,0.125,"size",2.34659003076844
122,21,"spread","equal","group",10,8,3,41,0.125,"size",2.45875877832958
122,21,"spread","equal","group",13,11,3,41,0.125,"size",2.56061864615632
122,21,"spread","equal","group",16,14,3,41,0.125,"size",2.65114301757091
122,21,"spread","equal","group",18,16,3,41,0.125,"size",2.70616807599005
122,21,"spread","equal","group",21,19,3,41,0.125,"size",2.78211249124735
122,21,"spread","equal","dynamic",2,0,3,41,0.361845238095238,"no_pre",NA
122,21,"spread","equal","dynamic",5,3,3,41,0.211845238095238,"underpowered",2.28038123747935
122,21,"spread","equal","dynamic",7,5,3,41,0.161845238095238,"size",2.34659003076844
122,21,"spread","equal","dynamic",10,8,3,41,0.111845238095238,"size",2.45875877832958
122,21,"spread","equal","dynamic",13,11,3,41,0.0743452380952381,"size",2.56061864615632
122,21,"spread","equal","dynamic",16,14,3,41,0.0443452380952381,"size",2.65114301757091
122,21,"spread","equal","dynamic",18,16,3,41,0.0276785714285714,"size",2.70616807599005
122,21,"spread","equal","dynamic",21,19,3,41,0.00625,"size",2.78211249124735
122,21,"spread","equal","calendar",2,0,3,41,0.361845238095238,"no_pre",NA
122,21,"spread","equal","calendar",5,3,3,41,0.211845238095238,"underpowered",2.28038123747935
122,21,"spread","equal","calendar",7,5,3,41,0.161845238095238,"size",2.34659003076844
122,21,"spread","equal","calendar",10,8,3,41,0.111845238095238,"size",2.45875877832958
122,21,"spread","equal","calendar",13,11,3,41,0.0743452380952381,"size",2.56061864615632
122,21,"spread","equal","calendar",16,14,3,41,0.0443452380952381,"size",2.65114301757091
122,21,"spread","equal","calendar",18,16,3,41,0.0276785714285714,"size",2.70616807599005
122,21,"spread","equal","calendar",21,19,3,41,0.00625,"size",2.78211249124735
122,21,"spread","equal","stacked",2,0,3,62,0.0353140756655047,"no_pre",NA
122,21,"spread","equal","stacked",5,3,3,59,0.119786741051643,"underpowered",2.25653922978975
122,21,"spread","equal","stacked",7,5,3,56,0.158131372170849,"size",2.32506342120262
122,21,"spread","equal","stacked",10,8,3,53,0.189213061522288,"size",2.4397065506368
122,21,"spread","equal","stacked",13,11,3,50,0.188606825298116,"size",2.54485725089188
122,21,"spread","equal","stacked",16,14,3,47,0.156606533939202,"size",2.63957994469472
122,21,"spread","equal","stacked",18,16,3,44,0.117842852358053,"size",2.69987058518316
122,21,"spread","equal","stacked",21,19,3,41,0.0344985379943439,"size",2.78211249124735
125,21,"spread","skewed","simple",2,0,8,41,0.496894409937888,"no_pre",NA
125,21,"spread","skewed","simple",5,3,5,41,0.263975155279503,"underpowered",1.8060745041239
125,21,"spread","skewed","simple",7,5,3,41,0.139751552795031,"size",2.34659003076844
125,21,"spread","skewed","simple",10,8,1,41,0.0372670807453416,"size",4.16078100181162
125,21,"spread","skewed","simple",13,11,1,41,0.0279503105590062,"size",4.33315114508712
125,21,"spread","skewed","simple",16,14,1,41,0.0186335403726708,"size",4.48633904139578
125,21,"spread","skewed","simple",18,16,1,41,0.0124223602484472,"size",4.57945399830484
125,21,"spread","skewed","simple",21,19,1,41,0.0031055900621118,"size",4.70796928129284
125,21,"spread","skewed","group",2,0,8,41,0.380952380952381,"no_pre",NA
125,21,"spread","skewed","group",5,3,5,41,0.238095238095238,"underpowered",1.8060745041239
125,21,"spread","skewed","group",7,5,3,41,0.142857142857143,"size",2.34659003076844
125,21,"spread","skewed","group",10,8,1,41,0.0476190476190476,"size",4.16078100181162
125,21,"spread","skewed","group",13,11,1,41,0.0476190476190476,"size",4.33315114508712
125,21,"spread","skewed","group",16,14,1,41,0.0476190476190476,"size",4.48633904139578
125,21,"spread","skewed","group",18,16,1,41,0.0476190476190476,"size",4.57945399830484
125,21,"spread","skewed","group",21,19,1,41,0.0476190476190476,"size",4.70796928129284
125,21,"spread","skewed","dynamic",2,0,8,41,0.54494624570476,"no_pre",NA
125,21,"spread","skewed","dynamic",5,3,5,41,0.246841403565475,"underpowered",1.8060745041239
125,21,"spread","skewed","dynamic",7,5,3,41,0.125027919062362,"size",2.34659003076844
125,21,"spread","skewed","dynamic",10,8,1,41,0.0323009730207873,"size",4.16078100181162
125,21,"spread","skewed","dynamic",13,11,1,41,0.0234774436090226,"size",4.33315114508712
125,21,"spread","skewed","dynamic",16,14,1,41,0.0151441102756892,"size",4.48633904139578
125,21,"spread","skewed","dynamic",18,16,1,41,0.00988095238095238,"size",4.57945399830484
125,21,"spread","skewed","dynamic",21,19,1,41,0.00238095238095238,"size",4.70796928129284
125,21,"spread","skewed","calendar",2,0,8,41,0.54494624570476,"no_pre",NA
125,21,"spread","skewed","calendar",5,3,5,41,0.246841403565475,"underpowered",1.8060745041239
125,21,"spread","skewed","calendar",7,5,3,41,0.125027919062362,"size",2.34659003076844
125,21,"spread","skewed","calendar",10,8,1,41,0.0323009730207873,"size",4.16078100181162
125,21,"spread","skewed","calendar",13,11,1,41,0.0234774436090226,"size",4.33315114508712
125,21,"spread","skewed","calendar",16,14,1,41,0.0151441102756892,"size",4.48633904139578
125,21,"spread","skewed","calendar",18,16,1,41,0.00988095238095238,"size",4.57945399830484
125,21,"spread","skewed","calendar",21,19,1,41,0.00238095238095238,"size",4.70796928129284
125,21,"spread","skewed","stacked",2,0,8,54,0.128261279687385,"no_pre",NA
125,21,"spread","skewed","stacked",5,3,5,49,0.283958421242056,"underpowered",1.78997726229954
125,21,"spread","skewed","stacked",7,5,3,46,0.233291562288534,"size",2.33787849210601
125,21,"spread","skewed","stacked",10,8,1,45,0.0972415680238597,"size",4.15637572688471
125,21,"spread","skewed","stacked",13,11,1,44,0.0971935474964405,"size",4.32963254836794
125,21,"spread","skewed","stacked",16,14,1,43,0.0809527868481459,"size",4.4838542231263
125,21,"spread","skewed","stacked",18,16,1,42,0.0611312481610805,"size",4.57815578311269
125,21,"spread","skewed","stacked",21,19,1,41,0.0179695862524985,"size",4.70796928129284
128,21,"early","equal","simple",2,0,3,41,0.121212121212121,"no_pre",NA
128,21,"early","equal","simple",3,1,3,41,0.115151515151515,"underpowered",2.36969300063141
128,21,"early","equal","simple",4,2,3,41,0.109090909090909,"underpowered",2.27372668786422
128,21,"early","equal","simple",5,3,3,41,0.103030303030303,"underpowered",2.28038123747935
128,21,"early","equal","simple",6,4,3,41,0.096969696969697,"size",2.31017671001462
128,21,"early","equal","simple",7,5,3,41,0.0909090909090909,"size",2.34659003076844
128,21,"early","equal","simple",8,6,3,41,0.0848484848484849,"size",2.38453694208205
128,21,"early","equal","simple",9,7,3,41,0.0787878787878788,"size",2.42216472544088
128,21,"early","equal","simple",10,8,3,41,0.0727272727272727,"size",2.45875877832958
128,21,"early","equal","simple",11,9,3,41,0.0666666666666667,"size",2.49405998459531
128,21,"early","equal","simple",12,10,3,41,0.0606060606060606,"size",2.52800531572859
128,21,"early","equal","group",2,0,3,41,0.0909090909090909,"no_pre",NA
128,21,"early","equal","group",3,1,3,41,0.0909090909090909,"underpowered",2.36969300063141
128,21,"early","equal","group",4,2,3,41,0.0909090909090909,"underpowered",2.27372668786422
128,21,"early","equal","group",5,3,3,41,0.0909090909090909,"underpowered",2.28038123747935
128,21,"early","equal","group",6,4,3,41,0.0909090909090909,"size",2.31017671001462
128,21,"early","equal","group",7,5,3,41,0.0909090909090909,"size",2.34659003076844
128,21,"early","equal","group",8,6,3,41,0.0909090909090909,"size",2.38453694208205
128,21,"early","equal","group",9,7,3,41,0.0909090909090909,"size",2.42216472544088
128,21,"early","equal","group",10,8,3,41,0.0909090909090909,"size",2.45875877832958
128,21,"early","equal","group",11,9,3,41,0.0909090909090909,"size",2.49405998459531
128,21,"early","equal","group",12,10,3,41,0.0909090909090909,"size",2.52800531572859
128,21,"early","equal","dynamic",2,0,3,41,0.191902958152958,"no_pre",NA
128,21,"early","equal","dynamic",3,1,3,41,0.141902958152958,"underpowered",2.36969300063141
128,21,"early","equal","dynamic",4,2,3,41,0.116902958152958,"underpowered",2.27372668786422
128,21,"early","equal","dynamic",5,3,3,41,0.100236291486291,"underpowered",2.28038123747935
128,21,"early","equal","dynamic",6,4,3,41,0.0877362914862915,"size",2.31017671001462
128,21,"early","equal","dynamic",7,5,3,41,0.0777362914862915,"size",2.34659003076844
128,21,"early","equal","dynamic",8,6,3,41,0.0694029581529581,"size",2.38453694208205
128,21,"early","equal","dynamic",9,7,3,41,0.062260101010101,"size",2.42216472544088
128,21,"early","equal","dynamic",10,8,3,41,0.056010101010101,"size",2.45875877832958
128,21,"early","equal","dynamic",11,9,3,41,0.0504545454545454,"size",2.49405998459531
128,21,"early","equal","dynamic",12,10,3,41,0.0454545454545455,"size",2.52800531572859
128,21,"early","equal","calendar",2,0,3,41,0.191902958152958,"no_pre",NA
128,21,"early","equal","calendar",3,1,3,41,0.141902958152958,"underpowered",2.36969300063141
128,21,"early","equal","calendar",4,2,3,41,0.116902958152958,"underpowered",2.27372668786422
128,21,"early","equal","calendar",5,3,3,41,0.100236291486291,"underpowered",2.28038123747935
128,21,"early","equal","calendar",6,4,3,41,0.0877362914862915,"size",2.31017671001462
128,21,"early","equal","calendar",7,5,3,41,0.0777362914862915,"size",2.34659003076844
128,21,"early","equal","calendar",8,6,3,41,0.0694029581529581,"size",2.38453694208205
128,21,"early","equal","calendar",9,7,3,41,0.062260101010101,"size",2.42216472544088
128,21,"early","equal","calendar",10,8,3,41,0.056010101010101,"size",2.45875877832958
128,21,"early","equal","calendar",11,9,3,41,0.0504545454545455,"size",2.49405998459531
128,21,"early","equal","calendar",12,10,3,41,0.0454545454545455,"size",2.52800531572859
128,21,"early","equal","stacked",2,0,3,71,0.0230784245359184,"no_pre",NA
128,21,"early","equal","stacked",3,1,3,68,0.0437707203537015,"underpowered",2.33739652421101
128,21,"early","equal","stacked",4,2,3,65,0.0620794323628776,"underpowered",2.24492392028357
128,21,"early","equal","stacked",5,3,3,62,0.0780075753024266,"underpowered",2.25389605154568
128,21,"early","equal","stacked",6,4,3,59,0.0915587474091957,"size",2.28602318253455
128,21,"early","equal","stacked",7,5,3,56,0.102737278764814,"size",2.32506342120262
128,21,"early","equal","stacked",8,6,3,53,0.111548427325547,"size",2.36605983844635
128,21,"early","equal","stacked",9,7,3,50,0.117998641528321,"size",2.40725555663882
128,21,"early","equal","stacked",10,8,3,47,0.122095917434927,"size",2.4480347974842
128,21,"early","equal","stacked",11,9,3,44,0.123850292654848,"size",2.48825608794743
128,21,"early","equal","stacked",12,10,3,41,0.123274542327423,"size",2.52800531572859
131,21,"early","skewed","simple",2,0,8,41,0.383693045563549,"no_pre",NA
131,21,"early","skewed","simple",3,1,5,41,0.227817745803357,"underpowered",1.87680991261445
131,21,"early","skewed","simple",4,2,3,41,0.129496402877698,"underpowered",2.27372668786422
131,21,"early","skewed","simple",5,3,1,41,0.0407673860911271,"size",3.8589254925763
131,21,"early","skewed","simple",6,4,1,41,0.0383693045563549,"size",3.9093462321614
131,21,"early","skewed","simple",7,5,1,41,0.0359712230215827,"size",3.97096588128709
131,21,"early","skewed","simple",8,6,1,41,0.0335731414868106,"size",4.03518071564281
131,21,"early","skewed","simple",9,7,1,41,0.0311750599520384,"size",4.09885551266624
131,21,"early","skewed","simple",10,8,1,41,0.0287769784172662,"size",4.16078100181162
131,21,"early","skewed","simple",11,9,1,41,0.026378896882494,"size",4.22051869941174
131,21,"early","skewed","simple",12,10,1,41,0.0239808153477218,"size",4.2779619468439
131,21,"early","skewed","group",2,0,8,41,0.333333333333333,"no_pre",NA
131,21,"early","skewed","group",3,1,5,41,0.208333333333333,"underpowered",1.87680991261445
131,21,"early","skewed","group",4,2,3,41,0.125,"underpowered",2.27372668786422
131,21,"early","skewed","group",5,3,1,41,0.0416666666666667,"size",3.8589254925763
131,21,"early","skewed","group",6,4,1,41,0.0416666666666667,"size",3.9093462321614
131,21,"early","skewed","group",7,5,1,41,0.0416666666666667,"size",3.97096588128709
131,21,"early","skewed","group",8,6,1,41,0.0416666666666667,"size",4.03518071564281
131,21,"early","skewed","group",9,7,1,41,0.0416666666666667,"size",4.09885551266624
131,21,"early","skewed","group",10,8,1,41,0.0416666666666667,"size",4.16078100181162
131,21,"early","skewed","group",11,9,1,41,0.0416666666666667,"size",4.22051869941174
131,21,"early","skewed","group",12,10,1,41,0.0416666666666667,"size",4.2779619468439
131,21,"early","skewed","dynamic",2,0,8,41,0.413860904579036,"no_pre",NA
131,21,"early","skewed","dynamic",3,1,5,41,0.227413065361898,"underpowered",1.87680991261445
131,21,"early","skewed","dynamic",4,2,3,41,0.124909377678677,"underpowered",2.27372668786422
131,21,"early","skewed","dynamic",5,3,1,41,0.0385114592262257,"size",3.8589254925763
131,21,"early","skewed","dynamic",6,4,1,41,0.0355702827556375,"size",3.9093462321614
131,21,"early","skewed","dynamic",7,5,1,41,0.0327925049778597,"size",3.97096588128709
131,21,"early","skewed","dynamic",8,6,1,41,0.0301609260304913,"size",4.03518071564281
131,21,"early","skewed","dynamic",9,7,1,41,0.0276609260304913,"size",4.09885551266624
131,21,"early","skewed","dynamic",10,8,1,41,0.0252799736495389,"size",4.16078100181162
131,21,"early","skewed","dynamic",11,9,1,41,0.0230072463768116,"size",4.22051869941174
131,21,"early","skewed","dynamic",12,10,1,41,0.0208333333333333,"size",4.2779619468439
131,21,"early","skewed","calendar",2,0,8,41,0.413860904579036,"no_pre",NA
131,21,"early","skewed","calendar",3,1,5,41,0.227413065361898,"underpowered",1.87680991261445
131,21,"early","skewed","calendar",4,2,3,41,0.124909377678677,"underpowered",2.27372668786422
131,21,"early","skewed","calendar",5,3,1,41,0.0385114592262257,"size",3.8589254925763
131,21,"early","skewed","calendar",6,4,1,41,0.0355702827556374,"size",3.9093462321614
131,21,"early","skewed","calendar",7,5,1,41,0.0327925049778597,"size",3.97096588128709
131,21,"early","skewed","calendar",8,6,1,41,0.0301609260304912,"size",4.03518071564281
131,21,"early","skewed","calendar",9,7,1,41,0.0276609260304913,"size",4.09885551266624
131,21,"early","skewed","calendar",10,8,1,41,0.0252799736495389,"size",4.16078100181162
131,21,"early","skewed","calendar",11,9,1,41,0.0230072463768116,"size",4.22051869941174
131,21,"early","skewed","calendar",12,10,1,41,0.0208333333333333,"size",4.2779619468439
131,21,"early","skewed","stacked",2,0,8,57,0.115265910653254,"no_pre",NA
131,21,"early","skewed","stacked",3,1,5,52,0.14239721418421,"underpowered",1.85510739691512
131,21,"early","skewed","stacked",4,2,3,49,0.125408552462381,"underpowered",2.26103602119185
131,21,"early","skewed","stacked",5,3,1,48,0.0547234506001486,"size",3.85222014347474
131,21,"early","skewed","stacked",6,4,1,47,0.0643525871794027,"size",3.90340045498325
131,21,"early","skewed","stacked",7,5,1,46,0.072363887077246,"size",3.96582413902788
131,21,"early","skewed","stacked",8,6,1,45,0.0787589943000461,"size",4.03090842146909
131,21,"early","skewed","stacked",9,7,1,44,0.0835396989880701,"size",4.09552716821751
131,21,"early","skewed","stacked",10,8,1,43,0.0867079540216092,"size",4.15847649817219
131,21,"early","skewed","stacked",11,9,1,42,0.0882658939442377,"size",4.21932223767277
131,21,"early","skewed","stacked",12,10,1,41,0.088215856589394,"size",4.2779619468439
134,21,"late","equal","simple",11,9,3,41,0.166666666666667,"size",2.49405998459531
134,21,"late","equal","simple",12,10,3,41,0.151515151515152,"size",2.52800531572859
134,21,"late","equal","simple",13,11,3,41,0.136363636363636,"size",2.56061864615632
134,21,"late","equal","simple",14,12,3,41,0.121212121212121,"size",2.59196150606875
134,21,"late","equal","simple",15,13,3,41,0.106060606060606,"size",2.62210987434795
134,21,"late","equal","simple",16,14,3,41,0.0909090909090909,"size",2.65114301757091
134,21,"late","equal","simple",17,15,3,41,0.0757575757575758,"size",2.679138161615
134,21,"late","equal","simple",18,16,3,41,0.0606060606060606,"size",2.70616807599005
134,21,"late","equal","simple",19,17,3,41,0.0454545454545455,"size",2.73230013697994
134,21,"late","equal","simple",20,18,3,41,0.0303030303030303,"size",2.75759614126629
134,21,"late","equal","simple",21,19,3,41,0.0151515151515152,"size",2.78211249124735
134,21,"late","equal","group",11,9,3,41,0.0909090909090909,"size",2.49405998459531
134,21,"late","equal","group",12,10,3,41,0.0909090909090909,"size",2.52800531572859
134,21,"late","equal","group",13,11,3,41,0.0909090909090909,"size",2.56061864615632
134,21,"late","equal","group",14,12,3,41,0.0909090909090909,"size",2.59196150606875
134,21,"late","equal","group",15,13,3,41,0.0909090909090909,"size",2.62210987434795
134,21,"late","equal","group",16,14,3,41,0.0909090909090909,"size",2.65114301757091
134,21,"late","equal","group",17,15,3,41,0.0909090909090909,"size",2.679138161615
134,21,"late","equal","group",18,16,3,41,0.0909090909090909,"size",2.70616807599005
134,21,"late","equal","group",19,17,3,41,0.0909090909090909,"size",2.73230013697994
134,21,"late","equal","group",20,18,3,41,0.0909090909090909,"size",2.75759614126629
134,21,"late","equal","group",21,19,3,41,0.0909090909090909,"size",2.78211249124735
134,21,"late","equal","dynamic",11,9,3,41,0.274534304079759,"size",2.49405998459531
134,21,"late","equal","dynamic",12,10,3,41,0.183625213170668,"size",2.52800531572859
134,21,"late","equal","dynamic",13,11,3,41,0.138170667716122,"size",2.56061864615632
134,21,"late","equal","dynamic",14,12,3,41,0.107867637413092,"size",2.59196150606875
134,21,"late","equal","dynamic",15,13,3,41,0.0851403646858192,"size",2.62210987434795
134,21,"late","equal","dynamic",16,14,3,41,0.066958546504001,"size",2.65114301757091
134,21,"late","equal","dynamic",17,15,3,41,0.0518070313524859,"size",2.679138161615
134,21,"late","equal","dynamic",18,16,3,41,0.0388200183654729,"size",2.70616807599005
134,21,"late","equal","dynamic",19,17,3,41,0.0274563820018365,"size",2.73230013697994
134,21,"late","equal","dynamic",20,18,3,41,0.0173553719008264,"size",2.75759614126629
134,21,"late","equal","dynamic",21,19,3,41,0.00826446280991736,"size",2.78211249124735
134,21,"late","equal","calendar",11,9,3,41,0.274534304079759,"size",2.49405998459531
134,21,"late","equal","calendar",12,10,3,41,0.183625213170668,"size",2.52800531572859
134,21,"late","equal","calendar",13,11,3,41,0.138170667716122,"size",2.56061864615632
134,21,"late","equal","calendar",14,12,3,41,0.107867637413092,"size",2.59196150606875
134,21,"late","equal","calendar",15,13,3,41,0.0851403646858192,"size",2.62210987434795
134,21,"late","equal","calendar",16,14,3,41,0.0669585465040011,"size",2.65114301757091
134,21,"late","equal","calendar",17,15,3,41,0.0518070313524859,"size",2.679138161615
134,21,"late","equal","calendar",18,16,3,41,0.0388200183654729,"size",2.70616807599005
134,21,"late","equal","calendar",19,17,3,41,0.0274563820018365,"size",2.73230013697994
134,21,"late","equal","calendar",20,18,3,41,0.0173553719008264,"size",2.75759614126629
134,21,"late","equal","calendar",21,19,3,41,0.00826446280991736,"size",2.78211249124735
134,21,"late","equal","stacked",11,9,3,71,0.126117070016818,"size",2.45787147911465
134,21,"late","equal","stacked",12,10,3,68,0.125891905638689,"size",2.49355120540784
134,21,"late","equal","stacked",13,11,3,65,0.123362385200604,"size",2.52818163245474
134,21,"late","equal","stacked",14,12,3,62,0.118540356924387,"size",2.56185751236241
134,21,"late","equal","stacked",15,13,3,59,0.111439962236083,"size",2.59469500057173
134,21,"late","equal","stacked",16,14,3,56,0.102078218783985,"size",2.62682256964686
134,21,"late","equal","stacked",17,15,3,53,0.0904757908553065,"size",2.65837827629181
134,21,"late","equal","stacked",18,16,3,50,0.0766580214437984,"size",2.68951077922245
134,21,"late","equal","stacked",19,17,3,47,0.0606563358617123,"size",2.72038309388037
134,21,"late","equal","stacked",20,18,3,44,0.0425101829052793,"size",2.75117897283436
134,21,"late","equal","stacked",21,19,3,41,0.0222697701333387,"size",2.78211249124735
137,21,"late","skewed","simple",11,9,8,41,0.437810945273632,"size",1.61173720100257
137,21,"late","skewed","simple",12,10,5,41,0.248756218905473,"size",2.00219413841254
137,21,"late","skewed","simple",13,11,3,41,0.134328358208955,"size",2.56061864615632
137,21,"late","skewed","simple",14,12,1,41,0.0398009950248756,"size",4.38619041726602
137,21,"late","skewed","simple",15,13,1,41,0.0348258706467662,"size",4.4372083369893
137,21,"late","skewed","simple",16,14,1,41,0.0298507462686567,"size",4.48633904139578
137,21,"late","skewed","simple",17,15,1,41,0.0248756218905473,"size",4.53371321429482
137,21,"late","skewed","simple",18,16,1,41,0.0199004975124378,"size",4.57945399830484
137,21,"late","skewed","simple",19,17,1,41,0.0149253731343284,"size",4.62367540947506
137,21,"late","skewed","simple",20,18,1,41,0.00995024875621891,"size",4.66648202189432
137,21,"late","skewed","simple",21,19,1,41,0.00497512437810945,"size",4.70796928129284
137,21,"late","skewed","group",11,9,8,41,0.333333333333333,"size",1.61173720100257
137,21,"late","skewed","group",12,10,5,41,0.208333333333333,"size",2.00219413841254
137,21,"late","skewed","group",13,11,3,41,0.125,"size",2.56061864615632
137,21,"late","skewed","group",14,12,1,41,0.0416666666666667,"size",4.38619041726602
137,21,"late","skewed","group",15,13,1,41,0.0416666666666667,"size",4.4372083369893
137,21,"late","skewed","group",16,14,1,41,0.0416666666666667,"size",4.48633904139578
137,21,"late","skewed","group",17,15,1,41,0.0416666666666667,"size",4.53371321429482
137,21,"late","skewed","group",18,16,1,41,0.0416666666666667,"size",4.57945399830484
137,21,"late","skewed","group",19,17,1,41,0.0416666666666667,"size",4.62367540947506
137,21,"late","skewed","group",20,18,1,41,0.0416666666666667,"size",4.66648202189432
137,21,"late","skewed","group",21,19,1,41,0.0416666666666667,"size",4.70796928129284
137,21,"late","skewed","dynamic",11,9,8,41,0.479747099234611,"size",1.61173720100257
137,21,"late","skewed","dynamic",12,10,5,41,0.24302375520345,"size",2.00219413841254
137,21,"late","skewed","dynamic",13,11,3,41,0.124835232143049,"size",2.56061864615632
137,21,"late","skewed","dynamic",14,12,1,41,0.0359299258658649,"size",4.38619041726602
137,21,"late","skewed","dynamic",15,13,1,41,0.0305823322829772,"size",4.4372083369893
137,21,"late","skewed","dynamic",16,14,1,41,0.0255318272324721,"size",4.48633904139578
137,21,"late","skewed","dynamic",17,15,1,41,0.0207471382372568,"size",4.53371321429482
137,21,"late","skewed","dynamic",18,16,1,41,0.0162016836918023,"size",4.57945399830484
137,21,"late","skewed","dynamic",19,17,1,41,0.0118726793627979,"size",4.62367540947506
137,21,"late","skewed","dynamic",20,18,1,41,0.00774044795783926,"size",4.66648202189432
137,21,"late","skewed","dynamic",21,19,1,41,0.00378787878787879,"size",4.70796928129284
137,21,"late","skewed","calendar",11,9,8,41,0.479747099234611,"size",1.61173720100257
137,21,"late","skewed","calendar",12,10,5,41,0.24302375520345,"size",2.00219413841254
137,21,"late","skewed","calendar",13,11,3,41,0.124835232143049,"size",2.56061864615632
137,21,"late","skewed","calendar",14,12,1,41,0.0359299258658649,"size",4.38619041726602
137,21,"late","skewed","calendar",15,13,1,41,0.0305823322829772,"size",4.4372083369893
137,21,"late","skewed","calendar",16,14,1,41,0.0255318272324721,"size",4.48633904139578
137,21,"late","skewed","calendar",17,15,1,41,0.0207471382372568,"size",4.53371321429482
137,21,"late","skewed","calendar",18,16,1,41,0.0162016836918023,"size",4.57945399830484
137,21,"late","skewed","calendar",19,17,1,41,0.0118726793627979,"size",4.62367540947506
137,21,"late","skewed","calendar",20,18,1,41,0.00774044795783926,"size",4.66648202189432
137,21,"late","skewed","calendar",21,19,1,41,0.00378787878787879,"size",4.70796928129284
137,21,"late","skewed","stacked",11,9,8,57,0.364205439741191,"size",1.57437204226138
137,21,"late","skewed","stacked",12,10,5,52,0.236806399339263,"size",1.97904174059646
137,21,"late","skewed","stacked",13,11,3,49,0.144092044490908,"size",2.54632670953664
137,21,"late","skewed","stacked",14,12,1,48,0.0480818039771595,"size",4.37856888167787
137,21,"late","skewed","stacked",15,13,1,47,0.04528818888063,"size",4.43045972724792
137,21,"late","skewed","stacked",16,14,1,46,0.0415723658057427,"size",4.48052997636528
137,21,"late","skewed","stacked",17,15,1,45,0.0369357503378054,"size",4.52891309308199
137,21,"late","skewed","stacked",18,16,1,44,0.0313798838919311,"size",4.57573539923581
137,21,"late","skewed","stacked",19,17,1,43,0.0249064480118793,"size",4.62111452564002
137,21,"late","skewed","stacked",20,18,1,42,0.0175172806640848,"size",4.66515913539803
137,21,"late","skewed","stacked",21,19,1,41,0.0092143948594049,"size",4.70796928129284
140,21,"spread","equal","simple",2,0,3,41,0.173913043478261,"no_pre",NA
140,21,"spread","equal","simple",4,2,3,41,0.156521739130435,"underpowered",2.27372668786422
140,21,"spread","equal","simple",6,4,3,41,0.139130434782609,"size",2.31017671001462
140,21,"spread","equal","simple",8,6,3,41,0.121739130434783,"size",2.38453694208205
140,21,"spread","equal","simple",10,8,3,41,0.104347826086957,"size",2.45875877832958
140,21,"spread","equal","simple",12,10,3,41,0.0869565217391304,"size",2.52800531572859
140,21,"spread","equal","simple",13,11,3,41,0.0782608695652174,"size",2.56061864615632
140,21,"spread","equal","simple",15,13,3,41,0.0608695652173913,"size",2.62210987434795
140,21,"spread","equal","simple",17,15,3,41,0.0434782608695652,"size",2.679138161615
140,21,"spread","equal","simple",19,17,3,41,0.0260869565217391,"size",2.73230013697994
140,21,"spread","equal","simple",21,19,3,41,0.00869565217391304,"size",2.78211249124735
140,21,"spread","equal","group",2,0,3,41,0.0909090909090909,"no_pre",NA
140,21,"spread","equal","group",4,2,3,41,0.0909090909090909,"underpowered",2.27372668786422
140,21,"spread","equal","group",6,4,3,41,0.0909090909090909,"size",2.31017671001462
140,21,"spread","equal","group",8,6,3,41,0.0909090909090909,"size",2.38453694208205
140,21,"spread","equal","group",10,8,3,41,0.0909090909090909,"size",2.45875877832958
140,21,"spread","equal","group",12,10,3,41,0.0909090909090909,"size",2.52800531572859
140,21,"spread","equal","group",13,11,3,41,0.0909090909090909,"size",2.56061864615632
140,21,"spread","equal","group",15,13,3,41,0.0909090909090909,"size",2.62210987434795
140,21,"spread","equal","group",17,15,3,41,0.0909090909090909,"size",2.679138161615
140,21,"spread","equal","group",19,17,3,41,0.0909090909090909,"size",2.73230013697994
140,21,"spread","equal","group",21,19,3,41,0.0909090909090909,"size",2.78211249124735
140,21,"spread","equal","dynamic",2,0,3,41,0.289108946608947,"no_pre",NA
140,21,"spread","equal","dynamic",4,2,3,41,0.189108946608947,"underpowered",2.27372668786422
140,21,"spread","equal","dynamic",6,4,3,41,0.139108946608947,"size",2.31017671001462
140,21,"spread","equal","dynamic",8,6,3,41,0.105775613275613,"size",2.38453694208205
140,21,"spread","equal","dynamic",10,8,3,41,0.0807756132756133,"size",2.45875877832958
140,21,"spread","equal","dynamic",12,10,3,41,0.0607756132756133,"size",2.52800531572859
140,21,"spread","equal","dynamic",13,11,3,41,0.0524422799422799,"size",2.56061864615632
140,21,"spread","equal","dynamic",15,13,3,41,0.0381565656565657,"size",2.62210987434795
140,21,"spread","equal","dynamic",17,15,3,41,0.0256565656565657,"size",2.679138161615
140,21,"spread","equal","dynamic",19,17,3,41,0.0145454545454545,"size",2.73230013697994
140,21,"spread","equal","dynamic",21,19,3,41,0.00454545454545455,"size",2.78211249124735
140,21,"spread","equal","calendar",2,0,3,41,0.289108946608947,"no_pre",NA
140,21,"spread","equal","calendar",4,2,3,41,0.189108946608947,"underpowered",2.27372668786422
140,21,"spread","equal","calendar",6,4,3,41,0.139108946608947,"size",2.31017671001462
140,21,"spread","equal","calendar",8,6,3,41,0.105775613275613,"size",2.38453694208205
140,21,"spread","equal","calendar",10,8,3,41,0.0807756132756133,"size",2.45875877832958
140,21,"spread","equal","calendar",12,10,3,41,0.0607756132756133,"size",2.52800531572859
140,21,"spread","equal","calendar",13,11,3,41,0.0524422799422799,"size",2.56061864615632
140,21,"spread","equal","calendar",15,13,3,41,0.0381565656565657,"size",2.62210987434795
140,21,"spread","equal","calendar",17,15,3,41,0.0256565656565657,"size",2.679138161615
140,21,"spread","equal","calendar",19,17,3,41,0.0145454545454545,"size",2.73230013697994
140,21,"spread","equal","calendar",21,19,3,41,0.00454545454545455,"size",2.78211249124735
140,21,"spread","equal","stacked",2,0,3,71,0.0243798351783297,"no_pre",NA
140,21,"spread","equal","stacked",4,2,3,68,0.0657080326655144,"underpowered",2.24273813350655
140,21,"spread","equal","stacked",6,4,3,65,0.0971557640495159,"size",2.28091220641182
140,21,"spread","equal","stacked",8,6,3,62,0.118762286156244,"size",2.3568420535087
140,21,"spread","equal","stacked",10,8,3,59,0.130574453906945,"size",2.43305178480748
140,21,"spread","equal","stacked",12,10,3,56,0.132648652037357,"size",2.50481448021899
140,21,"spread","equal","stacked",13,11,3,53,0.129863091869922,"size",2.54077713510167
140,21,"spread","equal","stacked",15,13,3,50,0.117461177726048,"size",2.60596998166287
140,21,"spread","equal","stacked",17,15,3,47,0.0955414836622316,"size",2.66745298672899
140,21,"spread","equal","stacked",19,17,3,44,0.0642277515791825,"size",2.72594183457183
140,21,"spread","equal","stacked",21,19,3,41,0.0236774711687107,"size",2.78211249124735
143,21,"spread","skewed","simple",2,0,8,41,0.445682451253482,"no_pre",NA
143,21,"spread","skewed","simple",4,2,5,41,0.250696378830084,"underpowered",1.80080406416465
143,21,"spread","skewed","simple",6,4,3,41,0.133704735376045,"size",2.31017671001462
143,21,"spread","skewed","simple",8,6,1,41,0.0389972144846797,"size",4.03518071564281
143,21,"spread","skewed","simple",10,8,1,41,0.0334261838440111,"size",4.16078100181162
143,21,"spread","skewed","simple",12,10,1,41,0.0278551532033426,"size",4.2779619468439
143,21,"spread","skewed","simple",13,11,1,41,0.0250696378830084,"size",4.33315114508712
143,21,"spread","skewed","simple",15,13,1,41,0.0194986072423398,"size",4.4372083369893
143,21,"spread","skewed","simple",17,15,1,41,0.0139275766016713,"size",4.53371321429482
143,21,"spread","skewed","simple",19,17,1,41,0.00835654596100279,"size",4.62367540947506
143,21,"spread","skewed","simple",21,19,1,41,0.00278551532033426,"size",4.70796928129284
143,21,"spread","skewed","group",2,0,8,41,0.333333333333333,"no_pre",NA
143,21,"spread","skewed","group",4,2,5,41,0.208333333333333,"underpowered",1.80080406416465
143,21,"spread","skewed","group",6,4,3,41,0.125,"size",2.31017671001462
143,21,"spread","skewed","group",8,6,1,41,0.0416666666666667,"size",4.03518071564281
143,21,"spread","skewed","group",10,8,1,41,0.0416666666666667,"size",4.16078100181162
143,21,"spread","skewed","group",12,10,1,41,0.0416666666666667,"size",4.2779619468439
143,21,"spread","skewed","group",13,11,1,41,0.0416666666666667,"size",4.33315114508712
143,21,"spread","skewed","group",15,13,1,41,0.0416666666666667,"size",4.4372083369893
143,21,"spread","skewed","group",17,15,1,41,0.0416666666666667,"size",4.53371321429482
143,21,"spread","skewed","group",19,17,1,41,0.0416666666666667,"size",4.62367540947506
143,21,"spread","skewed","group",21,19,1,41,0.0416666666666667,"size",4.70796928129284
143,21,"spread","skewed","dynamic",2,0,8,41,0.490002510912458,"no_pre",NA
143,21,"spread","skewed","dynamic",4,2,5,41,0.243751569320287,"underpowered",1.80080406416465
143,21,"spread","skewed","dynamic",6,4,3,41,0.123174018515249,"size",2.31017671001462
143,21,"spread","skewed","dynamic",8,6,1,41,0.0348080061717496,"size",4.03518071564281
143,21,"spread","skewed","dynamic",10,8,1,41,0.0289256532305731,"size",4.16078100181162
143,21,"spread","skewed","dynamic",12,10,1,41,0.0233700976750176,"size",4.2779619468439
143,21,"spread","skewed","dynamic",13,11,1,41,0.0207385187276492,"size",4.33315114508712
143,21,"spread","skewed","dynamic",15,13,1,41,0.0157385187276492,"size",4.4372083369893
143,21,"spread","skewed","dynamic",17,15,1,41,0.0109766139657444,"size",4.53371321429482
143,21,"spread","skewed","dynamic",19,17,1,41,0.00643115942028985,"size",4.62367540947506
143,21,"spread","skewed","dynamic",21,19,1,41,0.00208333333333333,"size",4.70796928129284
143,21,"spread","skewed","calendar",2,0,8,41,0.490002510912458,"no_pre",NA
143,21,"spread","skewed","calendar",4,2,5,41,0.243751569320287,"underpowered",1.80080406416465
143,21,"spread","skewed","calendar",6,4,3,41,0.123174018515249,"size",2.31017671001462
143,21,"spread","skewed","calendar",8,6,1,41,0.0348080061717496,"size",4.03518071564281
143,21,"spread","skewed","calendar",10,8,1,41,0.0289256532305731,"size",4.16078100181162
143,21,"spread","skewed","calendar",12,10,1,41,0.0233700976750176,"size",4.2779619468439
143,21,"spread","skewed","calendar",13,11,1,41,0.0207385187276492,"size",4.33315114508712
143,21,"spread","skewed","calendar",15,13,1,41,0.0157385187276492,"size",4.4372083369893
143,21,"spread","skewed","calendar",17,15,1,41,0.0109766139657444,"size",4.53371321429482
143,21,"spread","skewed","calendar",19,17,1,41,0.00643115942028985,"size",4.62367540947506
143,21,"spread","skewed","calendar",21,19,1,41,0.00208333333333333,"size",4.70796928129284
143,21,"spread","skewed","stacked",2,0,8,57,0.110122022290061,"no_pre",NA
143,21,"spread","skewed","stacked",4,2,5,52,0.193323633313923,"underpowered",1.77998044307694
143,21,"spread","skewed","stacked",6,4,3,49,0.177499312243848,"size",2.29728259976929
143,21,"spread","skewed","stacked",8,6,1,48,0.0753466468300417,"size",4.02816910180411
143,21,"spread","skewed","stacked",10,8,1,47,0.0829990406487179,"size",4.15445281411611
143,21,"spread","skewed","stacked",12,10,1,46,0.0844977909929103,"size",4.27242269559295
143,21,"spread","skewed","stacked",13,11,1,45,0.0829222607776274,"size",4.3285633712808
143,21,"spread","skewed","stacked",15,13,1,44,0.0752071160025787,"size",4.43360524395744
143,21,"spread","skewed","stacked",17,15,1,43,0.0613618525320416,"size",4.53120215721252
143,21,"spread","skewed","stacked",19,17,1,42,0.0413968495665055,"size",4.62236465809239
143,21,"spread","skewed","stacked",21,19,1,41,0.0153234748017446,"size",4.70796928129284
146,30,"early","equal","simple",2,0,3,41,0.345238095238095,"no_pre",NA
146,30,"early","equal","simple",3,1,3,41,0.333333333333333,"underpowered",2.36969300063141
146,30,"early","equal","simple",4,2,3,41,0.321428571428571,"underpowered",2.27372668786422
146,30,"early","equal","group",2,0,3,41,0.333333333333333,"no_pre",NA
146,30,"early","equal","group",3,1,3,41,0.333333333333333,"underpowered",2.36969300063141
146,30,"early","equal","group",4,2,3,41,0.333333333333333,"underpowered",2.27372668786422
146,30,"early","equal","dynamic",2,0,3,41,0.362068965517241,"no_pre",NA
146,30,"early","equal","dynamic",3,1,3,41,0.327586206896552,"underpowered",2.36969300063141
146,30,"early","equal","dynamic",4,2,3,41,0.310344827586207,"underpowered",2.27372668786422
146,30,"early","equal","calendar",2,0,3,41,0.362068965517241,"no_pre",NA
146,30,"early","equal","calendar",3,1,3,41,0.327586206896552,"underpowered",2.36969300063141
146,30,"early","equal","calendar",4,2,3,41,0.310344827586207,"underpowered",2.27372668786422
146,30,"early","equal","stacked",2,0,3,47,0.175686435050375,"no_pre",NA
146,30,"early","equal","stacked",3,1,3,44,0.337874350981193,"underpowered",2.36417851687889
146,30,"early","equal","stacked",4,2,3,41,0.486439213968432,"underpowered",2.27372668786422
149,30,"early","skewed","simple",2,0,8,41,0.512141280353201,"no_pre",NA
149,30,"early","skewed","simple",3,1,5,41,0.309050772626932,"underpowered",1.87680991261445
149,30,"early","skewed","simple",4,2,3,41,0.178807947019868,"underpowered",2.27372668786422
149,30,"early","skewed","group",2,0,8,41,0.5,"no_pre",NA
149,30,"early","skewed","group",3,1,5,41,0.3125,"underpowered",1.87680991261445
149,30,"early","skewed","group",4,2,3,41,0.1875,"underpowered",2.27372668786422
149,30,"early","skewed","dynamic",2,0,8,41,0.521220159151194,"no_pre",NA
149,30,"early","skewed","dynamic",3,1,5,41,0.304210875331565,"underpowered",1.87680991261445
149,30,"early","skewed","dynamic",4,2,3,41,0.174568965517241,"underpowered",2.27372668786422
149,30,"early","skewed","calendar",2,0,8,41,0.521220159151194,"no_pre",NA
149,30,"early","skewed","calendar",3,1,5,41,0.304210875331565,"underpowered",1.87680991261445
149,30,"early","skewed","calendar",4,2,3,41,0.174568965517241,"underpowered",2.27372668786422
149,30,"early","skewed","stacked",2,0,8,49,0.294461678791448,"no_pre",NA
149,30,"early","skewed","stacked",3,1,5,44,0.371222424051951,"underpowered",1.86984239724048
149,30,"early","skewed","stacked",4,2,3,41,0.3343158971566,"underpowered",2.27372668786422
152,30,"late","equal","simple",28,26,3,41,0.5,"size",2.9356826720367
152,30,"late","equal","simple",29,27,3,41,0.333333333333333,"size",2.95547494299337
152,30,"late","equal","simple",30,28,3,41,0.166666666666667,"size",2.9748168822459
152,30,"late","equal","group",28,26,3,41,0.333333333333333,"size",2.9356826720367
152,30,"late","equal","group",29,27,3,41,0.333333333333333,"size",2.95547494299337
152,30,"late","equal","group",30,28,3,41,0.333333333333333,"size",2.9748168822459
152,30,"late","equal","dynamic",28,26,3,41,0.611111111111111,"size",2.9356826720367
152,30,"late","equal","dynamic",29,27,3,41,0.277777777777778,"size",2.95547494299337
152,30,"late","equal","dynamic",30,28,3,41,0.111111111111111,"size",2.9748168822459
152,30,"late","equal","calendar",28,26,3,41,0.611111111111111,"size",2.9356826720367
152,30,"late","equal","calendar",29,27,3,41,0.277777777777778,"size",2.95547494299337
152,30,"late","equal","calendar",30,28,3,41,0.111111111111111,"size",2.9748168822459
152,30,"late","equal","stacked",28,26,3,47,0.489368544886052,"size",2.92287856737198
152,30,"late","equal","stacked",29,27,3,44,0.336950436932871,"size",2.9485972932093
152,30,"late","equal","stacked",30,28,3,41,0.173681018181077,"size",2.9748168822459
155,30,"late","skewed","simple",28,26,8,41,0.648648648648649,"size",1.89712717500174
155,30,"late","skewed","simple",29,27,5,41,0.27027027027027,"size",2.34075243840261
155,30,"late","skewed","simple",30,28,3,41,0.0810810810810811,"size",2.9748168822459
155,30,"late","skewed","group",28,26,8,41,0.5,"size",1.89712717500174
155,30,"late","skewed","group",29,27,5,41,0.3125,"size",2.34075243840261
155,30,"late","skewed","group",30,28,3,41,0.1875,"size",2.9748168822459
155,30,"late","skewed","dynamic",28,26,8,41,0.705128205128205,"size",1.89712717500174
155,30,"late","skewed","dynamic",29,27,5,41,0.232371794871795,"size",2.34075243840261
155,30,"late","skewed","dynamic",30,28,3,41,0.0625,"size",2.9748168822459
155,30,"late","skewed","calendar",28,26,8,41,0.705128205128205,"size",1.89712717500174
155,30,"late","skewed","calendar",29,27,5,41,0.232371794871795,"size",2.34075243840261
155,30,"late","skewed","calendar",30,28,3,41,0.0625,"size",2.9748168822459
155,30,"late","skewed","stacked",28,26,8,49,0.626218893612182,"size",1.87167190435811
155,30,"late","skewed","stacked",29,27,5,44,0.282647119673785,"size",2.33206257136195
155,30,"late","skewed","stacked",30,28,3,41,0.0911339867140332,"size",2.9748168822459
158,30,"spread","equal","simple",2,0,3,41,0.644444444444444,"no_pre",NA
158,30,"spread","equal","simple",16,14,3,41,0.333333333333333,"size",2.65114301757091
158,30,"spread","equal","simple",30,28,3,41,0.0222222222222222,"size",2.9748168822459
158,30,"spread","equal","group",2,0,3,41,0.333333333333333,"no_pre",NA
158,30,"spread","equal","group",16,14,3,41,0.333333333333333,"size",2.65114301757091
158,30,"spread","equal","group",30,28,3,41,0.333333333333333,"size",2.9748168822459
158,30,"spread","equal","dynamic",2,0,3,41,0.735632183908046,"no_pre",NA
158,30,"spread","equal","dynamic",16,14,3,41,0.252873563218391,"size",2.65114301757091
158,30,"spread","equal","dynamic",30,28,3,41,0.0114942528735632,"size",2.9748168822459
158,30,"spread","equal","calendar",2,0,3,41,0.735632183908046,"no_pre",NA
158,30,"spread","equal","calendar",16,14,3,41,0.252873563218391,"size",2.65114301757091
158,30,"spread","equal","calendar",30,28,3,41,0.0114942528735632,"size",2.9748168822459
158,30,"spread","equal","stacked",2,0,3,47,0.102898590193333,"no_pre",NA
158,30,"spread","equal","stacked",16,14,3,44,0.795098455311342,"size",2.64497357490804
158,30,"spread","equal","stacked",30,28,3,41,0.102002954495325,"size",2.9748168822459
161,30,"spread","skewed","simple",2,0,8,41,0.748387096774194,"no_pre",NA
161,30,"spread","skewed","simple",16,14,5,41,0.241935483870968,"size",2.09971987671394
161,30,"spread","skewed","simple",30,28,3,41,0.00967741935483871,"size",2.9748168822459
161,30,"spread","skewed","group",2,0,8,41,0.5,"no_pre",NA
161,30,"spread","skewed","group",16,14,5,41,0.3125,"size",2.09971987671394
161,30,"spread","skewed","group",30,28,3,41,0.1875,"size",2.9748168822459
161,30,"spread","skewed","dynamic",2,0,8,41,0.797082228116711,"no_pre",NA
161,30,"spread","skewed","dynamic",16,14,5,41,0.19645225464191,"size",2.09971987671394
161,30,"spread","skewed","dynamic",30,28,3,41,0.00646551724137931,"size",2.9748168822459
161,30,"spread","skewed","calendar",2,0,8,41,0.797082228116711,"no_pre",NA
161,30,"spread","skewed","calendar",16,14,5,41,0.19645225464191,"size",2.09971987671394
161,30,"spread","skewed","calendar",30,28,3,41,0.00646551724137931,"size",2.9748168822459
161,30,"spread","skewed","stacked",2,0,8,49,0.154518415146968,"no_pre",NA
161,30,"spread","skewed","stacked",16,14,5,44,0.782672644187714,"size",2.09192482489558
161,30,"spread","skewed","stacked",30,28,3,41,0.0628089406653174,"size",2.9748168822459
164,30,"early","equal","simple",2,0,3,41,0.214814814814815,"no_pre",NA
164,30,"early","equal","simple",3,1,3,41,0.207407407407407,"underpowered",2.36969300063141
164,30,"early","equal","simple",4,2,3,41,0.2,"underpowered",2.27372668786422
164,30,"early","equal","simple",5,3,3,41,0.192592592592593,"underpowered",2.28038123747935
164,30,"early","equal","simple",6,4,3,41,0.185185185185185,"size",2.31017671001462
164,30,"early","equal","group",2,0,3,41,0.2,"no_pre",NA
164,30,"early","equal","group",3,1,3,41,0.2,"underpowered",2.36969300063141
164,30,"early","equal","group",4,2,3,41,0.2,"underpowered",2.27372668786422
164,30,"early","equal","group",5,3,3,41,0.2,"underpowered",2.28038123747935
164,30,"early","equal","group",6,4,3,41,0.2,"size",2.31017671001462
164,30,"early","equal","dynamic",2,0,3,41,0.244252873563218,"no_pre",NA
164,30,"early","equal","dynamic",3,1,3,41,0.209770114942529,"underpowered",2.36969300063141
164,30,"early","equal","dynamic",4,2,3,41,0.192528735632184,"underpowered",2.27372668786422
164,30,"early","equal","dynamic",5,3,3,41,0.181034482758621,"underpowered",2.28038123747935
164,30,"early","equal","dynamic",6,4,3,41,0.172413793103448,"size",2.31017671001462
164,30,"early","equal","calendar",2,0,3,41,0.244252873563218,"no_pre",NA
164,30,"early","equal","calendar",3,1,3,41,0.209770114942529,"underpowered",2.36969300063141
164,30,"early","equal","calendar",4,2,3,41,0.192528735632184,"underpowered",2.27372668786422
164,30,"early","equal","calendar",5,3,3,41,0.181034482758621,"underpowered",2.28038123747935
164,30,"early","equal","calendar",6,4,3,41,0.172413793103448,"size",2.31017671001462
164,30,"early","equal","stacked",2,0,3,53,0.0741283296096718,"no_pre",NA
164,30,"early","equal","stacked",3,1,3,50,0.14268572792866,"underpowered",2.3551068114328
164,30,"early","equal","stacked",4,2,3,47,0.205641728642097,"underpowered",2.26380973234048
164,30,"early","equal","stacked",5,3,3,44,0.262958086801535,"underpowered",2.27507459004431
164,30,"early","equal","stacked",6,4,3,41,0.314586127018037,"size",2.31017671001462
167,30,"early","skewed","simple",2,0,8,41,0.46031746031746,"no_pre",NA
167,30,"early","skewed","simple",3,1,5,41,0.277777777777778,"underpowered",1.87680991261445
167,30,"early","skewed","simple",4,2,3,41,0.160714285714286,"underpowered",2.27372668786422
167,30,"early","skewed","simple",5,3,1,41,0.0515873015873016,"size",3.8589254925763
167,30,"early","skewed","simple",6,4,1,41,0.0496031746031746,"size",3.9093462321614
167,30,"early","skewed","group",2,0,8,41,0.444444444444444,"no_pre",NA
167,30,"early","skewed","group",3,1,5,41,0.277777777777778,"underpowered",1.87680991261445
167,30,"early","skewed","group",4,2,3,41,0.166666666666667,"underpowered",2.27372668786422
167,30,"early","skewed","group",5,3,1,41,0.0555555555555556,"size",3.8589254925763
167,30,"early","skewed","group",6,4,1,41,0.0555555555555556,"size",3.9093462321614
167,30,"early","skewed","dynamic",2,0,8,41,0.472313240061719,"no_pre",NA
167,30,"early","skewed","dynamic",3,1,5,41,0.273644050900643,"underpowered",1.87680991261445
167,30,"early","skewed","dynamic",4,2,3,41,0.156228870858688,"underpowered",2.27372668786422
167,30,"early","skewed","dynamic",5,3,1,41,0.0499211178724363,"size",3.8589254925763
167,30,"early","skewed","dynamic",6,4,1,41,0.0478927203065134,"size",3.9093462321614
167,30,"early","skewed","calendar",2,0,8,41,0.472313240061719,"no_pre",NA
167,30,"early","skewed","calendar",3,1,5,41,0.273644050900643,"underpowered",1.87680991261445
167,30,"early","skewed","calendar",4,2,3,41,0.156228870858688,"underpowered",2.27372668786422
167,30,"early","skewed","calendar",5,3,1,41,0.0499211178724363,"size",3.8589254925763
167,30,"early","skewed","calendar",6,4,1,41,0.0478927203065134,"size",3.9093462321614
167,30,"early","skewed","stacked",2,0,8,51,0.2218760253427,"no_pre",NA
167,30,"early","skewed","stacked",3,1,5,46,0.279415127435113,"underpowered",1.8656899550793
167,30,"early","skewed","stacked",4,2,3,43,0.25131657101513,"underpowered",2.27011855014336
167,30,"early","skewed","stacked",5,3,1,42,0.112387601308077,"size",3.85783153777258
167,30,"early","skewed","stacked",6,4,1,41,0.135004674898981,"size",3.9093462321614
170,30,"late","equal","simple",26,24,3,41,0.333333333333333,"size",2.89464468020106
170,30,"late","equal","simple",27,25,3,41,0.266666666666667,"size",2.91541500172243
170,30,"late","equal","simple",28,26,3,41,0.2,"size",2.9356826720367
170,30,"late","equal","simple",29,27,3,41,0.133333333333333,"size",2.95547494299337
170,30,"late","equal","simple",30,28,3,41,0.0666666666666667,"size",2.9748168822459
170,30,"late","equal","group",26,24,3,41,0.2,"size",2.89464468020106
170,30,"late","equal","group",27,25,3,41,0.2,"size",2.91541500172243
170,30,"late","equal","group",28,26,3,41,0.2,"size",2.9356826720367
170,30,"late","equal","group",29,27,3,41,0.2,"size",2.95547494299337
170,30,"late","equal","group",30,28,3,41,0.2,"size",2.9748168822459
170,30,"late","equal","dynamic",26,24,3,41,0.456666666666667,"size",2.89464468020106
170,30,"late","equal","dynamic",27,25,3,41,0.256666666666667,"size",2.91541500172243
170,30,"late","equal","dynamic",28,26,3,41,0.156666666666667,"size",2.9356826720367
170,30,"late","equal","dynamic",29,27,3,41,0.09,"size",2.95547494299337
170,30,"late","equal","dynamic",30,28,3,41,0.04,"size",2.9748168822459
170,30,"late","equal","calendar",26,24,3,41,0.456666666666667,"size",2.89464468020106
170,30,"late","equal","calendar",27,25,3,41,0.256666666666667,"size",2.91541500172243
170,30,"late","equal","calendar",28,26,3,41,0.156666666666667,"size",2.9356826720367
170,30,"late","equal","calendar",29,27,3,41,0.09,"size",2.95547494299337
170,30,"late","equal","calendar",30,28,3,41,0.04,"size",2.9748168822459
170,30,"late","equal","stacked",26,24,3,53,0.318016046268222,"size",2.87221489570046
170,30,"late","equal","stacked",27,25,3,50,0.263741609607138,"size",2.89746972577476
170,30,"late","equal","stacked",28,26,3,47,0.204674647354007,"size",2.92287856737198
170,30,"late","equal","stacked",29,27,3,44,0.140926940596626,"size",2.9485972932093
170,30,"late","equal","stacked",30,28,3,41,0.0726407561740079,"size",2.9748168822459
173,30,"late","skewed","simple",26,24,8,41,0.555555555555556,"size",1.87060718009205
173,30,"late","skewed","simple",27,25,5,41,0.277777777777778,"size",2.30902474420086
173,30,"late","skewed","simple",28,26,3,41,0.125,"size",2.9356826720367
173,30,"late","skewed","simple",29,27,1,41,0.0277777777777778,"size",5.00133811519788
173,30,"late","skewed","simple",30,28,1,41,0.0138888888888889,"size",5.03406909071668
173,30,"late","skewed","group",26,24,8,41,0.444444444444444,"size",1.87060718009205
173,30,"late","skewed","group",27,25,5,41,0.277777777777778,"size",2.30902474420086
173,30,"late","skewed","group",28,26,3,41,0.166666666666667,"size",2.9356826720367
173,30,"late","skewed","group",29,27,1,41,0.0555555555555556,"size",5.00133811519788
173,30,"late","skewed","group",30,28,1,41,0.0555555555555556,"size",5.03406909071668
173,30,"late","skewed","dynamic",26,24,8,41,0.606083459024636,"size",1.87060718009205
173,30,"late","skewed","dynamic",27,25,5,41,0.253802161890397,"size",2.30902474420086
173,30,"late","skewed","dynamic",28,26,3,41,0.106127450980392,"size",2.9356826720367
173,30,"late","skewed","dynamic",29,27,1,41,0.0228758169934641,"size",5.00133811519788
173,30,"late","skewed","dynamic",30,28,1,41,0.0111111111111111,"size",5.03406909071668
173,30,"late","skewed","calendar",26,24,8,41,0.606083459024635,"size",1.87060718009205
173,30,"late","skewed","calendar",27,25,5,41,0.253802161890397,"size",2.30902474420086
173,30,"late","skewed","calendar",28,26,3,41,0.106127450980392,"size",2.9356826720367
173,30,"late","skewed","calendar",29,27,1,41,0.0228758169934641,"size",5.00133811519788
173,30,"late","skewed","calendar",30,28,1,41,0.0111111111111111,"size",5.03406909071668
173,30,"late","skewed","stacked",26,24,8,51,0.525927396601166,"size",1.84042194504048
173,30,"late","skewed","stacked",27,25,5,46,0.28536363563064,"size",2.29534394630516
173,30,"late","skewed","stacked",28,26,3,43,0.138205245804795,"size",2.93102408776536
173,30,"late","skewed","stacked",29,27,1,42,0.0332794769592114,"size",4.99992030138762
173,30,"late","skewed","stacked",30,28,1,41,0.0172242450041869,"size",5.03406909071668
176,30,"spread","equal","simple",2,0,3,41,0.386666666666667,"no_pre",NA
176,30,"spread","equal","simple",9,7,3,41,0.293333333333333,"size",2.42216472544088
176,30,"spread","equal","simple",16,14,3,41,0.2,"size",2.65114301757091
176,30,"spread","equal","simple",23,21,3,41,0.106666666666667,"size",2.8290070747892
176,30,"spread","equal","simple",30,28,3,41,0.0133333333333333,"size",2.9748168822459
176,30,"spread","equal","group",2,0,3,41,0.2,"no_pre",NA
176,30,"spread","equal","group",9,7,3,41,0.2,"size",2.42216472544088
176,30,"spread","equal","group",16,14,3,41,0.2,"size",2.65114301757091
176,30,"spread","equal","group",23,21,3,41,0.2,"size",2.8290070747892
176,30,"spread","equal","group",30,28,3,41,0.2,"size",2.9748168822459
176,30,"spread","equal","dynamic",2,0,3,41,0.509770114942529,"no_pre",NA
176,30,"spread","equal","dynamic",9,7,3,41,0.268390804597701,"size",2.42216472544088
176,30,"spread","equal","dynamic",16,14,3,41,0.147701149425287,"size",2.65114301757091
176,30,"spread","equal","dynamic",23,21,3,41,0.0672413793103448,"size",2.8290070747892
176,30,"spread","equal","dynamic",30,28,3,41,0.00689655172413793,"size",2.9748168822459
176,30,"spread","equal","calendar",2,0,3,41,0.509770114942529,"no_pre",NA
176,30,"spread","equal","calendar",9,7,3,41,0.268390804597701,"size",2.42216472544088
176,30,"spread","equal","calendar",16,14,3,41,0.147701149425287,"size",2.65114301757091
176,30,"spread","equal","calendar",23,21,3,41,0.0672413793103448,"size",2.8290070747892
176,30,"spread","equal","calendar",30,28,3,41,0.00689655172413793,"size",2.9748168822459
176,30,"spread","equal","stacked",2,0,3,53,0.0459914163504258,"no_pre",NA
176,30,"spread","equal","stacked",9,7,3,50,0.278226021991994,"size",2.40725555663882
176,30,"spread","equal","stacked",16,14,3,47,0.354406203809007,"size",2.63957994469472
176,30,"spread","equal","stacked",23,21,3,44,0.276094929057588,"size",2.82242372684264
176,30,"spread","equal","stacked",30,28,3,41,0.0452814287909853,"size",2.9748168822459
179,30,"spread","skewed","simple",2,0,8,41,0.585858585858586,"no_pre",NA
179,30,"spread","skewed","simple",9,7,5,41,0.277777777777778,"size",1.91836780776296
179,30,"spread","skewed","simple",16,14,3,41,0.113636363636364,"size",2.65114301757091
179,30,"spread","skewed","simple",23,21,1,41,0.0202020202020202,"size",4.78732561913635
179,30,"spread","skewed","simple",30,28,1,41,0.00252525252525253,"size",5.03406909071668
179,30,"spread","skewed","group",2,0,8,41,0.444444444444444,"no_pre",NA
179,30,"spread","skewed","group",9,7,5,41,0.277777777777778,"size",1.91836780776296
179,30,"spread","skewed","group",16,14,3,41,0.166666666666667,"size",2.65114301757091
179,30,"spread","skewed","group",23,21,1,41,0.0555555555555556,"size",4.78732561913635
179,30,"spread","skewed","group",30,28,1,41,0.0555555555555556,"size",5.03406909071668
179,30,"spread","skewed","dynamic",2,0,8,41,0.639526013765365,"no_pre",NA
179,30,"spread","skewed","dynamic",9,7,5,41,0.248841689637836,"size",1.91836780776296
179,30,"spread","skewed","dynamic",16,14,3,41,0.0936020960108181,"size",2.65114301757091
179,30,"spread","skewed","dynamic",23,21,1,41,0.016114491773721,"size",4.78732561913635
179,30,"spread","skewed","dynamic",30,28,1,41,0.00191570881226054,"size",5.03406909071668
179,30,"spread","skewed","calendar",2,0,8,41,0.639526013765365,"no_pre",NA
179,30,"spread","skewed","calendar",9,7,5,41,0.248841689637836,"size",1.91836780776296
179,30,"spread","skewed","calendar",16,14,3,41,0.0936020960108181,"size",2.65114301757091
179,30,"spread","skewed","calendar",23,21,1,41,0.016114491773721,"size",4.78732561913635
179,30,"spread","skewed","calendar",30,28,1,41,0.00191570881226054,"size",5.03406909071668
179,30,"spread","skewed","stacked",2,0,8,51,0.10985838339813,"no_pre",NA
179,30,"spread","skewed","stacked",9,7,5,46,0.434807856125334,"size",1.90700162282555
179,30,"spread","skewed","stacked",16,14,3,43,0.345653892005675,"size",2.64693596437664
179,30,"spread","skewed","stacked",23,21,1,42,0.0941717318322007,"size",4.78596847506396
179,30,"spread","skewed","stacked",30,28,1,41,0.01550813663866,"size",5.03406909071668
182,30,"early","equal","simple",2,0,3,41,0.142156862745098,"no_pre",NA
182,30,"early","equal","simple",3,1,3,41,0.137254901960784,"underpowered",2.36969300063141
182,30,"early","equal","simple",4,2,3,41,0.132352941176471,"underpowered",2.27372668786422
182,30,"early","equal","simple",5,3,3,41,0.127450980392157,"underpowered",2.28038123747935
182,30,"early","equal","simple",6,4,3,41,0.122549019607843,"size",2.31017671001462
182,30,"early","equal","simple",7,5,3,41,0.117647058823529,"size",2.34659003076844
182,30,"early","equal","simple",8,6,3,41,0.112745098039216,"size",2.38453694208205
182,30,"early","equal","simple",9,7,3,41,0.107843137254902,"size",2.42216472544088
182,30,"early","equal","group",2,0,3,41,0.125,"no_pre",NA
182,30,"early","equal","group",3,1,3,41,0.125,"underpowered",2.36969300063141
182,30,"early","equal","group",4,2,3,41,0.125,"underpowered",2.27372668786422
182,30,"early","equal","group",5,3,3,41,0.125,"underpowered",2.28038123747935
182,30,"early","equal","group",6,4,3,41,0.125,"size",2.31017671001462
182,30,"early","equal","group",7,5,3,41,0.125,"size",2.34659003076844
182,30,"early","equal","group",8,6,3,41,0.125,"size",2.38453694208205
182,30,"early","equal","group",9,7,3,41,0.125,"size",2.42216472544088
182,30,"early","equal","dynamic",2,0,3,41,0.18423645320197,"no_pre",NA
182,30,"early","equal","dynamic",3,1,3,41,0.149753694581281,"underpowered",2.36969300063141
182,30,"early","equal","dynamic",4,2,3,41,0.132512315270936,"underpowered",2.27372668786422
182,30,"early","equal","dynamic",5,3,3,41,0.121018062397373,"underpowered",2.28038123747935
182,30,"early","equal","dynamic",6,4,3,41,0.1123973727422,"size",2.31017671001462
182,30,"early","equal","dynamic",7,5,3,41,0.105500821018062,"size",2.34659003076844
182,30,"early","equal","dynamic",8,6,3,41,0.0997536945812808,"size",2.38453694208205
182,30,"early","equal","dynamic",9,7,3,41,0.0948275862068965,"size",2.42216472544088
182,30,"early","equal","calendar",2,0,3,41,0.18423645320197,"no_pre",NA
182,30,"early","equal","calendar",3,1,3,41,0.149753694581281,"underpowered",2.36969300063141
182,30,"early","equal","calendar",4,2,3,41,0.132512315270936,"underpowered",2.27372668786422
182,30,"early","equal","calendar",5,3,3,41,0.121018062397373,"underpowered",2.28038123747935
182,30,"early","equal","calendar",6,4,3,41,0.1123973727422,"size",2.31017671001462
182,30,"early","equal","calendar",7,5,3,41,0.105500821018062,"size",2.34659003076844
182,30,"early","equal","calendar",8,6,3,41,0.0997536945812808,"size",2.38453694208205
182,30,"early","equal","calendar",9,7,3,41,0.0948275862068965,"size",2.42216472544088
182,30,"early","equal","stacked",2,0,3,62,0.0335588433714591,"no_pre",NA
182,30,"early","equal","stacked",3,1,3,59,0.0646515591020001,"underpowered",2.34491721410307
182,30,"early","equal","stacked",4,2,3,56,0.0932720855530722,"underpowered",2.25286849532642
182,30,"early","equal","stacked",5,3,3,53,0.119413062163578,"underpowered",2.26271120699661
182,30,"early","equal","stacked",6,4,3,50,0.143065461830286,"size",2.2959568618885
182,30,"early","equal","stacked",7,5,3,47,0.164218090945187,"size",2.33635527867982
182,30,"early","equal","stacked",8,6,3,44,0.182856897957803,"size",2.37898791517397
182,30,"early","equal","stacked",9,7,3,41,0.198963999076615,"size",2.42216472544088
185,30,"early","skewed","simple",2,0,8,41,0.404886561954625,"no_pre",NA
185,30,"early","skewed","simple",3,1,5,41,0.244328097731239,"underpowered",1.87680991261445
185,30,"early","skewed","simple",4,2,3,41,0.141361256544503,"underpowered",2.27372668786422
185,30,"early","skewed","simple",5,3,1,41,0.0453752181500873,"size",3.8589254925763
185,30,"early","skewed","simple",6,4,1,41,0.043630017452007,"size",3.9093462321614
185,30,"early","skewed","simple",7,5,1,41,0.0418848167539267,"size",3.97096588128709
185,30,"early","skewed","simple",8,6,1,41,0.0401396160558464,"size",4.03518071564281
185,30,"early","skewed","simple",9,7,1,41,0.0383944153577661,"size",4.09885551266624
185,30,"early","skewed","group",2,0,8,41,0.380952380952381,"no_pre",NA
185,30,"early","skewed","group",3,1,5,41,0.238095238095238,"underpowered",1.87680991261445
185,30,"early","skewed","group",4,2,3,41,0.142857142857143,"underpowered",2.27372668786422
185,30,"early","skewed","group",5,3,1,41,0.0476190476190476,"size",3.8589254925763
185,30,"early","skewed","group",6,4,1,41,0.0476190476190476,"size",3.9093462321614
185,30,"early","skewed","group",7,5,1,41,0.0476190476190476,"size",3.97096588128709
185,30,"early","skewed","group",8,6,1,41,0.0476190476190476,"size",4.03518071564281
185,30,"early","skewed","group",9,7,1,41,0.0476190476190476,"size",4.09885551266624
185,30,"early","skewed","dynamic",2,0,8,41,0.42180766578119,"no_pre",NA
185,30,"early","skewed","dynamic",3,1,5,41,0.242078066975313,"underpowered",1.87680991261445
185,30,"early","skewed","dynamic",4,2,3,41,0.13728928050349,"underpowered",2.27372668786422
185,30,"early","skewed","dynamic",5,3,1,41,0.0436079210873702,"size",3.8589254925763
185,30,"early","skewed","dynamic",6,4,1,41,0.0415795235214473,"size",3.9093462321614
185,30,"early","skewed","dynamic",7,5,1,41,0.0396638147091868,"size",3.97096588128709
185,30,"early","skewed","dynamic",8,6,1,41,0.0378489326765189,"size",4.03518071564281
185,30,"early","skewed","dynamic",9,7,1,41,0.0361247947454844,"size",4.09885551266624
185,30,"early","skewed","calendar",2,0,8,41,0.42180766578119,"no_pre",NA
185,30,"early","skewed","calendar",3,1,5,41,0.242078066975313,"underpowered",1.87680991261445
185,30,"early","skewed","calendar",4,2,3,41,0.13728928050349,"underpowered",2.27372668786422
185,30,"early","skewed","calendar",5,3,1,41,0.0436079210873702,"size",3.8589254925763
185,30,"early","skewed","calendar",6,4,1,41,0.0415795235214473,"size",3.9093462321614
185,30,"early","skewed","calendar",7,5,1,41,0.0396638147091868,"size",3.97096588128709
185,30,"early","skewed","calendar",8,6,1,41,0.0378489326765189,"size",4.03518071564281
185,30,"early","skewed","calendar",9,7,1,41,0.0361247947454844,"size",4.09885551266624
185,30,"early","skewed","stacked",2,0,8,54,0.146634482053806,"no_pre",NA
185,30,"early","skewed","stacked",3,1,5,49,0.184376856307426,"underpowered",1.86008221785285
185,30,"early","skewed","stacked",4,2,3,46,0.165544241966797,"underpowered",2.26528564887171
185,30,"early","skewed","stacked",5,3,1,45,0.0738302052319889,"size",3.85483981065508
185,30,"early","skewed","stacked",6,4,1,44,0.0886944060954092,"size",3.90617177265929
185,30,"early","skewed","stacked",7,5,1,43,0.102123178985227,"size",3.96876650926499
185,30,"early","skewed","stacked",8,6,1,42,0.114117635648085,"size",4.03403679479328
185,30,"early","skewed","stacked",9,7,1,41,0.124678993711261,"size",4.09885551266624
188,30,"late","equal","simple",23,21,3,41,0.222222222222222,"size",2.8290070747892
188,30,"late","equal","simple",24,22,3,41,0.194444444444444,"size",2.85147462962563
188,30,"late","equal","simple",25,23,3,41,0.166666666666667,"size",2.87334202241467
188,30,"late","equal","simple",26,24,3,41,0.138888888888889,"size",2.89464468020106
188,30,"late","equal","simple",27,25,3,41,0.111111111111111,"size",2.91541500172243
188,30,"late","equal","simple",28,26,3,41,0.0833333333333333,"size",2.9356826720367
188,30,"late","equal","simple",29,27,3,41,0.0555555555555556,"size",2.95547494299337
188,30,"late","equal","simple",30,28,3,41,0.0277777777777778,"size",2.9748168822459
188,30,"late","equal","group",23,21,3,41,0.125,"size",2.8290070747892
188,30,"late","equal","group",24,22,3,41,0.125,"size",2.85147462962563
188,30,"late","equal","group",25,23,3,41,0.125,"size",2.87334202241467
188,30,"late","equal","group",26,24,3,41,0.125,"size",2.89464468020106
188,30,"late","equal","group",27,25,3,41,0.125,"size",2.91541500172243
188,30,"late","equal","group",28,26,3,41,0.125,"size",2.9356826720367
188,30,"late","equal","group",29,27,3,41,0.125,"size",2.95547494299337
188,30,"late","equal","group",30,28,3,41,0.125,"size",2.9748168822459
188,30,"late","equal","dynamic",23,21,3,41,0.339732142857143,"size",2.8290070747892
188,30,"late","equal","dynamic",24,22,3,41,0.214732142857143,"size",2.85147462962563
188,30,"late","equal","dynamic",25,23,3,41,0.152232142857143,"size",2.87334202241467
188,30,"late","equal","dynamic",26,24,3,41,0.110565476190476,"size",2.89464468020106
188,30,"late","equal","dynamic",27,25,3,41,0.0793154761904762,"size",2.91541500172243
188,30,"late","equal","dynamic",28,26,3,41,0.0543154761904762,"size",2.9356826720367
188,30,"late","equal","dynamic",29,27,3,41,0.0334821428571429,"size",2.95547494299337
188,30,"late","equal","dynamic",30,28,3,41,0.015625,"size",2.9748168822459
188,30,"late","equal","calendar",23,21,3,41,0.339732142857143,"size",2.8290070747892
188,30,"late","equal","calendar",24,22,3,41,0.214732142857143,"size",2.85147462962563
188,30,"late","equal","calendar",25,23,3,41,0.152232142857143,"size",2.87334202241467
188,30,"late","equal","calendar",26,24,3,41,0.110565476190476,"size",2.89464468020106
188,30,"late","equal","calendar",27,25,3,41,0.0793154761904762,"size",2.91541500172243
188,30,"late","equal","calendar",28,26,3,41,0.0543154761904762,"size",2.9356826720367
188,30,"late","equal","calendar",29,27,3,41,0.0334821428571429,"size",2.95547494299337
188,30,"late","equal","calendar",30,28,3,41,0.015625,"size",2.9748168822459
188,30,"late","equal","stacked",23,21,3,62,0.202317513335776,"size",2.79614994671255
188,30,"late","equal","stacked",24,22,3,59,0.184641226359963,"size",2.82166168478603
188,30,"late","equal","stacked",25,23,3,56,0.164717971491625,"size",2.84698321620882
188,30,"late","equal","stacked",26,24,3,53,0.14257399975816,"size",2.87221489570046
188,30,"late","equal","stacked",27,25,3,50,0.11824150581581,"size",2.89746972577476
188,30,"late","equal","stacked",28,26,3,47,0.0917604110383147,"size",2.92287856737198
188,30,"late","equal","stacked",29,27,3,44,0.0631808294905821,"size",2.9485972932093
188,30,"late","equal","stacked",30,28,3,41,0.0325665427097679,"size",2.9748168822459
191,30,"late","skewed","simple",23,21,8,41,0.484848484848485,"size",1.82819016884114
191,30,"late","skewed","simple",24,22,5,41,0.265151515151515,"size",2.25838361721287
191,30,"late","skewed","simple",25,23,3,41,0.136363636363636,"size",2.87334202241467
191,30,"late","skewed","simple",26,24,1,41,0.0378787878787879,"size",4.89839942759983
191,30,"late","skewed","simple",27,25,1,41,0.0303030303030303,"size",4.93354755190926
191,30,"late","skewed","simple",28,26,1,41,0.0227272727272727,"size",4.96784507565899
191,30,"late","skewed","simple",29,27,1,41,0.0151515151515152,"size",5.00133811519788
191,30,"late","skewed","simple",30,28,1,41,0.00757575757575758,"size",5.03406909071668
191,30,"late","skewed","group",23,21,8,41,0.380952380952381,"size",1.82819016884114
191,30,"late","skewed","group",24,22,5,41,0.238095238095238,"size",2.25838361721287
191,30,"late","skewed","group",25,23,3,41,0.142857142857143,"size",2.87334202241467
191,30,"late","skewed","group",26,24,1,41,0.0476190476190476,"size",4.89839942759983
191,30,"late","skewed","group",27,25,1,41,0.0476190476190476,"size",4.93354755190926
191,30,"late","skewed","group",28,26,1,41,0.0476190476190476,"size",4.96784507565899
191,30,"late","skewed","group",29,27,1,41,0.0476190476190476,"size",5.00133811519788
191,30,"late","skewed","group",30,28,1,41,0.0476190476190476,"size",5.03406909071668
191,30,"late","skewed","dynamic",23,21,8,41,0.529052788456813,"size",1.82819016884114
191,30,"late","skewed","dynamic",24,22,5,41,0.252532992785508,"size",2.25838361721287
191,30,"late","skewed","dynamic",25,23,3,41,0.122673641825151,"size",2.87334202241467
191,30,"late","skewed","dynamic",26,24,1,41,0.033078713941717,"size",4.89839942759983
191,30,"late","skewed","dynamic",27,25,1,41,0.0257257727652464,"size",4.93354755190926
191,30,"late","skewed","dynamic",28,26,1,41,0.018781328320802,"size",4.96784507565899
191,30,"late","skewed","dynamic",29,27,1,41,0.012202380952381,"size",5.00133811519788
191,30,"late","skewed","dynamic",30,28,1,41,0.00595238095238095,"size",5.03406909071668
191,30,"late","skewed","calendar",23,21,8,41,0.529052788456813,"size",1.82819016884114
191,30,"late","skewed","calendar",24,22,5,41,0.252532992785508,"size",2.25838361721287
191,30,"late","skewed","calendar",25,23,3,41,0.122673641825151,"size",2.87334202241467
191,30,"late","skewed","calendar",26,24,1,41,0.033078713941717,"size",4.89839942759983
191,30,"late","skewed","calendar",27,25,1,41,0.0257257727652465,"size",4.93354755190926
191,30,"late","skewed","calendar",28,26,1,41,0.018781328320802,"size",4.96784507565899
191,30,"late","skewed","calendar",29,27,1,41,0.012202380952381,"size",5.00133811519788
191,30,"late","skewed","calendar",30,28,1,41,0.00595238095238095,"size",5.03406909071668
191,30,"late","skewed","stacked",23,21,8,54,0.446183017977176,"size",1.79190186864595
191,30,"late","skewed","stacked",24,22,5,49,0.26577034010407,"size",2.23825501945269
191,30,"late","skewed","stacked",25,23,3,46,0.147554959099131,"size",2.86267495667653
191,30,"late","skewed","stacked",26,24,1,45,0.0444910859956963,"size",4.89321319064792
191,30,"late","skewed","stacked",27,25,1,44,0.0369983037540745,"size",4.92954142250162
191,30,"late","skewed","stacked",28,26,1,43,0.028801102287105,"size",4.96509356889812
191,30,"late","skewed","stacked",29,27,1,42,0.0199011041903726,"size",4.99992030138762
191,30,"late","skewed","stacked",30,28,1,41,0.0103000865923751,"size",5.03406909071668
194,30,"spread","equal","simple",2,0,3,41,0.241666666666667,"no_pre",NA
194,30,"spread","equal","simple",6,4,3,41,0.208333333333333,"size",2.31017671001462
194,30,"spread","equal","simple",10,8,3,41,0.175,"size",2.45875877832958
194,30,"spread","equal","simple",14,12,3,41,0.141666666666667,"size",2.59196150606875
194,30,"spread","equal","simple",18,16,3,41,0.108333333333333,"size",2.70616807599005
194,30,"spread","equal","simple",22,20,3,41,0.075,"size",2.80590055209897
194,30,"spread","equal","simple",26,24,3,41,0.0416666666666667,"size",2.89464468020106
194,30,"spread","equal","simple",30,28,3,41,0.00833333333333333,"size",2.9748168822459
194,30,"spread","equal","group",2,0,3,41,0.125,"no_pre",NA
194,30,"spread","equal","group",6,4,3,41,0.125,"size",2.31017671001462
194,30,"spread","equal","group",10,8,3,41,0.125,"size",2.45875877832958
194,30,"spread","equal","group",14,12,3,41,0.125,"size",2.59196150606875
194,30,"spread","equal","group",18,16,3,41,0.125,"size",2.70616807599005
194,30,"spread","equal","group",22,20,3,41,0.125,"size",2.80590055209897
194,30,"spread","equal","group",26,24,3,41,0.125,"size",2.89464468020106
194,30,"spread","equal","group",30,28,3,41,0.125,"size",2.9748168822459
194,30,"spread","equal","dynamic",2,0,3,41,0.361945812807882,"no_pre",NA
194,30,"spread","equal","dynamic",6,4,3,41,0.224014778325123,"size",2.31017671001462
194,30,"spread","equal","dynamic",10,8,3,41,0.155049261083744,"size",2.45875877832958
194,30,"spread","equal","dynamic",14,12,3,41,0.109072249589491,"size",2.59196150606875
194,30,"spread","equal","dynamic",18,16,3,41,0.0745894909688013,"size",2.70616807599005
194,30,"spread","equal","dynamic",22,20,3,41,0.0470032840722496,"size",2.80590055209897
194,30,"spread","equal","dynamic",26,24,3,41,0.0240147783251232,"size",2.89464468020106
194,30,"spread","equal","dynamic",30,28,3,41,0.00431034482758621,"size",2.9748168822459
194,30,"spread","equal","calendar",2,0,3,41,0.361945812807882,"no_pre",NA
194,30,"spread","equal","calendar",6,4,3,41,0.224014778325123,"size",2.31017671001462
194,30,"spread","equal","calendar",10,8,3,41,0.155049261083744,"size",2.45875877832958
194,30,"spread","equal","calendar",14,12,3,41,0.109072249589491,"size",2.59196150606875
194,30,"spread","equal","calendar",18,16,3,41,0.0745894909688013,"size",2.70616807599005
194,30,"spread","equal","calendar",22,20,3,41,0.0470032840722496,"size",2.80590055209897
194,30,"spread","equal","calendar",26,24,3,41,0.0240147783251232,"size",2.89464468020106
194,30,"spread","equal","calendar",30,28,3,41,0.00431034482758621,"size",2.9748168822459
194,30,"spread","equal","stacked",2,0,3,62,0.0259645410775332,"no_pre",NA
194,30,"spread","equal","stacked",6,4,3,59,0.11165409486385,"size",2.28602318253455
194,30,"spread","equal","stacked",10,8,3,56,0.168384510847267,"size",2.43620318082697
194,30,"spread","equal","stacked",14,12,3,53,0.19632899180314,"size",2.57187712804038
194,30,"spread","equal","stacked",18,16,3,50,0.195699956229545,"size",2.68951077922245
194,30,"spread","equal","stacked",22,20,3,47,0.166760803064097,"size",2.79366249766274
194,30,"spread","equal","stacked",26,24,3,44,0.109842182036993,"size",2.88790858778148
194,30,"spread","equal","stacked",30,28,3,41,0.0253649200775755,"size",2.9748168822459
197,30,"spread","skewed","simple",2,0,8,41,0.498924731182796,"no_pre",NA
197,30,"spread","skewed","simple",6,4,5,41,0.268817204301075,"underpowered",1.82967268253364
197,30,"spread","skewed","simple",10,8,3,41,0.135483870967742,"size",2.45875877832958
197,30,"spread","skewed","simple",14,12,1,41,0.0365591397849462,"size",4.38619041726602
197,30,"spread","skewed","simple",18,16,1,41,0.0279569892473118,"size",4.57945399830484
197,30,"spread","skewed","simple",22,20,1,41,0.0193548387096774,"size",4.74822410927096
197,30,"spread","skewed","simple",26,24,1,41,0.010752688172043,"size",4.89839942759983
197,30,"spread","skewed","simple",30,28,1,41,0.0021505376344086,"size",5.03406909071668
197,30,"spread","skewed","group",2,0,8,41,0.380952380952381,"no_pre",NA
197,30,"spread","skewed","group",6,4,5,41,0.238095238095238,"underpowered",1.82967268253364
197,30,"spread","skewed","group",10,8,3,41,0.142857142857143,"size",2.45875877832958
197,30,"spread","skewed","group",14,12,1,41,0.0476190476190476,"size",4.38619041726602
197,30,"spread","skewed","group",18,16,1,41,0.0476190476190476,"size",4.57945399830484
197,30,"spread","skewed","group",22,20,1,41,0.0476190476190476,"size",4.74822410927096
197,30,"spread","skewed","group",26,24,1,41,0.0476190476190476,"size",4.89839942759983
197,30,"spread","skewed","group",30,28,1,41,0.0476190476190476,"size",5.03406909071668
197,30,"spread","skewed","dynamic",2,0,8,41,0.544373520267617,"no_pre",NA
197,30,"spread","skewed","dynamic",6,4,5,41,0.254026553615536,"underpowered",1.82967268253364
197,30,"spread","skewed","dynamic",10,8,3,41,0.120585693442531,"size",2.45875877832958
197,30,"spread","skewed","dynamic",14,12,1,41,0.031574541492338,"size",4.38619041726602
197,30,"spread","skewed","dynamic",18,16,1,41,0.0234609512286463,"size",4.57945399830484
197,30,"spread","skewed","dynamic",22,20,1,41,0.0157981159796042,"size",4.74822410927096
197,30,"spread","skewed","dynamic",26,24,1,41,0.00853858784893268,"size",4.89839942759983
197,30,"spread","skewed","dynamic",30,28,1,41,0.00164203612479475,"size",5.03406909071668
197,30,"spread","skewed","calendar",2,0,8,41,0.544373520267617,"no_pre",NA
197,30,"spread","skewed","calendar",6,4,5,41,0.254026553615536,"underpowered",1.82967268253364
197,30,"spread","skewed","calendar",10,8,3,41,0.120585693442531,"size",2.45875877832958
197,30,"spread","skewed","calendar",14,12,1,41,0.031574541492338,"size",4.38619041726602
197,30,"spread","skewed","calendar",18,16,1,41,0.0234609512286463,"size",4.57945399830484
197,30,"spread","skewed","calendar",22,20,1,41,0.0157981159796042,"size",4.74822410927096
197,30,"spread","skewed","calendar",26,24,1,41,0.00853858784893268,"size",4.89839942759983
197,30,"spread","skewed","calendar",30,28,1,41,0.00164203612479475,"size",5.03406909071668
197,30,"spread","skewed","stacked",2,0,8,54,0.0976689546699592,"no_pre",NA
197,30,"spread","skewed","stacked",6,4,5,49,0.274125111867321,"underpowered",1.81336511406794
197,30,"spread","skewed","stacked",10,8,3,46,0.257283120737737,"size",2.44963082164428
197,30,"spread","skewed","stacked",14,12,1,45,0.104499314162277,"size",4.38154648751788
197,30,"spread","skewed","stacked",18,16,1,44,0.10444770956269,"size",4.57573539923581
197,30,"spread","skewed","stacked",22,20,1,43,0.0892779208488822,"size",4.74559424248973
197,30,"spread","skewed","stacked",26,24,1,42,0.0590143097973502,"size",4.89701079555843
197,30,"spread","skewed","stacked",30,28,1,41,0.0136835583537829,"size",5.03406909071668
200,30,"early","equal","simple",2,0,3,41,0.109848484848485,"no_pre",NA
200,30,"early","equal","simple",3,1,3,41,0.106060606060606,"underpowered",2.36969300063141
200,30,"early","equal","simple",4,2,3,41,0.102272727272727,"underpowered",2.27372668786422
200,30,"early","equal","simple",5,3,3,41,0.0984848484848485,"underpowered",2.28038123747935
200,30,"early","equal","simple",6,4,3,41,0.0946969696969697,"size",2.31017671001462
200,30,"early","equal","simple",7,5,3,41,0.0909090909090909,"size",2.34659003076844
200,30,"early","equal","simple",8,6,3,41,0.0871212121212121,"size",2.38453694208205
200,30,"early","equal","simple",9,7,3,41,0.0833333333333333,"size",2.42216472544088
200,30,"early","equal","simple",10,8,3,41,0.0795454545454545,"size",2.45875877832958
200,30,"early","equal","simple",11,9,3,41,0.0757575757575758,"size",2.49405998459531
200,30,"early","equal","simple",12,10,3,41,0.071969696969697,"size",2.52800531572859
200,30,"early","equal","group",2,0,3,41,0.0909090909090909,"no_pre",NA
200,30,"early","equal","group",3,1,3,41,0.0909090909090909,"underpowered",2.36969300063141
200,30,"early","equal","group",4,2,3,41,0.0909090909090909,"underpowered",2.27372668786422
200,30,"early","equal","group",5,3,3,41,0.0909090909090909,"underpowered",2.28038123747935
200,30,"early","equal","group",6,4,3,41,0.0909090909090909,"size",2.31017671001462
200,30,"early","equal","group",7,5,3,41,0.0909090909090909,"size",2.34659003076844
200,30,"early","equal","group",8,6,3,41,0.0909090909090909,"size",2.38453694208205
200,30,"early","equal","group",9,7,3,41,0.0909090909090909,"size",2.42216472544088
200,30,"early","equal","group",10,8,3,41,0.0909090909090909,"size",2.45875877832958
200,30,"early","equal","group",11,9,3,41,0.0909090909090909,"size",2.49405998459531
200,30,"early","equal","group",12,10,3,41,0.0909090909090909,"size",2.52800531572859
200,30,"early","equal","dynamic",2,0,3,41,0.160560033835896,"no_pre",NA
200,30,"early","equal","dynamic",3,1,3,41,0.126077275215206,"underpowered",2.36969300063141
200,30,"early","equal","dynamic",4,2,3,41,0.108835895904861,"underpowered",2.27372668786422
200,30,"early","equal","dynamic",5,3,3,41,0.0973416430312982,"underpowered",2.28038123747935
200,30,"early","equal","dynamic",6,4,3,41,0.0887209533761258,"size",2.31017671001462
200,30,"early","equal","dynamic",7,5,3,41,0.0818244016519878,"size",2.34659003076844
200,30,"early","equal","dynamic",8,6,3,41,0.0760772752152062,"size",2.38453694208205
200,30,"early","equal","dynamic",9,7,3,41,0.071151166840822,"size",2.42216472544088
200,30,"early","equal","dynamic",10,8,3,41,0.0668408220132358,"size",2.45875877832958
200,30,"early","equal","dynamic",11,9,3,41,0.0630094043887147,"size",2.49405998459531
200,30,"early","equal","dynamic",12,10,3,41,0.0595611285266458,"size",2.52800531572859
200,30,"early","equal","calendar",2,0,3,41,0.160560033835896,"no_pre",NA
200,30,"early","equal","calendar",3,1,3,41,0.126077275215206,"underpowered",2.36969300063141
200,30,"early","equal","calendar",4,2,3,41,0.108835895904861,"underpowered",2.27372668786422
200,30,"early","equal","calendar",5,3,3,41,0.0973416430312982,"underpowered",2.28038123747935
200,30,"early","equal","calendar",6,4,3,41,0.0887209533761258,"size",2.31017671001462
200,30,"early","equal","calendar",7,5,3,41,0.0818244016519879,"size",2.34659003076844
200,30,"early","equal","calendar",8,6,3,41,0.0760772752152062,"size",2.38453694208205
200,30,"early","equal","calendar",9,7,3,41,0.071151166840822,"size",2.42216472544088
200,30,"early","equal","calendar",10,8,3,41,0.0668408220132358,"size",2.45875877832958
200,30,"early","equal","calendar",11,9,3,41,0.0630094043887147,"size",2.49405998459531
200,30,"early","equal","calendar",12,10,3,41,0.0595611285266458,"size",2.52800531572859
200,30,"early","equal","stacked",2,0,3,71,0.0199920283015195,"no_pre",NA
200,30,"early","equal","stacked",3,1,3,68,0.0385363716773614,"underpowered",2.33739652421101
200,30,"early","equal","stacked",4,2,3,65,0.0556316183366784,"underpowered",2.24492392028357
200,30,"early","equal","stacked",5,3,3,62,0.0712760958503129,"underpowered",2.25389605154568
200,30,"early","equal","stacked",6,4,3,59,0.0854678080931416,"size",2.28602318253455
200,30,"early","equal","stacked",7,5,3,56,0.0982043529484902,"size",2.32506342120262
200,30,"early","equal","stacked",8,6,3,53,0.109482813560398,"size",2.36605983844635
200,30,"early","equal","stacked",9,7,3,50,0.119299612652684,"size",2.40725555663882
200,30,"early","equal","stacked",10,8,3,47,0.127650314402889,"size",2.4480347974842
200,30,"early","equal","stacked",11,9,3,44,0.134529350438134,"size",2.48825608794743
200,30,"early","equal","stacked",12,10,3,41,0.139929633738392,"size",2.52800531572859
203,30,"early","skewed","simple",2,0,8,41,0.36650868878357,"no_pre",NA
203,30,"early","skewed","simple",3,1,5,41,0.221169036334913,"underpowered",1.87680991261445
203,30,"early","skewed","simple",4,2,3,41,0.127962085308057,"underpowered",2.27372668786422
203,30,"early","skewed","simple",5,3,1,41,0.0410742496050553,"size",3.8589254925763
203,30,"early","skewed","simple",6,4,1,41,0.0394944707740916,"size",3.9093462321614
203,30,"early","skewed","simple",7,5,1,41,0.037914691943128,"size",3.97096588128709
203,30,"early","skewed","simple",8,6,1,41,0.0363349131121643,"size",4.03518071564281
203,30,"early","skewed","simple",9,7,1,41,0.0347551342812006,"size",4.09885551266624
203,30,"early","skewed","simple",10,8,1,41,0.033175355450237,"size",4.16078100181162
203,30,"early","skewed","simple",11,9,1,41,0.0315955766192733,"size",4.22051869941174
203,30,"early","skewed","simple",12,10,1,41,0.0300157977883096,"size",4.2779619468439
203,30,"early","skewed","group",2,0,8,41,0.333333333333333,"no_pre",NA
203,30,"early","skewed","group",3,1,5,41,0.208333333333333,"underpowered",1.87680991261445
203,30,"early","skewed","group",4,2,3,41,0.125,"underpowered",2.27372668786422
203,30,"early","skewed","group",5,3,1,41,0.0416666666666667,"size",3.8589254925763
203,30,"early","skewed","group",6,4,1,41,0.0416666666666667,"size",3.9093462321614
203,30,"early","skewed","group",7,5,1,41,0.0416666666666667,"size",3.97096588128709
203,30,"early","skewed","group",8,6,1,41,0.0416666666666667,"size",4.03518071564281
203,30,"early","skewed","group",9,7,1,41,0.0416666666666667,"size",4.09885551266624
203,30,"early","skewed","group",10,8,1,41,0.0416666666666667,"size",4.16078100181162
203,30,"early","skewed","group",11,9,1,41,0.0416666666666667,"size",4.22051869941174
203,30,"early","skewed","group",12,10,1,41,0.0416666666666667,"size",4.2779619468439
203,30,"early","skewed","dynamic",2,0,8,41,0.388869589364853,"no_pre",NA
203,30,"early","skewed","dynamic",3,1,5,41,0.221491769215102,"underpowered",1.87680991261445
203,30,"early","skewed","dynamic",4,2,3,41,0.124937501847363,"underpowered",2.27372668786422
203,30,"early","skewed","dynamic",5,3,1,41,0.039490661535328,"size",3.8589254925763
203,30,"early","skewed","dynamic",6,4,1,41,0.0374622639694051,"size",3.9093462321614
203,30,"early","skewed","dynamic",7,5,1,41,0.0355465551571446,"size",3.97096588128709
203,30,"early","skewed","dynamic",8,6,1,41,0.0337316731244767,"size",4.03518071564281
203,30,"early","skewed","dynamic",9,7,1,41,0.0320075351934422,"size",4.09885551266624
203,30,"early","skewed","dynamic",10,8,1,41,0.0303654990686475,"size",4.16078100181162
203,30,"early","skewed","dynamic",11,9,1,41,0.0287981009495252,"size",4.22051869941174
203,30,"early","skewed","dynamic",12,10,1,41,0.0272988505747126,"size",4.2779619468439
203,30,"early","skewed","calendar",2,0,8,41,0.388869589364853,"no_pre",NA
203,30,"early","skewed","calendar",3,1,5,41,0.221491769215102,"underpowered",1.87680991261445
203,30,"early","skewed","calendar",4,2,3,41,0.124937501847363,"underpowered",2.27372668786422
203,30,"early","skewed","calendar",5,3,1,41,0.0394906615353281,"size",3.8589254925763
203,30,"early","skewed","calendar",6,4,1,41,0.0374622639694051,"size",3.9093462321614
203,30,"early","skewed","calendar",7,5,1,41,0.0355465551571446,"size",3.97096588128709
203,30,"early","skewed","calendar",8,6,1,41,0.0337316731244767,"size",4.03518071564281
203,30,"early","skewed","calendar",9,7,1,41,0.0320075351934422,"size",4.09885551266624
203,30,"early","skewed","calendar",10,8,1,41,0.0303654990686475,"size",4.16078100181162
203,30,"early","skewed","calendar",11,9,1,41,0.0287981009495252,"size",4.22051869941174
203,30,"early","skewed","calendar",12,10,1,41,0.0272988505747126,"size",4.2779619468439
203,30,"early","skewed","stacked",2,0,8,57,0.103443278901796,"no_pre",NA
203,30,"early","skewed","stacked",3,1,5,52,0.129879112873802,"underpowered",1.85510739691512
203,30,"early","skewed","stacked",4,2,3,49,0.116426489893724,"underpowered",2.26103602119185
203,30,"early","skewed","stacked",5,3,1,48,0.0518001826272191,"size",3.85222014347474
203,30,"early","skewed","stacked",6,4,1,47,0.062232812390703,"size",3.90340045498325
203,30,"early","skewed","stacked",7,5,1,46,0.0716597452793075,"size",3.96582413902788
203,30,"early","skewed","stacked",8,6,1,45,0.0800817126253131,"size",4.03090842146909
203,30,"early","skewed","stacked",9,7,1,44,0.0874995107683139,"size",4.09552716821751
203,30,"early","skewed","stacked",10,8,1,43,0.0939140084424126,"size",4.15847649817219
203,30,"early","skewed","stacked",11,9,1,42,0.0993261551941868,"size",4.21932223767277
203,30,"early","skewed","stacked",12,10,1,41,0.103736991003221,"size",4.2779619468439
206,30,"late","equal","simple",20,18,3,41,0.166666666666667,"size",2.75759614126629
206,30,"late","equal","simple",21,19,3,41,0.151515151515152,"size",2.78211249124735
206,30,"late","equal","simple",22,20,3,41,0.136363636363636,"size",2.80590055209897
206,30,"late","equal","simple",23,21,3,41,0.121212121212121,"size",2.8290070747892
206,30,"late","equal","simple",24,22,3,41,0.106060606060606,"size",2.85147462962563
206,30,"late","equal","simple",25,23,3,41,0.0909090909090909,"size",2.87334202241467
206,30,"late","equal","simple",26,24,3,41,0.0757575757575758,"size",2.89464468020106
206,30,"late","equal","simple",27,25,3,41,0.0606060606060606,"size",2.91541500172243
206,30,"late","equal","simple",28,26,3,41,0.0454545454545455,"size",2.9356826720367
206,30,"late","equal","simple",29,27,3,41,0.0303030303030303,"size",2.95547494299337
206,30,"late","equal","simple",30,28,3,41,0.0151515151515152,"size",2.9748168822459
206,30,"late","equal","group",20,18,3,41,0.0909090909090909,"size",2.75759614126629
206,30,"late","equal","group",21,19,3,41,0.0909090909090909,"size",2.78211249124735
206,30,"late","equal","group",22,20,3,41,0.0909090909090909,"size",2.80590055209897
206,30,"late","equal","group",23,21,3,41,0.0909090909090909,"size",2.8290070747892
206,30,"late","equal","group",24,22,3,41,0.0909090909090909,"size",2.85147462962563
206,30,"late","equal","group",25,23,3,41,0.0909090909090909,"size",2.87334202241467
206,30,"late","equal","group",26,24,3,41,0.0909090909090909,"size",2.89464468020106
206,30,"late","equal","group",27,25,3,41,0.0909090909090909,"size",2.91541500172243
206,30,"late","equal","group",28,26,3,41,0.0909090909090909,"size",2.9356826720367
206,30,"late","equal","group",29,27,3,41,0.0909090909090909,"size",2.95547494299337
206,30,"late","equal","group",30,28,3,41,0.0909090909090909,"size",2.9748168822459
206,30,"late","equal","dynamic",20,18,3,41,0.274534304079759,"size",2.75759614126629
206,30,"late","equal","dynamic",21,19,3,41,0.183625213170668,"size",2.78211249124735
206,30,"late","equal","dynamic",22,20,3,41,0.138170667716122,"size",2.80590055209897
206,30,"late","equal","dynamic",23,21,3,41,0.107867637413092,"size",2.8290070747892
206,30,"late","equal","dynamic",24,22,3,41,0.0851403646858192,"size",2.85147462962563
206,30,"late","equal","dynamic",25,23,3,41,0.066958546504001,"size",2.87334202241467
206,30,"late","equal","dynamic",26,24,3,41,0.0518070313524859,"size",2.89464468020106
206,30,"late","equal","dynamic",27,25,3,41,0.0388200183654729,"size",2.91541500172243
206,30,"late","equal","dynamic",28,26,3,41,0.0274563820018365,"size",2.9356826720367
206,30,"late","equal","dynamic",29,27,3,41,0.0173553719008264,"size",2.95547494299337
206,30,"late","equal","dynamic",30,28,3,41,0.00826446280991736,"size",2.9748168822459
206,30,"late","equal","calendar",20,18,3,41,0.274534304079759,"size",2.75759614126629
206,30,"late","equal","calendar",21,19,3,41,0.183625213170668,"size",2.78211249124735
206,30,"late","equal","calendar",22,20,3,41,0.138170667716122,"size",2.80590055209897
206,30,"late","equal","calendar",23,21,3,41,0.107867637413092,"size",2.8290070747892
206,30,"late","equal","calendar",24,22,3,41,0.0851403646858192,"size",2.85147462962563
206,30,"late","equal","calendar",25,23,3,41,0.0669585465040011,"size",2.87334202241467
206,30,"late","equal","calendar",26,24,3,41,0.0518070313524859,"size",2.89464468020106
206,30,"late","equal","calendar",27,25,3,41,0.0388200183654729,"size",2.91541500172243
206,30,"late","equal","calendar",28,26,3,41,0.0274563820018365,"size",2.9356826720367
206,30,"late","equal","calendar",29,27,3,41,0.0173553719008264,"size",2.95547494299337
206,30,"late","equal","calendar",30,28,3,41,0.00826446280991736,"size",2.9748168822459
206,30,"late","equal","stacked",20,18,3,71,0.142977488203738,"size",2.71758375836931
206,30,"late","equal","stacked",21,19,3,68,0.136576288907743,"size",2.74419516168249
206,30,"late","equal","stacked",22,20,3,65,0.128813385981234,"size",2.77035639374085
206,30,"late","equal","stacked",23,21,3,62,0.119697684370873,"size",2.79614994671255
206,30,"late","equal","stacked",24,22,3,59,0.109239812561385,"size",2.82166168478603
206,30,"late","equal","stacked",25,23,3,56,0.0974525607632038,"size",2.84698321620882
206,30,"late","equal","stacked",26,24,3,53,0.0843514599461391,"size",2.87221489570046
206,30,"late","equal","stacked",27,25,3,50,0.069955557525997,"size",2.89746972577476
206,30,"late","equal","stacked",28,26,3,47,0.0542884722983767,"size",2.92287856737198
206,30,"late","equal","stacked",29,27,3,44,0.0373798533896686,"size",2.9485972932093
206,30,"late","equal","stacked",30,28,3,41,0.0192674360516423,"size",2.9748168822459
209,30,"late","skewed","simple",20,18,8,41,0.437810945273632,"size",1.78204225787344
209,30,"late","skewed","simple",21,19,5,41,0.248756218905473,"size",2.20344842145806
209,30,"late","skewed","simple",22,20,3,41,0.134328358208955,"size",2.80590055209897
209,30,"late","skewed","simple",23,21,1,41,0.0398009950248756,"size",4.78732561913635
209,30,"late","skewed","simple",24,22,1,41,0.0348258706467662,"size",4.82534584956501
209,30,"late","skewed","simple",25,23,1,41,0.0298507462686567,"size",4.86235046883782
209,30,"late","skewed","simple",26,24,1,41,0.0248756218905473,"size",4.89839942759983
209,30,"late","skewed","simple",27,25,1,41,0.0199004975124378,"size",4.93354755190926
209,30,"late","skewed","simple",28,26,1,41,0.0149253731343284,"size",4.96784507565899
209,30,"late","skewed","simple",29,27,1,41,0.00995024875621891,"size",5.00133811519788
209,30,"late","skewed","simple",30,28,1,41,0.00497512437810945,"size",5.03406909071668
209,30,"late","skewed","group",20,18,8,41,0.333333333333333,"size",1.78204225787344
209,30,"late","skewed","group",21,19,5,41,0.208333333333333,"size",2.20344842145806
209,30,"late","skewed","group",22,20,3,41,0.125,"size",2.80590055209897
209,30,"late","skewed","group",23,21,1,41,0.0416666666666667,"size",4.78732561913635
209,30,"late","skewed","group",24,22,1,41,0.0416666666666667,"size",4.82534584956501
209,30,"late","skewed","group",25,23,1,41,0.0416666666666667,"size",4.86235046883782
209,30,"late","skewed","group",26,24,1,41,0.0416666666666667,"size",4.89839942759983
209,30,"late","skewed","group",27,25,1,41,0.0416666666666667,"size",4.93354755190926
209,30,"late","skewed","group",28,26,1,41,0.0416666666666667,"size",4.96784507565899
209,30,"late","skewed","group",29,27,1,41,0.0416666666666667,"size",5.00133811519788
209,30,"late","skewed","group",30,28,1,41,0.0416666666666667,"size",5.03406909071668
209,30,"late","skewed","dynamic",20,18,8,41,0.479747099234611,"size",1.78204225787344
209,30,"late","skewed","dynamic",21,19,5,41,0.24302375520345,"size",2.20344842145806
209,30,"late","skewed","dynamic",22,20,3,41,0.124835232143049,"size",2.80590055209897
209,30,"late","skewed","dynamic",23,21,1,41,0.0359299258658649,"size",4.78732561913635
209,30,"late","skewed","dynamic",24,22,1,41,0.0305823322829772,"size",4.82534584956501
209,30,"late","skewed","dynamic",25,23,1,41,0.0255318272324721,"size",4.86235046883782
209,30,"late","skewed","dynamic",26,24,1,41,0.0207471382372568,"size",4.89839942759983
209,30,"late","skewed","dynamic",27,25,1,41,0.0162016836918023,"size",4.93354755190926
209,30,"late","skewed","dynamic",28,26,1,41,0.0118726793627979,"size",4.96784507565899
209,30,"late","skewed","dynamic",29,27,1,41,0.00774044795783926,"size",5.00133811519788
209,30,"late","skewed","dynamic",30,28,1,41,0.00378787878787879,"size",5.03406909071668
209,30,"late","skewed","calendar",20,18,8,41,0.479747099234611,"size",1.78204225787344
209,30,"late","skewed","calendar",21,19,5,41,0.24302375520345,"size",2.20344842145806
209,30,"late","skewed","calendar",22,20,3,41,0.124835232143049,"size",2.80590055209897
209,30,"late","skewed","calendar",23,21,1,41,0.0359299258658649,"size",4.78732561913635
209,30,"late","skewed","calendar",24,22,1,41,0.0305823322829772,"size",4.82534584956501
209,30,"late","skewed","calendar",25,23,1,41,0.0255318272324721,"size",4.86235046883782
209,30,"late","skewed","calendar",26,24,1,41,0.0207471382372568,"size",4.89839942759983
209,30,"late","skewed","calendar",27,25,1,41,0.0162016836918023,"size",4.93354755190926
209,30,"late","skewed","calendar",28,26,1,41,0.0118726793627979,"size",4.96784507565899
209,30,"late","skewed","calendar",29,27,1,41,0.00774044795783926,"size",5.00133811519788
209,30,"late","skewed","calendar",30,28,1,41,0.00378787878787879,"size",5.03406909071668
209,30,"late","skewed","stacked",20,18,8,57,0.38892557428184,"size",1.74072889003188
209,30,"late","skewed","stacked",21,19,5,52,0.241989887406029,"size",2.17796881713695
209,30,"late","skewed","stacked",22,20,3,49,0.141724366635613,"size",2.79023958949842
209,30,"late","skewed","stacked",23,21,1,48,0.0457326697103413,"size",4.77900706268821
209,30,"late","skewed","stacked",24,22,1,47,0.041816841444744,"size",4.81800691626895
209,30,"late","skewed","stacked",25,23,1,46,0.037384467188265,"size",4.85605453136766
209,30,"late","skewed","stacked",26,24,1,45,0.0324364580474741,"size",4.89321319064792
209,30,"late","skewed","stacked",27,25,1,44,0.0269738061161921,"size",4.92954142250162
209,30,"late","skewed","stacked",28,26,1,43,0.0209975936785867,"size",4.96509356889812
209,30,"late","skewed","stacked",29,27,1,42,0.014509003696423,"size",4.99992030138762
209,30,"late","skewed","stacked",30,28,1,41,0.00750933179449122,"size",5.03406909071668
212,30,"spread","equal","simple",2,0,3,41,0.175757575757576,"no_pre",NA
212,30,"spread","equal","simple",5,3,3,41,0.157575757575758,"underpowered",2.28038123747935
212,30,"spread","equal","simple",8,6,3,41,0.139393939393939,"size",2.38453694208205
212,30,"spread","equal","simple",10,8,3,41,0.127272727272727,"size",2.45875877832958
212,30,"spread","equal","simple",13,11,3,41,0.109090909090909,"size",2.56061864615632
212,30,"spread","equal","simple",16,14,3,41,0.0909090909090909,"size",2.65114301757091
212,30,"spread","equal","simple",19,17,3,41,0.0727272727272727,"size",2.73230013697994
212,30,"spread","equal","simple",22,20,3,41,0.0545454545454545,"size",2.80590055209897
212,30,"spread","equal","simple",24,22,3,41,0.0424242424242424,"size",2.85147462962563
212,30,"spread","equal","simple",27,25,3,41,0.0242424242424242,"size",2.91541500172243
212,30,"spread","equal","simple",30,28,3,41,0.00606060606060606,"size",2.9748168822459
212,30,"spread","equal","group",2,0,3,41,0.0909090909090909,"no_pre",NA
212,30,"spread","equal","group",5,3,3,41,0.0909090909090909,"underpowered",2.28038123747935
212,30,"spread","equal","group",8,6,3,41,0.0909090909090909,"size",2.38453694208205
212,30,"spread","equal","group",10,8,3,41,0.0909090909090909,"size",2.45875877832958
212,30,"spread","equal","group",13,11,3,41,0.0909090909090909,"size",2.56061864615632
212,30,"spread","equal","group",16,14,3,41,0.0909090909090909,"size",2.65114301757091
212,30,"spread","equal","group",19,17,3,41,0.0909090909090909,"size",2.73230013697994
212,30,"spread","equal","group",22,20,3,41,0.0909090909090909,"size",2.80590055209897
212,30,"spread","equal","group",24,22,3,41,0.0909090909090909,"size",2.85147462962563
212,30,"spread","equal","group",27,25,3,41,0.0909090909090909,"size",2.91541500172243
212,30,"spread","equal","group",30,28,3,41,0.0909090909090909,"size",2.9748168822459
212,30,"spread","equal","dynamic",2,0,3,41,0.290326914464845,"no_pre",NA
212,30,"spread","equal","dynamic",5,3,3,41,0.186878638602777,"underpowered",2.28038123747935
212,30,"spread","equal","dynamic",8,6,3,41,0.135154500671742,"size",2.38453694208205
212,30,"spread","equal","dynamic",10,8,3,41,0.112165994924616,"size",2.45875877832958
212,30,"spread","equal","dynamic",13,11,3,41,0.0863039259590984,"size",2.56061864615632
212,30,"spread","equal","dynamic",16,14,3,41,0.0656142707866846,"size",2.65114301757091
212,30,"spread","equal","dynamic",19,17,3,41,0.0483728914763397,"size",2.73230013697994
212,30,"spread","equal","dynamic",22,20,3,41,0.033594566353187,"size",2.80590055209897
212,30,"spread","equal","dynamic",24,22,3,41,0.0249738766980146,"size",2.85147462962563
212,30,"spread","equal","dynamic",27,25,3,41,0.0134796238244514,"size",2.91541500172243
212,30,"spread","equal","dynamic",30,28,3,41,0.00313479623824451,"size",2.9748168822459
212,30,"spread","equal","calendar",2,0,3,41,0.290326914464846,"no_pre",NA
212,30,"spread","equal","calendar",5,3,3,41,0.186878638602776,"underpowered",2.28038123747935
212,30,"spread","equal","calendar",8,6,3,41,0.135154500671742,"size",2.38453694208205
212,30,"spread","equal","calendar",10,8,3,41,0.112165994924616,"size",2.45875877832958
212,30,"spread","equal","calendar",13,11,3,41,0.0863039259590984,"size",2.56061864615632
212,30,"spread","equal","calendar",16,14,3,41,0.0656142707866846,"size",2.65114301757091
212,30,"spread","equal","calendar",19,17,3,41,0.0483728914763398,"size",2.73230013697994
212,30,"spread","equal","calendar",22,20,3,41,0.033594566353187,"size",2.80590055209897
212,30,"spread","equal","calendar",24,22,3,41,0.0249738766980146,"size",2.85147462962563
212,30,"spread","equal","calendar",27,25,3,41,0.0134796238244514,"size",2.91541500172243
212,30,"spread","equal","calendar",30,28,3,41,0.00313479623824451,"size",2.9748168822459
212,30,"spread","equal","stacked",2,0,3,71,0.0180775268039154,"no_pre",NA
212,30,"spread","equal","stacked",5,3,3,68,0.0647140068489385,"underpowered",2.24930198846011
212,30,"spread","equal","stacked",8,6,3,65,0.0999872691785001,"size",2.35433046929144
212,30,"spread","equal","stacked",10,8,3,62,0.117126326988701,"size",2.43020185006697
212,30,"spread","equal","stacked",13,11,3,59,0.133545254645955,"size",2.53384667993927
212,30,"spread","equal","stacked",16,14,3,56,0.138749977296621,"size",2.62682256964686
212,30,"spread","equal","stacked",19,17,3,53,0.132817707859143,"size",2.71112831451669
212,30,"spread","equal","stacked",22,20,3,50,0.115843141422178,"size",2.788629371269
212,30,"spread","equal","stacked",24,22,3,47,0.0983259422444573,"size",2.83903780191455
212,30,"spread","equal","stacked",27,25,3,44,0.0632561193354455,"size",2.90863057494032
212,30,"spread","equal","stacked",30,28,3,41,0.0175567273761458,"size",2.9748168822459
215,30,"spread","skewed","simple",2,0,8,41,0.447876447876448,"no_pre",NA
215,30,"spread","skewed","simple",5,3,5,41,0.250965250965251,"underpowered",1.8060745041239
215,30,"spread","skewed","simple",8,6,3,41,0.133204633204633,"size",2.38453694208205
215,30,"spread","skewed","simple",10,8,1,41,0.0405405405405405,"size",4.16078100181162
215,30,"spread","skewed","simple",13,11,1,41,0.0347490347490347,"size",4.33315114508712
215,30,"spread","skewed","simple",16,14,1,41,0.028957528957529,"size",4.48633904139578
215,30,"spread","skewed","simple",19,17,1,41,0.0231660231660232,"size",4.62367540947506
215,30,"spread","skewed","simple",22,20,1,41,0.0173745173745174,"size",4.74822410927096
215,30,"spread","skewed","simple",24,22,1,41,0.0135135135135135,"size",4.82534584956501
215,30,"spread","skewed","simple",27,25,1,41,0.00772200772200772,"size",4.93354755190926
215,30,"spread","skewed","simple",30,28,1,41,0.00193050193050193,"size",5.03406909071668
215,30,"spread","skewed","group",2,0,8,41,0.333333333333333,"no_pre",NA
215,30,"spread","skewed","group",5,3,5,41,0.208333333333333,"underpowered",1.8060745041239
215,30,"spread","skewed","group",8,6,3,41,0.125,"size",2.38453694208205
215,30,"spread","skewed","group",10,8,1,41,0.0416666666666667,"size",4.16078100181162
215,30,"spread","skewed","group",13,11,1,41,0.0416666666666667,"size",4.33315114508712
215,30,"spread","skewed","group",16,14,1,41,0.0416666666666667,"size",4.48633904139578
215,30,"spread","skewed","group",19,17,1,41,0.0416666666666667,"size",4.62367540947506
215,30,"spread","skewed","group",22,20,1,41,0.0416666666666667,"size",4.74822410927096
215,30,"spread","skewed","group",24,22,1,41,0.0416666666666667,"size",4.82534584956501
215,30,"spread","skewed","group",27,25,1,41,0.0416666666666667,"size",4.93354755190926
215,30,"spread","skewed","group",30,28,1,41,0.0416666666666667,"size",5.03406909071668
215,30,"spread","skewed","dynamic",2,0,8,41,0.492552938866315,"no_pre",NA
215,30,"spread","skewed","dynamic",5,3,5,41,0.243190414377654,"underpowered",1.8060745041239
215,30,"spread","skewed","dynamic",8,6,3,41,0.122041569581499,"size",2.38453694208205
215,30,"spread","skewed","dynamic",10,8,1,41,0.0363701783662469,"size",4.16078100181162
215,30,"spread","skewed","dynamic",13,11,1,41,0.0302849856684781,"size",4.33315114508712
215,30,"spread","skewed","dynamic",16,14,1,41,0.0245378592316965,"size",4.48633904139578
215,30,"spread","skewed","dynamic",19,17,1,41,0.0190932131336929,"size",4.62367540947506
215,30,"spread","skewed","dynamic",22,20,1,41,0.0139207993405894,"size",4.74822410927096
215,30,"spread","skewed","dynamic",24,22,1,41,0.010636727091,"size",4.82534584956501
215,30,"spread","skewed","dynamic",27,25,1,41,0.00593453273363318,"size",4.93354755190926
215,30,"spread","skewed","dynamic",30,28,1,41,0.0014367816091954,"size",5.03406909071668
215,30,"spread","skewed","calendar",2,0,8,41,0.492552938866315,"no_pre",NA
215,30,"spread","skewed","calendar",5,3,5,41,0.243190414377654,"underpowered",1.8060745041239
215,30,"spread","skewed","calendar",8,6,3,41,0.122041569581499,"size",2.38453694208205
215,30,"spread","skewed","calendar",10,8,1,41,0.0363701783662469,"size",4.16078100181162
215,30,"spread","skewed","calendar",13,11,1,41,0.0302849856684781,"size",4.33315114508712
215,30,"spread","skewed","calendar",16,14,1,41,0.0245378592316965,"size",4.48633904139578
215,30,"spread","skewed","calendar",19,17,1,41,0.0190932131336929,"size",4.62367540947506
215,30,"spread","skewed","calendar",22,20,1,41,0.0139207993405894,"size",4.74822410927096
215,30,"spread","skewed","calendar",24,22,1,41,0.010636727091,"size",4.82534584956501
215,30,"spread","skewed","calendar",27,25,1,41,0.00593453273363318,"size",4.93354755190926
215,30,"spread","skewed","calendar",30,28,1,41,0.0014367816091954,"size",5.03406909071668
215,30,"spread","skewed","stacked",2,0,8,57,0.0836140148947316,"no_pre",NA
215,30,"spread","skewed","stacked",5,3,5,52,0.194967141851313,"underpowered",1.78518993823554
215,30,"spread","skewed","stacked",8,6,3,49,0.187055059977466,"size",2.37122779474195
215,30,"spread","skewed","stacked",10,8,1,48,0.0760915717605672,"size",4.15355114230644
215,30,"spread","skewed","stacked",13,11,1,47,0.0869240524625924,"size",4.32656079732616
215,30,"spread","skewed","stacked",16,14,1,46,0.0905048984445281,"size",4.48052997636528
215,30,"spread","skewed","stacked",19,17,1,45,0.086843641683256,"size",4.61878003974937
215,30,"spread","skewed","stacked",22,20,1,44,0.0759506614424921,"size",4.74436846583426
215,30,"spread","skewed","stacked",24,22,1,43,0.0646652928431686,"size",4.82267326788695
215,30,"spread","skewed","stacked",27,25,1,42,0.0417487779599322,"size",4.93214895583525
215,30,"spread","skewed","stacked",30,28,1,41,0.011634886679953,"size",5.03406909071668
