"cfg","T","G","placement","size","arm","scheme","uncheckable","underpow_eff","good_eff","good_sig","wmed_mde","n_ident"
1,15,3,"early","equal","grid","simple",0.358974358974359,0.641025641025641,0,0,2.36969300063141,3
1,15,3,"early","equal","grid","group",0.333333333333333,0.666666666666667,0,0,1.31273671530204,3
1,15,3,"early","equal","grid","dynamic",0.392857142857143,0.607142857142857,0,0,2.36969300063141,3
1,15,3,"early","equal","grid","calendar",0.392857142857143,0.607142857142857,0,0,2.36969300063141,3
1,15,3,"early","equal","grid","stacked",0.184210526315789,0.815789473684211,0,0,1.2697569127916,3
2,15,3,"early","skewed","grid","simple",0.525821596244131,0.474178403755869,0,0,1.87680991261445,3
2,15,3,"early","skewed","grid","group",0.5,0.5,0,0,1.87680991261445,3
2,15,3,"early","skewed","grid","dynamic",0.543956043956044,0.456043956043956,0,0,1.87680991261445,3
2,15,3,"early","skewed","grid","calendar",0.543956043956044,0.456043956043956,0,0,1.87680991261445,3
2,15,3,"early","skewed","grid","stacked",0.318862485727212,0.681137514272788,0,0,1.77784383805991,3
3,15,3,"late","equal","grid","simple",1,0,0,0,NA,3
3,15,3,"late","equal","grid","group",1,0,0,0,NA,3
3,15,3,"late","equal","grid","dynamic",1,0,0,0,NA,3
3,15,3,"late","equal","grid","calendar",1,0,0,0,NA,3
3,15,3,"late","equal","grid","stacked",1,0,0,0,NA,3
4,15,3,"late","skewed","grid","simple",1,0,0,0,NA,3
4,15,3,"late","skewed","grid","group",1,0,0,0,NA,3
4,15,3,"late","skewed","grid","dynamic",1,0,0,0,NA,3
4,15,3,"late","skewed","grid","calendar",1,0,0,0,NA,3
4,15,3,"late","skewed","grid","stacked",1,0,0,0,NA,3
5,15,3,"spread","equal","grid","simple",1,0,0,0,NA,3
5,15,3,"spread","equal","grid","group",1,0,0,0,NA,3
5,15,3,"spread","equal","grid","dynamic",1,0,0,0,NA,3
5,15,3,"spread","equal","grid","calendar",1,0,0,0,NA,3
5,15,3,"spread","equal","grid","stacked",1,0,0,0,NA,3
6,15,3,"spread","skewed","grid","simple",1,0,0,0,NA,3
6,15,3,"spread","skewed","grid","group",1,0,0,0,NA,3
6,15,3,"spread","skewed","grid","dynamic",1,0,0,0,NA,3
6,15,3,"spread","skewed","grid","calendar",1,0,0,0,NA,3
6,15,3,"spread","skewed","grid","stacked",1,0,0,0,NA,3
7,15,5,"early","equal","grid","simple",0.4,0.6,0,0.183333333333333,1.31273671530204,5
7,15,5,"early","equal","grid","group",0.4,0.6,0,0.2,1.31273671530204,5
7,15,5,"early","equal","grid","dynamic",0.43452380952381,0.56547619047619,0,0.160714285714286,1.31273671530204,5
7,15,5,"early","equal","grid","calendar",0.43452380952381,0.56547619047619,0,0.160714285714286,1.31273671530204,5
7,15,5,"early","equal","grid","stacked",0.376470588235294,0.623529411764706,0,0.258823529411765,1.2697569127916,5
8,15,5,"early","skewed","grid","simple",0.568376068376068,0.431623931623932,0,0,1.87680991261445,5
8,15,5,"early","skewed","grid","group",0.555555555555556,0.444444444444444,0,0,1.87680991261445,5
8,15,5,"early","skewed","grid","dynamic",0.585739423974718,0.414260576025282,0,0,1.87680991261445,5
8,15,5,"early","skewed","grid","calendar",0.585739423974718,0.414260576025282,0,0,1.87680991261445,5
8,15,5,"early","skewed","grid","stacked",0.463730962463769,0.536269037536231,0,0,1.77784383805991,5
9,15,5,"late","equal","grid","simple",1,0,0,0,NA,5
9,15,5,"late","equal","grid","group",1,0,0,0,NA,5
9,15,5,"late","equal","grid","dynamic",1,0,0,0,NA,5
9,15,5,"late","equal","grid","calendar",1,0,0,0,NA,5
9,15,5,"late","equal","grid","stacked",1,0,0,0,NA,5
10,15,5,"late","skewed","grid","simple",1,0,0,0,NA,5
10,15,5,"late","skewed","grid","group",1,0,0,0,NA,5
10,15,5,"late","skewed","grid","dynamic",1,0,0,0,NA,5
10,15,5,"late","skewed","grid","calendar",1,0,0,0,NA,5
10,15,5,"late","skewed","grid","stacked",1,0,0,0,NA,5
11,15,5,"spread","equal","grid","simple",0.710526315789474,0.289473684210526,0,0.289473684210526,0.883187855576138,5
11,15,5,"spread","equal","grid","group",0.8,0.2,0,0.2,0.883187855576138,5
11,15,5,"spread","equal","grid","dynamic",0.729761904761905,0.270238095238095,0,0.270238095238095,0.883187855576138,5
11,15,5,"spread","equal","grid","calendar",0.729761904761905,0.270238095238095,0,0.270238095238095,0.883187855576138,5
11,15,5,"spread","equal","grid","stacked",0.744186046511628,0.255813953488372,0,0.255813953488372,0.854271745308325,5
12,15,5,"spread","skewed","grid","simple",0.719387755102041,0.280612244897959,0,0.280612244897959,0.699489647648167,5
12,15,5,"spread","skewed","grid","group",0.722222222222222,0.277777777777778,0,0.277777777777778,0.699489647648167,5
12,15,5,"spread","skewed","grid","dynamic",0.7454302233714,0.2545697766286,0,0.2545697766286,0.699489647648167,5
12,15,5,"spread","skewed","grid","calendar",0.7454302233714,0.2545697766286,0,0.2545697766286,0.699489647648167,5
12,15,5,"spread","skewed","grid","stacked",0.605957692743144,0.394042307256856,0,0.394042307256856,0.662604854918761,5
13,15,8,"early","equal","grid","simple",0.571428571428571,0.428571428571429,0,0.130952380952381,1.31273671530204,8
13,15,8,"early","equal","grid","group",0.625,0.375,0,0.125,1.31273671530204,8
13,15,8,"early","equal","grid","dynamic",0.56641156462585,0.43358843537415,0,0.116751700680272,1.31273671530204,8
13,15,8,"early","equal","grid","calendar",0.56641156462585,0.43358843537415,0,0.116751700680272,1.31273671530204,8
13,15,8,"early","equal","grid","stacked",0.68452380952381,0.315476190476191,0,0.130952380952381,1.2697569127916,8
14,15,8,"early","skewed","grid","simple",0.608527131782946,0.391472868217054,0,0,1.87680991261445,8
14,15,8,"early","skewed","grid","group",0.619047619047619,0.380952380952381,0,0,1.87680991261445,8
14,15,8,"early","skewed","grid","dynamic",0.62233090267146,0.37766909732854,0,0,1.87680991261445,8
14,15,8,"early","skewed","grid","calendar",0.62233090267146,0.37766909732854,0,0,1.87680991261445,8
14,15,8,"early","skewed","grid","stacked",0.610154734908487,0.389845265091513,0,0,1.77784383805991,8
15,15,8,"late","equal","grid","simple",1,0,0,0,NA,8
15,15,8,"late","equal","grid","group",1,0,0,0,NA,8
15,15,8,"late","equal","grid","dynamic",1,0,0,0,NA,8
15,15,8,"late","equal","grid","calendar",1,0,0,0,NA,8
15,15,8,"late","equal","grid","stacked",1,0,0,0,NA,8
16,15,8,"late","skewed","grid","simple",0.515151515151515,0,0.484848484848485,0.484848484848485,0.269611852350941,8
16,15,8,"late","skewed","grid","group",0.619047619047619,0,0.380952380952381,0.380952380952381,0.269611852350941,8
16,15,8,"late","skewed","grid","dynamic",0.470947211543187,0,0.529052788456813,0.529052788456813,0.269611852350941,8
16,15,8,"late","skewed","grid","calendar",0.470947211543187,0,0.529052788456813,0.529052788456813,0.269611852350941,8
16,15,8,"late","skewed","grid","stacked",0.578875527366177,0,0.421124472633823,0.421124472633823,0.247950320170634,8
17,15,8,"spread","equal","grid","simple",0.8,0.2,0,0,1.31273671530204,8
17,15,8,"spread","equal","grid","group",0.875,0.125,0,0,1.31273671530204,8
17,15,8,"spread","equal","grid","dynamic",0.781377551020408,0.218622448979592,0,0,1.31273671530204,8
17,15,8,"spread","equal","grid","calendar",0.781377551020408,0.218622448979592,0,0,1.31273671530204,8
17,15,8,"spread","equal","grid","stacked",0.884615384615385,0.115384615384615,0,0,1.2697569127916,8
18,15,8,"spread","skewed","grid","simple",0.734513274336283,0.265486725663717,0,0,1.03969471120323,8
18,15,8,"spread","skewed","grid","group",0.761904761904762,0.238095238095238,0,0,1.03969471120323,8
18,15,8,"spread","skewed","grid","dynamic",0.749406071470423,0.250593928529576,0,0,1.03969471120323,8
18,15,8,"spread","skewed","grid","calendar",0.749406071470424,0.250593928529576,0,0,1.03969471120323,8
18,15,8,"spread","skewed","grid","stacked",0.725231733945858,0.274768266054142,0,0.274768266054142,0.98487056326405,8
19,15,11,"early","equal","grid","simple",0.636363636363636,0.363636363636364,0,0.111111111111111,1.31273671530204,11
19,15,11,"early","equal","grid","group",0.727272727272727,0.272727272727273,0,0.0909090909090909,1.31273671530204,11
19,15,11,"early","equal","grid","dynamic",0.603965677179963,0.396034322820037,0,0.104233663162235,1.31273671530204,11
19,15,11,"early","equal","grid","calendar",0.603965677179963,0.396034322820037,0,0.104233663162235,1.31273671530204,11
19,15,11,"early","equal","grid","stacked",0.78099173553719,0.21900826446281,0,0.0909090909090909,1.2697569127916,11
20,15,11,"early","skewed","grid","simple",0.63003663003663,0.36996336996337,0,0,1.87680991261445,11
20,15,11,"early","skewed","grid","group",0.666666666666667,0.333333333333333,0,0,1.87680991261445,11
20,15,11,"early","skewed","grid","dynamic",0.639539367084893,0.360460632915107,0,0,1.87680991261445,11
20,15,11,"early","skewed","grid","calendar",0.639539367084893,0.360460632915107,0,0,1.87680991261445,11
20,15,11,"early","skewed","grid","stacked",0.686477092072558,0.313522907927442,0,0,1.77784383805991,11
21,15,11,"late","equal","grid","simple",0.833333333333333,0.166666666666667,0,0.166666666666667,0.883187855576138,11
21,15,11,"late","equal","grid","group",0.909090909090909,0.0909090909090909,0,0.0909090909090909,0.883187855576138,11
21,15,11,"late","equal","grid","dynamic",0.725465695920241,0.274534304079759,0,0.274534304079759,0.883187855576138,11
21,15,11,"late","equal","grid","calendar",0.725465695920241,0.274534304079759,0,0.274534304079759,0.883187855576138,11
21,15,11,"late","equal","grid","stacked",0.909090909090909,0.0909090909090909,0,0.0909090909090909,0.854271745308325,11
22,15,11,"late","skewed","grid","simple",0.313432835820896,0.686567164179104,0,0.686567164179104,0.570742777277959,11
22,15,11,"late","skewed","grid","group",0.458333333333333,0.541666666666667,0,0.541666666666667,0.570742777277959,11
22,15,11,"late","skewed","grid","dynamic",0.277229145561938,0.722770854438062,0,0.722770854438062,0.570742777277959,11
22,15,11,"late","skewed","grid","calendar",0.277229145561938,0.722770854438062,0,0.722770854438062,0.570742777277959,11
22,15,11,"late","skewed","grid","stacked",0.45442407804678,0.54557592195322,0,0.54557592195322,0.524887363545659,11
23,15,11,"spread","equal","grid","simple",0.710843373493976,0.289156626506024,0,0.132530120481928,2.36969300063141,11
23,15,11,"spread","equal","grid","group",0.818181818181818,0.181818181818182,0,0.0909090909090909,0.883187855576138,11
23,15,11,"spread","equal","grid","dynamic",0.671763553906411,0.328236446093589,0,0.128403937332509,2.36969300063141,11
23,15,11,"spread","equal","grid","calendar",0.671763553906411,0.328236446093589,0,0.128403937332509,2.36969300063141,11
23,15,11,"spread","equal","grid","stacked",0.837962962962963,0.162037037037037,0,0.101851851851852,0.854271745308325,11
24,15,11,"spread","skewed","grid","simple",0.615686274509804,0.384313725490196,0,0.129411764705882,1.87680991261445,11
24,15,11,"spread","skewed","grid","group",0.666666666666667,0.333333333333333,0,0.125,1.87680991261445,11
24,15,11,"spread","skewed","grid","dynamic",0.627446197096986,0.372553802903014,0,0.119103280484234,1.87680991261445,11
24,15,11,"spread","skewed","grid","calendar",0.627446197096987,0.372553802903014,0,0.119103280484234,1.87680991261445,11
24,15,11,"spread","skewed","grid","stacked",0.637522420290738,0.362477579709262,0,0.182865548942223,0.854271745308325,11
25,21,3,"early","equal","grid","simple",0.350877192982456,0.649122807017544,0,0,2.36969300063141,3
25,21,3,"early","equal","grid","group",0.333333333333333,0.666666666666667,0,0,1.31273671530204,3
25,21,3,"early","equal","grid","dynamic",0.375,0.625,0,0,2.36969300063141,3
25,21,3,"early","equal","grid","calendar",0.375,0.625,0,0,2.36969300063141,3
25,21,3,"early","equal","grid","stacked",0.178571428571428,0.821428571428572,0,0,1.2697569127916,3
26,21,3,"early","skewed","grid","simple",0.517799352750809,0.482200647249191,0,0,1.87680991261445,3
26,21,3,"early","skewed","grid","group",0.5,0.5,0,0,1.87680991261445,3
26,21,3,"early","skewed","grid","dynamic",0.530769230769231,0.469230769230769,0,0,1.87680991261445,3
26,21,3,"early","skewed","grid","calendar",0.530769230769231,0.469230769230769,0,0,1.87680991261445,3
26,21,3,"early","skewed","grid","stacked",0.311373227410986,0.688626772589014,0,0,1.77784383805991,3
27,21,3,"late","equal","grid","simple",1,0,0,0,NA,3
27,21,3,"late","equal","grid","group",1,0,0,0,NA,3
27,21,3,"late","equal","grid","dynamic",1,0,0,0,NA,3
27,21,3,"late","equal","grid","calendar",1,0,0,0,NA,3
27,21,3,"late","equal","grid","stacked",1,0,0,0,NA,3
28,21,3,"late","skewed","grid","simple",1,0,0,0,NA,3
28,21,3,"late","skewed","grid","group",1,0,0,0,NA,3
28,21,3,"late","skewed","grid","dynamic",1,0,0,0,NA,3
28,21,3,"late","skewed","grid","calendar",1,0,0,0,NA,3
28,21,3,"late","skewed","grid","stacked",1,0,0,0,NA,3
29,21,3,"spread","equal","grid","simple",1,0,0,0,NA,3
29,21,3,"spread","equal","grid","group",1,0,0,0,NA,3
29,21,3,"spread","equal","grid","dynamic",1,0,0,0,NA,3
29,21,3,"spread","equal","grid","calendar",1,0,0,0,NA,3
29,21,3,"spread","equal","grid","stacked",1,0,0,0,NA,3
30,21,3,"spread","skewed","grid","simple",1,0,0,0,NA,3
30,21,3,"spread","skewed","grid","group",1,0,0,0,NA,3
30,21,3,"spread","skewed","grid","dynamic",1,0,0,0,NA,3
30,21,3,"spread","skewed","grid","calendar",1,0,0,0,NA,3
30,21,3,"spread","skewed","grid","stacked",1,0,0,0,NA,3
31,21,5,"early","equal","grid","simple",0.4,0.6,0,0.188888888888889,1.31273671530204,5
31,21,5,"early","equal","grid","group",0.4,0.6,0,0.2,1.31273671530204,5
31,21,5,"early","equal","grid","dynamic",0.424166666666667,0.575833333333333,0,0.1725,1.31273671530204,5
31,21,5,"early","equal","grid","calendar",0.424166666666667,0.575833333333333,0,0.1725,1.31273671530204,5
31,21,5,"early","equal","grid","stacked",0.384615384615385,0.615384615384615,0,0.261538461538461,1.2697569127916,5
32,21,5,"early","skewed","grid","simple",0.564327485380117,0.435672514619883,0,0,1.87680991261445,5
32,21,5,"early","skewed","grid","group",0.555555555555556,0.444444444444444,0,0,1.87680991261445,5
32,21,5,"early","skewed","grid","dynamic",0.576684263448969,0.423315736551031,0,0,1.87680991261445,5
32,21,5,"early","skewed","grid","calendar",0.57668426344897,0.423315736551031,0,0,1.87680991261445,5
32,21,5,"early","skewed","grid","stacked",0.466485771119638,0.533514228880362,0,0,1.77784383805991,5
33,21,5,"late","equal","grid","simple",1,0,0,0,NA,5
33,21,5,"late","equal","grid","group",1,0,0,0,NA,5
33,21,5,"late","equal","grid","dynamic",1,0,0,0,NA,5
33,21,5,"late","equal","grid","calendar",1,0,0,0,NA,5
33,21,5,"late","equal","grid","stacked",1,0,0,0,NA,5
34,21,5,"late","skewed","grid","simple",1,0,0,0,NA,5
34,21,5,"late","skewed","grid","group",1,0,0,0,NA,5
34,21,5,"late","skewed","grid","dynamic",1,0,0,0,NA,5
34,21,5,"late","skewed","grid","calendar",1,0,0,0,NA,5
34,21,5,"late","skewed","grid","stacked",1,0,0,0,NA,5
35,21,5,"spread","equal","grid","simple",1,0,0,0,NA,5
35,21,5,"spread","equal","grid","group",1,0,0,0,NA,5
35,21,5,"spread","equal","grid","dynamic",1,0,0,0,NA,5
35,21,5,"spread","equal","grid","calendar",1,0,0,0,NA,5
35,21,5,"spread","equal","grid","stacked",1,0,0,0,NA,5
36,21,5,"spread","skewed","grid","simple",0.724264705882353,0.275735294117647,0,0.275735294117647,0.405560618505449,5
36,21,5,"spread","skewed","grid","group",0.722222222222222,0.277777777777778,0,0.277777777777778,0.405560618505449,5
36,21,5,"spread","skewed","grid","dynamic",0.753927853192559,0.246072146807441,0,0.246072146807441,0.405560618505449,5
36,21,5,"spread","skewed","grid","calendar",0.753927853192559,0.246072146807441,0,0.246072146807441,0.405560618505449,5
36,21,5,"spread","skewed","grid","stacked",0.571770842439065,0.428229157560935,0,0.428229157560935,0.384174999142706,5
37,21,8,"early","equal","grid","simple",0.590909090909091,0.409090909090909,0,0.128787878787879,1.31273671530204,8
37,21,8,"early","equal","grid","group",0.625,0.375,0,0.125,1.31273671530204,8
37,21,8,"early","equal","grid","dynamic",0.583988095238095,0.416011904761905,0,0.11922619047619,1.31273671530204,8
37,21,8,"early","equal","grid","calendar",0.583988095238095,0.416011904761905,0,0.11922619047619,1.31273671530204,8
37,21,8,"early","equal","grid","stacked",0.710144927536232,0.289855072463768,0,0.123188405797101,1.2697569127916,8
38,21,8,"early","skewed","grid","simple",0.611979166666667,0.388020833333333,0,0,1.87680991261445,8
38,21,8,"early","skewed","grid","group",0.619047619047619,0.380952380952381,0,0,1.87680991261445,8
38,21,8,"early","skewed","grid","dynamic",0.621345917584308,0.378654082415692,0,0,1.87680991261445,8
38,21,8,"early","skewed","grid","calendar",0.621345917584308,0.378654082415692,0,0,1.87680991261445,8
38,21,8,"early","skewed","grid","stacked",0.630635273798762,0.369364726201238,0,0,1.77784383805991,8
39,21,8,"late","equal","grid","simple",1,0,0,0,NA,8
39,21,8,"late","equal","grid","group",1,0,0,0,NA,8
39,21,8,"late","equal","grid","dynamic",1,0,0,0,NA,8
39,21,8,"late","equal","grid","calendar",1,0,0,0,NA,8
39,21,8,"late","equal","grid","stacked",1,0,0,0,NA,8
40,21,8,"late","skewed","grid","simple",1,0,0,0,NA,8
40,21,8,"late","skewed","grid","group",1,0,0,0,NA,8
40,21,8,"late","skewed","grid","dynamic",1,0,0,0,NA,8
40,21,8,"late","skewed","grid","calendar",1,0,0,0,NA,8
40,21,8,"late","skewed","grid","stacked",1,0,0,0,NA,8
41,21,8,"spread","equal","grid","simple",0.797619047619048,0.202380952380952,0,0.202380952380952,0.883187855576138,8
41,21,8,"spread","equal","grid","group",0.875,0.125,0,0.125,0.883187855576138,8
41,21,8,"spread","equal","grid","dynamic",0.788154761904762,0.211845238095238,0,0.211845238095238,0.883187855576138,8
41,21,8,"spread","equal","grid","calendar",0.788154761904762,0.211845238095238,0,0.211845238095238,0.883187855576138,8
41,21,8,"spread","equal","grid","stacked",0.881118881118881,0.118881118881119,0,0.118881118881119,0.854271745308325,8
42,21,8,"spread","skewed","grid","simple",0.736024844720497,0.263975155279503,0,0.263975155279503,0.699489647648167,8
42,21,8,"spread","skewed","grid","group",0.761904761904762,0.238095238095238,0,0.238095238095238,0.699489647648167,8
42,21,8,"spread","skewed","grid","dynamic",0.753158596434525,0.246841403565475,0,0.246841403565475,0.699489647648167,8
42,21,8,"spread","skewed","grid","calendar",0.753158596434525,0.246841403565475,0,0.246841403565475,0.699489647648167,8
42,21,8,"spread","skewed","grid","stacked",0.708457045740935,0.291542954259065,0,0.291542954259065,0.662604854918761,8
43,21,11,"early","equal","grid","simple",0.672727272727273,0.327272727272727,0,0.103030303030303,1.31273671530204,11
43,21,11,"early","equal","grid","group",0.727272727272727,0.272727272727273,0,0.0909090909090909,1.31273671530204,11
43,21,11,"early","equal","grid","dynamic",0.640957792207792,0.359042207792208,0,0.100236291486291,1.31273671530204,11
43,21,11,"early","equal","grid","calendar",0.640957792207792,0.359042207792208,0,0.100236291486291,1.31273671530204,11
43,21,11,"early","equal","grid","stacked",0.818181818181818,0.181818181818182,0,0.0772727272727273,1.2697569127916,11
44,21,11,"early","skewed","grid","simple",0.642685851318945,0.357314148681055,0,0,1.87680991261445,11
44,21,11,"early","skewed","grid","group",0.666666666666667,0.333333333333333,0,0,1.87680991261445,11
44,21,11,"early","skewed","grid","dynamic",0.647677556959425,0.352322443040575,0,0,1.87680991261445,11
44,21,11,"early","skewed","grid","calendar",0.647677556959425,0.352322443040575,0,0,1.87680991261445,11
44,21,11,"early","skewed","grid","stacked",0.725503595425904,0.274496404574096,0,0,1.77784383805991,11
45,21,11,"late","equal","grid","simple",1,0,0,0,NA,11
45,21,11,"late","equal","grid","group",1,0,0,0,NA,11
45,21,11,"late","equal","grid","dynamic",1,0,0,0,NA,11
45,21,11,"late","equal","grid","calendar",1,0,0,0,NA,11
45,21,11,"late","equal","grid","stacked",1,0,0,0,NA,11
46,21,11,"late","skewed","grid","simple",1,0,0,0,NA,11
46,21,11,"late","skewed","grid","group",1,0,0,0,NA,11
46,21,11,"late","skewed","grid","dynamic",1,0,0,0,NA,11
46,21,11,"late","skewed","grid","calendar",1,0,0,0,NA,11
46,21,11,"late","skewed","grid","stacked",1,0,0,0,NA,11
47,21,11,"spread","equal","grid","simple",0.843478260869565,0.156521739130435,0,0,1.31273671530204,11
47,21,11,"spread","equal","grid","group",0.909090909090909,0.0909090909090909,0,0,1.31273671530204,11
47,21,11,"spread","equal","grid","dynamic",0.810891053391053,0.189108946608947,0,0,1.31273671530204,11
47,21,11,"spread","equal","grid","calendar",0.810891053391053,0.189108946608947,0,0,1.31273671530204,11
47,21,11,"spread","equal","grid","stacked",0.934939759036145,0.0650602409638554,0,0,1.2697569127916,11
48,21,11,"spread","skewed","grid","simple",0.749303621169916,0.250696378830084,0,0,1.03969471120323,11
48,21,11,"spread","skewed","grid","group",0.791666666666667,0.208333333333333,0,0,1.03969471120323,11
48,21,11,"spread","skewed","grid","dynamic",0.756248430679713,0.243751569320287,0,0,1.03969471120323,11
48,21,11,"spread","skewed","grid","calendar",0.756248430679714,0.243751569320287,0,0,1.03969471120323,11
48,21,11,"spread","skewed","grid","stacked",0.799947914093556,0.200052085906444,0,0.200052085906444,0.98487056326405,11
49,30,3,"early","equal","grid","simple",0.345238095238095,0.654761904761905,0,0,2.36969300063141,3
49,30,3,"early","equal","grid","group",0.333333333333333,0.666666666666667,0,0,1.31273671530204,3
49,30,3,"early","equal","grid","dynamic",0.362068965517241,0.637931034482759,0,0,2.36969300063141,3
49,30,3,"early","equal","grid","calendar",0.362068965517241,0.637931034482759,0,0,2.36969300063141,3
49,30,3,"early","equal","grid","stacked",0.174698795180723,0.825301204819277,0,0,1.2697569127916,3
50,30,3,"early","skewed","grid","simple",0.512141280353201,0.487858719646799,0,0,1.87680991261445,3
50,30,3,"early","skewed","grid","group",0.5,0.5,0,0,1.87680991261445,3
50,30,3,"early","skewed","grid","dynamic",0.521220159151194,0.478779840848806,0,0,1.87680991261445,3
50,30,3,"early","skewed","grid","calendar",0.521220159151194,0.478779840848806,0,0,1.87680991261445,3
50,30,3,"early","skewed","grid","stacked",0.306165916347704,0.693834083652296,0,0,1.77784383805991,3
51,30,3,"late","equal","grid","simple",1,0,0,0,NA,3
51,30,3,"late","equal","grid","group",1,0,0,0,NA,3
51,30,3,"late","equal","grid","dynamic",1,0,0,0,NA,3
51,30,3,"late","equal","grid","calendar",1,0,0,0,NA,3
51,30,3,"late","equal","grid","stacked",1,0,0,0,NA,3
52,30,3,"late","skewed","grid","simple",1,0,0,0,NA,3
52,30,3,"late","skewed","grid","group",1,0,0,0,NA,3
52,30,3,"late","skewed","grid","dynamic",1,0,0,0,NA,3
52,30,3,"late","skewed","grid","calendar",1,0,0,0,NA,3
52,30,3,"late","skewed","grid","stacked",1,0,0,0,NA,3
53,30,3,"spread","equal","grid","simple",1,0,0,0,NA,3
53,30,3,"spread","equal","grid","group",1,0,0,0,NA,3
53,30,3,"spread","equal","grid","dynamic",1,0,0,0,NA,3
53,30,3,"spread","equal","grid","calendar",1,0,0,0,NA,3
53,30,3,"spread","equal","grid","stacked",1,0,0,0,NA,3
54,30,3,"spread","skewed","grid","simple",1,0,0,0,NA,3
54,30,3,"spread","skewed","grid","group",1,0,0,0,NA,3
54,30,3,"spread","skewed","grid","dynamic",1,0,0,0,NA,3
54,30,3,"spread","skewed","grid","calendar",1,0,0,0,NA,3
54,30,3,"spread","skewed","grid","stacked",1,0,0,0,NA,3
55,30,5,"early","equal","grid","simple",0.4,0.6,0,0.192592592592593,1.31273671530204,5
55,30,5,"early","equal","grid","group",0.4,0.6,0,0.2,1.31273671530204,5
55,30,5,"early","equal","grid","dynamic",0.416666666666667,0.583333333333333,0,0.181034482758621,1.31273671530204,5
55,30,5,"early","equal","grid","calendar",0.416666666666667,0.583333333333333,0,0.181034482758621,1.31273671530204,5
55,30,5,"early","equal","grid","stacked",0.389873417721519,0.610126582278481,0,0.263291139240506,1.2697569127916,5
56,30,5,"early","skewed","grid","simple",0.561507936507937,0.438492063492063,0,0,1.87680991261445,5
56,30,5,"early","skewed","grid","group",0.555555555555556,0.444444444444444,0,0,1.87680991261445,5
56,30,5,"early","skewed","grid","dynamic",0.570127078240669,0.429872921759331,0,0,1.87680991261445,5
56,30,5,"early","skewed","grid","calendar",0.570127078240669,0.429872921759331,0,0,1.87680991261445,5
56,30,5,"early","skewed","grid","stacked",0.468349953732584,0.531650046267416,0,0,1.77784383805991,5
57,30,5,"late","equal","grid","simple",1,0,0,0,NA,5
57,30,5,"late","equal","grid","group",1,0,0,0,NA,5
57,30,5,"late","equal","grid","dynamic",1,0,0,0,NA,5
57,30,5,"late","equal","grid","calendar",1,0,0,0,NA,5
57,30,5,"late","equal","grid","stacked",1,0,0,0,NA,5
58,30,5,"late","skewed","grid","simple",1,0,0,0,NA,5
58,30,5,"late","skewed","grid","group",1,0,0,0,NA,5
58,30,5,"late","skewed","grid","dynamic",1,0,0,0,NA,5
58,30,5,"late","skewed","grid","calendar",1,0,0,0,NA,5
58,30,5,"late","skewed","grid","stacked",1,0,0,0,NA,5
59,30,5,"spread","equal","grid","simple",1,0,0,0,NA,5
59,30,5,"spread","equal","grid","group",1,0,0,0,NA,5
59,30,5,"spread","equal","grid","dynamic",1,0,0,0,NA,5
59,30,5,"spread","equal","grid","calendar",1,0,0,0,NA,5
59,30,5,"spread","equal","grid","stacked",1,0,0,0,NA,5
60,30,5,"spread","skewed","grid","simple",1,0,0,0,NA,5
60,30,5,"spread","skewed","grid","group",1,0,0,0,NA,5
60,30,5,"spread","skewed","grid","dynamic",1,0,0,0,NA,5
60,30,5,"spread","skewed","grid","calendar",1,0,0,0,NA,5
60,30,5,"spread","skewed","grid","stacked",1,0,0,0,NA,5
61,30,8,"early","equal","grid","simple",0.602941176470588,0.397058823529412,0,0.127450980392157,1.31273671530204,8
61,30,8,"early","equal","grid","group",0.625,0.375,0,0.125,1.31273671530204,8
61,30,8,"early","equal","grid","dynamic",0.59671592775041,0.40328407224959,0,0.121018062397373,1.31273671530204,8
61,30,8,"early","equal","grid","calendar",0.59671592775041,0.403284072249589,0,0.121018062397373,1.31273671530204,8
61,30,8,"early","equal","grid","stacked",0.724885844748858,0.275114155251142,0,0.118721461187215,1.2697569127916,8
62,30,8,"early","skewed","grid","simple",0.614310645724258,0.385689354275742,0,0,1.87680991261445,8
62,30,8,"early","skewed","grid","group",0.619047619047619,0.380952380952381,0,0,1.87680991261445,8
62,30,8,"early","skewed","grid","dynamic",0.620632652521197,0.379367347478803,0,0,1.87680991261445,8
62,30,8,"early","skewed","grid","calendar",0.620632652521198,0.379367347478802,0,0,1.87680991261445,8
62,30,8,"early","skewed","grid","stacked",0.64342194815193,0.35657805184807,0,0,1.77784383805991,8
63,30,8,"late","equal","grid","simple",1,0,0,0,NA,8
63,30,8,"late","equal","grid","group",1,0,0,0,NA,8
63,30,8,"late","equal","grid","dynamic",1,0,0,0,NA,8
63,30,8,"late","equal","grid","calendar",1,0,0,0,NA,8
63,30,8,"late","equal","grid","stacked",1,0,0,0,NA,8
64,30,8,"late","skewed","grid","simple",1,0,0,0,NA,8
64,30,8,"late","skewed","grid","group",1,0,0,0,NA,8
64,30,8,"late","skewed","grid","dynamic",1,0,0,0,NA,8
64,30,8,"late","skewed","grid","calendar",1,0,0,0,NA,8
64,30,8,"late","skewed","grid","stacked",1,0,0,0,NA,8
65,30,8,"spread","equal","grid","simple",1,0,0,0,NA,8
65,30,8,"spread","equal","grid","group",1,0,0,0,NA,8
65,30,8,"spread","equal","grid","dynamic",1,0,0,0,NA,8
65,30,8,"spread","equal","grid","calendar",1,0,0,0,NA,8
65,30,8,"spread","equal","grid","stacked",1,0,0,0,NA,8
66,30,8,"spread","skewed","grid","simple",0.731182795698925,0.268817204301075,0,0.268817204301075,0.517509584468528,8
66,30,8,"spread","skewed","grid","group",0.761904761904762,0.238095238095238,0,0.238095238095238,0.517509584468528,8
66,30,8,"spread","skewed","grid","dynamic",0.745973446384464,0.254026553615536,0,0.254026553615536,0.517509584468528,8
66,30,8,"spread","skewed","grid","calendar",0.745973446384464,0.254026553615536,0,0.254026553615536,0.517509584468528,8
66,30,8,"spread","skewed","grid","stacked",0.717683419880235,0.282316580119765,0,0.282316580119765,0.490220783522322,8
67,30,11,"early","equal","grid","simple",0.693181818181818,0.306818181818182,0,0.0984848484848485,1.31273671530204,11
67,30,11,"early","equal","grid","group",0.727272727272727,0.272727272727273,0,0.0909090909090909,1.31273671530204,11
67,30,11,"early","equal","grid","dynamic",0.667745185848634,0.332254814151366,0,0.0973416430312982,1.31273671530204,11
67,30,11,"early","equal","grid","calendar",0.667745185848634,0.332254814151366,0,0.0973416430312982,1.31273671530204,11
67,30,11,"early","equal","grid","stacked",0.836499321573948,0.163500678426052,0,0.0705563093622795,1.2697569127916,11
68,30,11,"early","skewed","grid","simple",0.65086887835703,0.34913112164297,0,0,1.87680991261445,11
68,30,11,"early","skewed","grid","group",0.666666666666667,0.333333333333333,0,0,1.87680991261445,11
68,30,11,"early","skewed","grid","dynamic",0.653570728937535,0.346429271062465,0,0,1.87680991261445,11
68,30,11,"early","skewed","grid","calendar",0.653570728937535,0.346429271062465,0,0,1.87680991261445,11
68,30,11,"early","skewed","grid","stacked",0.746999951556387,0.253000048443613,0,0,1.77784383805991,11
69,30,11,"late","equal","grid","simple",1,0,0,0,NA,11
69,30,11,"late","equal","grid","group",1,0,0,0,NA,11
69,30,11,"late","equal","grid","dynamic",1,0,0,0,NA,11
69,30,11,"late","equal","grid","calendar",1,0,0,0,NA,11
69,30,11,"late","equal","grid","stacked",1,0,0,0,NA,11
70,30,11,"late","skewed","grid","simple",1,0,0,0,NA,11
70,30,11,"late","skewed","grid","group",1,0,0,0,NA,11
70,30,11,"late","skewed","grid","dynamic",1,0,0,0,NA,11
70,30,11,"late","skewed","grid","calendar",1,0,0,0,NA,11
70,30,11,"late","skewed","grid","stacked",1,0,0,0,NA,11
71,30,11,"spread","equal","grid","simple",0.842424242424242,0.157575757575758,0,0.157575757575758,0.883187855576138,11
71,30,11,"spread","equal","grid","group",0.909090909090909,0.0909090909090909,0,0.0909090909090909,0.883187855576138,11
71,30,11,"spread","equal","grid","dynamic",0.813121361397223,0.186878638602777,0,0.186878638602777,0.883187855576138,11
71,30,11,"spread","equal","grid","calendar",0.813121361397224,0.186878638602776,0,0.186878638602776,0.883187855576138,11
71,30,11,"spread","equal","grid","stacked",0.935921133703019,0.0640788662969809,0,0.0640788662969809,0.854271745308325,11
72,30,11,"spread","skewed","grid","simple",0.749034749034749,0.250965250965251,0,0.250965250965251,0.699489647648167,11
72,30,11,"spread","skewed","grid","group",0.791666666666667,0.208333333333333,0,0.208333333333333,0.699489647648167,11
72,30,11,"spread","skewed","grid","dynamic",0.756809585622346,0.243190414377654,0,0.243190414377654,0.699489647648167,11
72,30,11,"spread","skewed","grid","calendar",0.756809585622346,0.243190414377654,0,0.243190414377654,0.699489647648167,11
72,30,11,"spread","skewed","grid","stacked",0.797786034625331,0.202213965374669,0,0.202213965374669,0.662604854918761,11
73,21,5,"random","equal","random","simple",0.641509433962264,0.358490566037736,0,0,2.36969300063141,5
73,21,5,"random","equal","random","group",0.8,0.2,0,0,2.36969300063141,5
73,21,5,"random","equal","random","dynamic",0.532456140350877,0.467543859649123,0,0,2.36969300063141,5
73,21,5,"random","equal","random","calendar",0.532456140350877,0.467543859649123,0,0,2.36969300063141,5
73,21,5,"random","equal","random","stacked",0.898395721925134,0.101604278074866,0,0,2.29210780324164,5
74,21,5,"random","equal","random","simple",0.660377358490566,0.339622641509434,0,0,1.31273671530204,5
74,21,5,"random","equal","random","group",0.8,0.2,0,0,1.31273671530204,5
74,21,5,"random","equal","random","dynamic",0.528703703703704,0.471296296296296,0,0,1.31273671530204,5
74,21,5,"random","equal","random","calendar",0.528703703703704,0.471296296296296,0,0,1.31273671530204,5
74,21,5,"random","equal","random","stacked",0.867647058823529,0.132352941176471,0,0,1.2697569127916,5
75,21,5,"random","equal","random","simple",0.62,0.38,0,0,2.36969300063141,5
75,21,5,"random","equal","random","group",0.8,0.2,0,0,2.36969300063141,5
75,21,5,"random","equal","random","dynamic",0.449122807017544,0.550877192982456,0,0,2.36969300063141,5
75,21,5,"random","equal","random","calendar",0.449122807017544,0.550877192982456,0,0,2.36969300063141,5
75,21,5,"random","equal","random","stacked",0.905940594059406,0.0940594059405941,0,0,2.29210780324164,5
76,21,5,"random","equal","random","simple",0.689655172413793,0.310344827586207,0,0,1.31273671530204,5
76,21,5,"random","equal","random","group",0.8,0.2,0,0,1.31273671530204,5
76,21,5,"random","equal","random","dynamic",0.589814814814815,0.410185185185185,0,0,1.31273671530204,5
76,21,5,"random","equal","random","calendar",0.589814814814815,0.410185185185185,0,0,1.31273671530204,5
76,21,5,"random","equal","random","stacked",0.867647058823529,0.132352941176471,0,0,1.2697569127916,5
77,21,5,"random","equal","random","simple",0.372881355932203,0.627118644067797,0,0,2.36969300063141,5
77,21,5,"random","equal","random","group",0.6,0.4,0,0,1.31273671530204,5
77,21,5,"random","equal","random","dynamic",0.270175438596491,0.729824561403509,0,0,2.36969300063141,5
77,21,5,"random","equal","random","calendar",0.270175438596491,0.729824561403509,0,0,2.36969300063141,5
77,21,5,"random","equal","random","stacked",0.747252747252747,0.252747252747253,0,0,1.2697569127916,5
78,21,5,"random","equal","random","simple",0.666666666666667,0.333333333333333,0,0,2.36969300063141,5
78,21,5,"random","equal","random","group",0.8,0.2,0,0,2.36969300063141,5
78,21,5,"random","equal","random","dynamic",0.469298245614035,0.530701754385965,0,0,2.36969300063141,5
78,21,5,"random","equal","random","calendar",0.469298245614035,0.530701754385965,0,0,2.36969300063141,5
78,21,5,"random","equal","random","stacked",0.914798206278027,0.0852017937219731,0,0,2.29210780324164,5
79,21,5,"random","equal","random","simple",0.638297872340426,0.361702127659574,0,0.361702127659574,0.883187855576138,5
79,21,5,"random","equal","random","group",0.8,0.2,0,0.2,0.883187855576138,5
79,21,5,"random","equal","random","dynamic",0.551960784313726,0.448039215686275,0,0.448039215686275,0.883187855576138,5
79,21,5,"random","equal","random","calendar",0.551960784313726,0.448039215686274,0,0.448039215686274,0.883187855576138,5
79,21,5,"random","equal","random","stacked",0.792682926829268,0.207317073170732,0,0.207317073170732,0.854271745308325,5
80,21,5,"random","equal","random","simple",0.645833333333333,0.354166666666667,0,0.354166666666667,0.883187855576138,5
80,21,5,"random","equal","random","group",0.8,0.2,0,0.2,0.883187855576138,5
80,21,5,"random","equal","random","dynamic",0.577450980392157,0.422549019607843,0,0.422549019607843,0.883187855576138,5
80,21,5,"random","equal","random","calendar",0.577450980392157,0.422549019607843,0,0.422549019607843,0.883187855576138,5
80,21,5,"random","equal","random","stacked",0.818181818181818,0.181818181818182,0,0.181818181818182,0.854271745308325,5
81,21,5,"random","equal","random","simple",1,0,0,0,NA,5
81,21,5,"random","equal","random","group",1,0,0,0,NA,5
81,21,5,"random","equal","random","dynamic",1,0,0,0,NA,5
81,21,5,"random","equal","random","calendar",1,0,0,0,NA,5
81,21,5,"random","equal","random","stacked",1,0,0,0,NA,5
82,21,5,"random","equal","random","simple",1,0,0,0,NA,5
82,21,5,"random","equal","random","group",1,0,0,0,NA,5
82,21,5,"random","equal","random","dynamic",1,0,0,0,NA,5
82,21,5,"random","equal","random","calendar",1,0,0,0,NA,5
82,21,5,"random","equal","random","stacked",1,0,0,0,NA,5
83,21,5,"random","equal","random","simple",1,0,0,0,NA,5
83,21,5,"random","equal","random","group",1,0,0,0,NA,5
83,21,5,"random","equal","random","dynamic",1,0,0,0,NA,5
83,21,5,"random","equal","random","calendar",1,0,0,0,NA,5
83,21,5,"random","equal","random","stacked",1,0,0,0,NA,5
84,21,5,"random","equal","random","simple",1,0,0,0,NA,5
84,21,5,"random","equal","random","group",1,0,0,0,NA,5
84,21,5,"random","equal","random","dynamic",1,0,0,0,NA,5
84,21,5,"random","equal","random","calendar",1,0,0,0,NA,5
84,21,5,"random","equal","random","stacked",1,0,0,0,NA,5
85,21,5,"random","equal","random","simple",0.239130434782609,0.760869565217391,0,0.369565217391304,1.31273671530204,5
85,21,5,"random","equal","random","group",0.6,0.4,0,0.2,0.883187855576138,5
85,21,5,"random","equal","random","dynamic",0.15,0.85,0,0.397222222222222,1.31273671530204,5
85,21,5,"random","equal","random","calendar",0.15,0.85,0,0.397222222222222,1.31273671530204,5
85,21,5,"random","equal","random","stacked",0.598684210526316,0.401315789473684,0,0.223684210526316,0.854271745308325,5
86,21,5,"random","equal","random","simple",0.625,0.375,0,0,1.31273671530204,5
86,21,5,"random","equal","random","group",0.8,0.2,0,0,1.31273671530204,5
86,21,5,"random","equal","random","dynamic",0.507407407407407,0.492592592592593,0,0,1.31273671530204,5
86,21,5,"random","equal","random","calendar",0.507407407407408,0.492592592592592,0,0,1.31273671530204,5
86,21,5,"random","equal","random","stacked",0.850828729281768,0.149171270718232,0,0,1.2697569127916,5
87,21,5,"random","equal","random","simple",1,0,0,0,NA,5
87,21,5,"random","equal","random","group",1,0,0,0,NA,5
87,21,5,"random","equal","random","dynamic",1,0,0,0,NA,5
87,21,5,"random","equal","random","calendar",1,0,0,0,NA,5
87,21,5,"random","equal","random","stacked",1,0,0,0,NA,5
88,21,5,"random","equal","random","simple",0.704918032786885,0.295081967213115,0,0,1.31273671530204,5
88,21,5,"random","equal","random","group",0.8,0.2,0,0,1.31273671530204,5
88,21,5,"random","equal","random","dynamic",0.628703703703704,0.371296296296296,0,0,1.31273671530204,5
88,21,5,"random","equal","random","calendar",0.628703703703704,0.371296296296296,0,0,1.31273671530204,5
88,21,5,"random","equal","random","stacked",0.863636363636364,0.136363636363636,0,0,1.2697569127916,5
89,21,5,"random","equal","random","simple",1,0,0,0,NA,5
89,21,5,"random","equal","random","group",1,0,0,0,NA,5
89,21,5,"random","equal","random","dynamic",1,0,0,0,NA,5
89,21,5,"random","equal","random","calendar",1,0,0,0,NA,5
89,21,5,"random","equal","random","stacked",1,0,0,0,NA,5
90,21,5,"random","equal","random","simple",0.525,0.475,0,0,2.36969300063141,5
90,21,5,"random","equal","random","group",0.8,0.2,0,0,2.36969300063141,5
90,21,5,"random","equal","random","dynamic",0.296491228070175,0.703508771929825,0,0,2.36969300063141,5
90,21,5,"random","equal","random","calendar",0.296491228070175,0.703508771929825,0,0,2.36969300063141,5
90,21,5,"random","equal","random","stacked",0.888235294117647,0.111764705882353,0,0,2.29210780324164,5
91,21,5,"random","equal","random","simple",0.666666666666667,0.333333333333333,0,0,2.36969300063141,5
91,21,5,"random","equal","random","group",0.8,0.2,0,0,2.36969300063141,5
91,21,5,"random","equal","random","dynamic",0.469298245614035,0.530701754385965,0,0,2.36969300063141,5
91,21,5,"random","equal","random","calendar",0.469298245614035,0.530701754385965,0,0,2.36969300063141,5
91,21,5,"random","equal","random","stacked",0.914798206278027,0.0852017937219731,0,0,2.29210780324164,5
92,21,5,"random","equal","random","simple",1,0,0,0,NA,5
92,21,5,"random","equal","random","group",1,0,0,0,NA,5
92,21,5,"random","equal","random","dynamic",1,0,0,0,NA,5
92,21,5,"random","equal","random","calendar",1,0,0,0,NA,5
92,21,5,"random","equal","random","stacked",1,0,0,0,NA,5
93,21,5,"random","equal","random","simple",0.595238095238095,0.404761904761905,0,0.404761904761905,0.883187855576138,5
93,21,5,"random","equal","random","group",0.8,0.2,0,0.2,0.883187855576138,5
93,21,5,"random","equal","random","dynamic",0.502941176470588,0.497058823529412,0,0.497058823529412,0.883187855576138,5
93,21,5,"random","equal","random","calendar",0.502941176470588,0.497058823529412,0,0.497058823529412,0.883187855576138,5
93,21,5,"random","equal","random","stacked",0.792682926829268,0.207317073170732,0,0.207317073170732,0.854271745308325,5
94,21,5,"random","equal","random","simple",0.5,0.5,0,0.242857142857143,1.31273671530204,5
94,21,5,"random","equal","random","group",0.6,0.4,0,0.2,0.883187855576138,5
94,21,5,"random","equal","random","dynamic",0.433333333333333,0.566666666666667,0,0.255555555555556,1.31273671530204,5
94,21,5,"random","equal","random","calendar",0.433333333333333,0.566666666666667,0,0.255555555555556,1.31273671530204,5
94,21,5,"random","equal","random","stacked",0.712264150943396,0.287735849056604,0,0.160377358490566,0.854271745308325,5
95,21,5,"random","equal","random","simple",0.690909090909091,0.309090909090909,0,0.309090909090909,0.883187855576138,5
95,21,5,"random","equal","random","group",0.8,0.2,0,0.2,0.883187855576138,5
95,21,5,"random","equal","random","dynamic",0.680833333333333,0.319166666666667,0,0.319166666666667,0.883187855576138,5
95,21,5,"random","equal","random","calendar",0.680833333333333,0.319166666666667,0,0.319166666666667,0.883187855576138,5
95,21,5,"random","equal","random","stacked",0.802325581395349,0.197674418604651,0,0.197674418604651,0.854271745308325,5
96,21,5,"random","equal","random","simple",0.696428571428571,0.303571428571429,0,0.303571428571429,0.883187855576138,5
96,21,5,"random","equal","random","group",0.8,0.2,0,0.2,0.883187855576138,5
96,21,5,"random","equal","random","dynamic",0.587254901960784,0.412745098039216,0,0.412745098039216,0.883187855576138,5
96,21,5,"random","equal","random","calendar",0.587254901960784,0.412745098039216,0,0.412745098039216,0.883187855576138,5
96,21,5,"random","equal","random","stacked",0.844748858447489,0.155251141552511,0,0.155251141552511,0.854271745308325,5
97,21,5,"random","equal","random","simple",1,0,0,0,NA,5
97,21,5,"random","equal","random","group",1,0,0,0,NA,5
97,21,5,"random","equal","random","dynamic",1,0,0,0,NA,5
97,21,5,"random","equal","random","calendar",1,0,0,0,NA,5
97,21,5,"random","equal","random","stacked",1,0,0,0,NA,5
98,21,5,"random","equal","random","simple",0.426229508196721,0.573770491803279,0,0.278688524590164,1.31273671530204,5
98,21,5,"random","equal","random","group",0.6,0.4,0,0.2,0.883187855576138,5
98,21,5,"random","equal","random","dynamic",0.340740740740741,0.659259259259259,0,0.301851851851852,1.31273671530204,5
98,21,5,"random","equal","random","calendar",0.340740740740741,0.659259259259259,0,0.301851851851852,1.31273671530204,5
98,21,5,"random","equal","random","stacked",0.690355329949239,0.309644670050761,0,0.17258883248731,0.854271745308325,5
99,21,5,"random","equal","random","simple",0.653846153846154,0.346153846153846,0,0,1.31273671530204,5
99,21,5,"random","equal","random","group",0.8,0.2,0,0,1.31273671530204,5
99,21,5,"random","equal","random","dynamic",0.450925925925926,0.549074074074074,0,0,1.31273671530204,5
99,21,5,"random","equal","random","calendar",0.450925925925926,0.549074074074074,0,0,1.31273671530204,5
99,21,5,"random","equal","random","stacked",0.88,0.12,0,0,1.2697569127916,5
100,21,5,"random","equal","random","simple",0.677966101694915,0.322033898305085,0,0,2.36969300063141,5
100,21,5,"random","equal","random","group",0.8,0.2,0,0,2.36969300063141,5
100,21,5,"random","equal","random","dynamic",0.553508771929825,0.446491228070175,0,0,2.36969300063141,5
100,21,5,"random","equal","random","calendar",0.553508771929825,0.446491228070175,0,0,2.36969300063141,5
100,21,5,"random","equal","random","stacked",0.901041666666667,0.0989583333333334,0,0,2.29210780324164,5
101,21,5,"random","equal","random","simple",0.706896551724138,0.293103448275862,0,0.293103448275862,0.883187855576138,5
101,21,5,"random","equal","random","group",0.8,0.2,0,0.2,0.883187855576138,5
101,21,5,"random","equal","random","dynamic",0.635294117647059,0.364705882352941,0,0.364705882352941,0.883187855576138,5
101,21,5,"random","equal","random","calendar",0.635294117647059,0.364705882352941,0,0.364705882352941,0.883187855576138,5
101,21,5,"random","equal","random","stacked",0.849557522123894,0.150442477876106,0,0.150442477876106,0.854271745308325,5
102,21,5,"random","equal","random","simple",1,0,0,0,NA,5
102,21,5,"random","equal","random","group",1,0,0,0,NA,5
102,21,5,"random","equal","random","dynamic",1,0,0,0,NA,5
102,21,5,"random","equal","random","calendar",1,0,0,0,NA,5
102,21,5,"random","equal","random","stacked",1,0,0,0,NA,5
103,21,5,"random","equal","random","simple",0.696428571428571,0.303571428571429,0,0.303571428571429,0.883187855576138,5
103,21,5,"random","equal","random","group",0.8,0.2,0,0.2,0.883187855576138,5
103,21,5,"random","equal","random","dynamic",0.612745098039216,0.387254901960784,0,0.387254901960784,0.883187855576138,5
103,21,5,"random","equal","random","calendar",0.612745098039216,0.387254901960784,0,0.387254901960784,0.883187855576138,5
103,21,5,"random","equal","random","stacked",0.842592592592593,0.157407407407407,0,0.157407407407407,0.854271745308325,5
104,21,5,"random","equal","random","simple",1,0,0,0,NA,5
104,21,5,"random","equal","random","group",1,0,0,0,NA,5
104,21,5,"random","equal","random","dynamic",1,0,0,0,NA,5
104,21,5,"random","equal","random","calendar",1,0,0,0,NA,5
104,21,5,"random","equal","random","stacked",1,0,0,0,NA,5
105,21,5,"random","equal","random","simple",1,0,0,0,NA,5
105,21,5,"random","equal","random","group",1,0,0,0,NA,5
105,21,5,"random","equal","random","dynamic",1,0,0,0,NA,5
105,21,5,"random","equal","random","calendar",1,0,0,0,NA,5
105,21,5,"random","equal","random","stacked",1,0,0,0,NA,5
106,21,5,"random","equal","random","simple",1,0,0,0,NA,5
106,21,5,"random","equal","random","group",1,0,0,0,NA,5
106,21,5,"random","equal","random","dynamic",1,0,0,0,NA,5
106,21,5,"random","equal","random","calendar",1,0,0,0,NA,5
106,21,5,"random","equal","random","stacked",1,0,0,0,NA,5
107,21,5,"random","equal","random","simple",1,0,0,0,NA,5
107,21,5,"random","equal","random","group",1,0,0,0,NA,5
107,21,5,"random","equal","random","dynamic",1,0,0,0,NA,5
107,21,5,"random","equal","random","calendar",1,0,0,0,NA,5
107,21,5,"random","equal","random","stacked",1,0,0,0,NA,5
108,21,5,"random","equal","random","simple",1,0,0,0,NA,5
108,21,5,"random","equal","random","group",1,0,0,0,NA,5
108,21,5,"random","equal","random","dynamic",1,0,0,0,NA,5
108,21,5,"random","equal","random","calendar",1,0,0,0,NA,5
108,21,5,"random","equal","random","stacked",1,0,0,0,NA,5
109,21,5,"random","equal","random","simple",0.653061224489796,0.346938775510204,0,0.346938775510204,0.883187855576138,5
109,21,5,"random","equal","random","group",0.8,0.2,0,0.2,0.883187855576138,5
109,21,5,"random","equal","random","dynamic",0.58921568627451,0.41078431372549,0,0.41078431372549,0.883187855576138,5
109,21,5,"random","equal","random","calendar",0.58921568627451,0.41078431372549,0,0.41078431372549,0.883187855576138,5
109,21,5,"random","equal","random","stacked",0.818181818181818,0.181818181818182,0,0.181818181818182,0.854271745308325,5
110,21,5,"random","equal","random","simple",0.72463768115942,0.27536231884058,0,0,2.36969300063141,5
110,21,5,"random","equal","random","group",0.8,0.2,0,0,2.36969300063141,5
110,21,5,"random","equal","random","dynamic",0.698333333333333,0.301666666666667,0,0,2.36969300063141,5
110,21,5,"random","equal","random","calendar",0.698333333333333,0.301666666666667,0,0,2.36969300063141,5
110,21,5,"random","equal","random","stacked",0.893258426966292,0.106741573033708,0,0,2.29210780324164,5
111,21,5,"random","equal","random","simple",0.627450980392157,0.372549019607843,0,0,2.36969300063141,5
111,21,5,"random","equal","random","group",0.8,0.2,0,0,2.36969300063141,5
111,21,5,"random","equal","random","dynamic",0.418421052631579,0.581578947368421,0,0,2.36969300063141,5
111,21,5,"random","equal","random","calendar",0.418421052631579,0.581578947368421,0,0,2.36969300063141,5
111,21,5,"random","equal","random","stacked",0.910377358490566,0.089622641509434,0,0,2.29210780324164,5
112,21,5,"random","equal","random","simple",1,0,0,0,NA,5
112,21,5,"random","equal","random","group",1,0,0,0,NA,5
112,21,5,"random","equal","random","dynamic",1,0,0,0,NA,5
112,21,5,"random","equal","random","calendar",1,0,0,0,NA,5
112,21,5,"random","equal","random","stacked",1,0,0,0,NA,5
113,21,5,"random","equal","random","simple",1,0,0,0,NA,5
113,21,5,"random","equal","random","group",1,0,0,0,NA,5
113,21,5,"random","equal","random","dynamic",1,0,0,0,NA,5
113,21,5,"random","equal","random","calendar",1,0,0,0,NA,5
113,21,5,"random","equal","random","stacked",1,0,0,0,NA,5
114,21,5,"random","equal","random","simple",0.701754385964912,0.298245614035088,0,0.298245614035088,0.883187855576138,5
114,21,5,"random","equal","random","group",0.8,0.2,0,0.2,0.883187855576138,5
114,21,5,"random","equal","random","dynamic",0.659803921568627,0.340196078431373,0,0.340196078431373,0.883187855576138,5
114,21,5,"random","equal","random","calendar",0.659803921568628,0.340196078431373,0,0.340196078431373,0.883187855576138,5
114,21,5,"random","equal","random","stacked",0.812154696132597,0.187845303867403,0,0.187845303867403,0.854271745308325,5
115,21,5,"random","equal","random","simple",1,0,0,0,NA,5
115,21,5,"random","equal","random","group",1,0,0,0,NA,5
115,21,5,"random","equal","random","dynamic",1,0,0,0,NA,5
115,21,5,"random","equal","random","calendar",1,0,0,0,NA,5
115,21,5,"random","equal","random","stacked",1,0,0,0,NA,5
116,21,5,"random","equal","random","simple",0.71875,0.28125,0,0,1.31273671530204,5
116,21,5,"random","equal","random","group",0.8,0.2,0,0,1.31273671530204,5
116,21,5,"random","equal","random","dynamic",0.634259259259259,0.365740740740741,0,0,1.31273671530204,5
116,21,5,"random","equal","random","calendar",0.634259259259259,0.365740740740741,0,0,1.31273671530204,5
116,21,5,"random","equal","random","stacked",0.873239436619718,0.126760563380282,0,0,1.2697569127916,5
117,21,5,"random","equal","random","simple",0.641509433962264,0.358490566037736,0,0,2.36969300063141,5
117,21,5,"random","equal","random","group",0.8,0.2,0,0,2.36969300063141,5
117,21,5,"random","equal","random","dynamic",0.474561403508772,0.525438596491228,0,0,2.36969300063141,5
117,21,5,"random","equal","random","calendar",0.474561403508772,0.525438596491228,0,0,2.36969300063141,5
117,21,5,"random","equal","random","stacked",0.904522613065327,0.0954773869346734,0,0,2.29210780324164,5
118,21,5,"random","equal","random","simple",1,0,0,0,NA,5
118,21,5,"random","equal","random","group",1,0,0,0,NA,5
118,21,5,"random","equal","random","dynamic",1,0,0,0,NA,5
118,21,5,"random","equal","random","calendar",1,0,0,0,NA,5
118,21,5,"random","equal","random","stacked",1,0,0,0,NA,5
119,21,5,"random","equal","random","simple",0.513513513513514,0.486486486486487,0,0,1.31273671530204,5
119,21,5,"random","equal","random","group",0.8,0.2,0,0,1.31273671530204,5
119,21,5,"random","equal","random","dynamic",0.292592592592593,0.707407407407407,0,0,1.31273671530204,5
119,21,5,"random","equal","random","calendar",0.292592592592593,0.707407407407407,0,0,1.31273671530204,5
119,21,5,"random","equal","random","stacked",0.843023255813954,0.156976744186047,0,0,1.2697569127916,5
120,21,5,"random","equal","random","simple",0.396551724137931,0.603448275862069,0,0.293103448275862,1.31273671530204,5
120,21,5,"random","equal","random","group",0.6,0.4,0,0.2,0.883187855576138,5
120,21,5,"random","equal","random","dynamic",0.316666666666667,0.683333333333333,0,0.313888888888889,1.31273671530204,5
120,21,5,"random","equal","random","calendar",0.316666666666667,0.683333333333333,0,0.313888888888889,1.31273671530204,5
120,21,5,"random","equal","random","stacked",0.675531914893617,0.324468085106383,0,0.180851063829787,0.854271745308325,5
121,21,5,"random","equal","random","simple",1,0,0,0,NA,5
121,21,5,"random","equal","random","group",1,0,0,0,NA,5
121,21,5,"random","equal","random","dynamic",1,0,0,0,NA,5
121,21,5,"random","equal","random","calendar",1,0,0,0,NA,5
121,21,5,"random","equal","random","stacked",1,0,0,0,NA,5
122,21,5,"random","equal","random","simple",0.595744680851064,0.404255319148936,0,0,2.36969300063141,5
122,21,5,"random","equal","random","group",0.8,0.2,0,0,2.36969300063141,5
122,21,5,"random","equal","random","dynamic",0.401754385964912,0.598245614035088,0,0,2.36969300063141,5
122,21,5,"random","equal","random","calendar",0.401754385964912,0.598245614035088,0,0,2.36969300063141,5
122,21,5,"random","equal","random","stacked",0.898395721925134,0.101604278074866,0,0,2.29210780324164,5
123,21,5,"random","equal","random","simple",0.409836065573771,0.590163934426229,0,0.278688524590164,2.36969300063141,5
123,21,5,"random","equal","random","group",0.6,0.4,0,0.2,0.883187855576138,5
123,21,5,"random","equal","random","dynamic",0.317543859649123,0.682456140350877,0,0.28859649122807,2.36969300063141,5
123,21,5,"random","equal","random","calendar",0.317543859649123,0.682456140350877,0,0.28859649122807,2.36969300063141,5
123,21,5,"random","equal","random","stacked",0.707182320441989,0.292817679558011,0,0.187845303867403,0.854271745308325,5
124,21,5,"random","equal","random","simple",1,0,0,0,NA,5
124,21,5,"random","equal","random","group",1,0,0,0,NA,5
124,21,5,"random","equal","random","dynamic",1,0,0,0,NA,5
124,21,5,"random","equal","random","calendar",1,0,0,0,NA,5
124,21,5,"random","equal","random","stacked",1,0,0,0,NA,5
125,21,5,"random","equal","random","simple",1,0,0,0,NA,5
125,21,5,"random","equal","random","group",1,0,0,0,NA,5
125,21,5,"random","equal","random","dynamic",1,0,0,0,NA,5
125,21,5,"random","equal","random","calendar",1,0,0,0,NA,5
125,21,5,"random","equal","random","stacked",1,0,0,0,NA,5
126,21,5,"random","equal","random","simple",0.428571428571429,0.571428571428571,0,0.26984126984127,2.36969300063141,5
126,21,5,"random","equal","random","group",0.6,0.4,0,0.2,0.883187855576138,5
126,21,5,"random","equal","random","dynamic",0.296491228070175,0.703508771929825,0,0.299122807017544,2.36969300063141,5
126,21,5,"random","equal","random","calendar",0.296491228070175,0.703508771929825,0,0.299122807017544,2.36969300063141,5
126,21,5,"random","equal","random","stacked",0.752336448598131,0.247663551401869,0,0.158878504672897,0.854271745308325,5
127,21,5,"random","equal","random","simple",1,0,0,0,NA,5
127,21,5,"random","equal","random","group",1,0,0,0,NA,5
127,21,5,"random","equal","random","dynamic",1,0,0,0,NA,5
127,21,5,"random","equal","random","calendar",1,0,0,0,NA,5
127,21,5,"random","equal","random","stacked",1,0,0,0,NA,5
128,21,5,"random","equal","random","simple",1,0,0,0,NA,5
128,21,5,"random","equal","random","group",1,0,0,0,NA,5
128,21,5,"random","equal","random","dynamic",1,0,0,0,NA,5
128,21,5,"random","equal","random","calendar",1,0,0,0,NA,5
128,21,5,"random","equal","random","stacked",1,0,0,0,NA,5
129,21,5,"random","equal","random","simple",1,0,0,0,NA,5
129,21,5,"random","equal","random","group",1,0,0,0,NA,5
129,21,5,"random","equal","random","dynamic",1,0,0,0,NA,5
129,21,5,"random","equal","random","calendar",1,0,0,0,NA,5
129,21,5,"random","equal","random","stacked",1,0,0,0,NA,5
130,21,5,"random","equal","random","simple",0.738461538461539,0.261538461538462,0,0.261538461538462,0.883187855576138,5
130,21,5,"random","equal","random","group",0.8,0.2,0,0.2,0.883187855576138,5
130,21,5,"random","equal","random","dynamic",0.7525,0.2475,0,0.2475,0.883187855576138,5
130,21,5,"random","equal","random","calendar",0.7525,0.2475,0,0.2475,0.883187855576138,5
130,21,5,"random","equal","random","stacked",0.777777777777778,0.222222222222222,0,0.222222222222222,0.854271745308325,5
131,21,5,"random","equal","random","simple",0.739130434782609,0.260869565217391,0,0,1.31273671530204,5
131,21,5,"random","equal","random","group",0.8,0.2,0,0,1.31273671530204,5
131,21,5,"random","equal","random","dynamic",0.735833333333333,0.264166666666667,0,0,1.31273671530204,5
131,21,5,"random","equal","random","calendar",0.735833333333333,0.264166666666667,0,0,1.31273671530204,5
131,21,5,"random","equal","random","stacked",0.846590909090909,0.153409090909091,0,0,1.2697569127916,5
132,21,5,"random","equal","random","simple",1,0,0,0,NA,5
132,21,5,"random","equal","random","group",1,0,0,0,NA,5
132,21,5,"random","equal","random","dynamic",1,0,0,0,NA,5
132,21,5,"random","equal","random","calendar",1,0,0,0,NA,5
132,21,5,"random","equal","random","stacked",1,0,0,0,NA,5
133,21,5,"random","equal","random","simple",0.673076923076923,0.326923076923077,0,0.326923076923077,0.883187855576138,5
133,21,5,"random","equal","random","group",0.8,0.2,0,0.2,0.883187855576138,5
133,21,5,"random","equal","random","dynamic",0.615686274509804,0.384313725490196,0,0.384313725490196,0.883187855576138,5
133,21,5,"random","equal","random","calendar",0.615686274509804,0.384313725490196,0,0.384313725490196,0.883187855576138,5
133,21,5,"random","equal","random","stacked",0.819148936170213,0.180851063829787,0,0.180851063829787,0.854271745308325,5
134,21,5,"random","equal","random","simple",0.641509433962264,0.358490566037736,0,0,2.36969300063141,5
134,21,5,"random","equal","random","group",0.8,0.2,0,0,2.36969300063141,5
134,21,5,"random","equal","random","dynamic",0.494736842105263,0.505263157894737,0,0,2.36969300063141,5
134,21,5,"random","equal","random","calendar",0.494736842105263,0.505263157894737,0,0,2.36969300063141,5
134,21,5,"random","equal","random","stacked",0.904522613065327,0.0954773869346734,0,0,2.29210780324164,5
135,21,5,"random","equal","random","simple",1,0,0,0,NA,5
135,21,5,"random","equal","random","group",1,0,0,0,NA,5
135,21,5,"random","equal","random","dynamic",1,0,0,0,NA,5
135,21,5,"random","equal","random","calendar",1,0,0,0,NA,5
135,21,5,"random","equal","random","stacked",1,0,0,0,NA,5
136,21,5,"random","equal","random","simple",0.703125,0.296875,0,0,2.36969300063141,5
136,21,5,"random","equal","random","group",0.8,0.2,0,0,2.36969300063141,5
136,21,5,"random","equal","random","dynamic",0.57280701754386,0.42719298245614,0,0,2.36969300063141,5
136,21,5,"random","equal","random","calendar",0.57280701754386,0.42719298245614,0,0,2.36969300063141,5
136,21,5,"random","equal","random","stacked",0.912037037037037,0.087962962962963,0,0,2.29210780324164,5
137,21,5,"random","equal","random","simple",0.526315789473684,0.473684210526316,0,0.223684210526316,2.36969300063141,5
137,21,5,"random","equal","random","group",0.6,0.4,0,0.2,0.883187855576138,5
137,21,5,"random","equal","random","dynamic",0.440350877192982,0.559649122807018,0,0.22719298245614,2.36969300063141,5
137,21,5,"random","equal","random","calendar",0.440350877192982,0.559649122807018,0,0.22719298245614,2.36969300063141,5
137,21,5,"random","equal","random","stacked",0.740196078431373,0.259803921568628,0,0.166666666666667,0.854271745308325,5
138,21,5,"random","equal","random","simple",0.463768115942029,0.536231884057971,0,0,2.36969300063141,5
138,21,5,"random","equal","random","group",0.6,0.4,0,0,1.31273671530204,5
138,21,5,"random","equal","random","dynamic",0.385964912280702,0.614035087719298,0,0,2.36969300063141,5
138,21,5,"random","equal","random","calendar",0.385964912280702,0.614035087719298,0,0,2.36969300063141,5
138,21,5,"random","equal","random","stacked",0.754010695187166,0.245989304812834,0,0,1.2697569127916,5
139,21,5,"random","equal","random","simple",0.641509433962264,0.358490566037736,0,0,2.36969300063141,5
139,21,5,"random","equal","random","group",0.8,0.2,0,0,2.36969300063141,5
139,21,5,"random","equal","random","dynamic",0.532456140350877,0.467543859649123,0,0,2.36969300063141,5
139,21,5,"random","equal","random","calendar",0.532456140350877,0.467543859649123,0,0,2.36969300063141,5
139,21,5,"random","equal","random","stacked",0.898395721925134,0.101604278074866,0,0,2.29210780324164,5
140,21,5,"random","equal","random","simple",0.617021276595745,0.382978723404255,0,0,1.31273671530204,5
140,21,5,"random","equal","random","group",0.8,0.2,0,0,1.31273671530204,5
140,21,5,"random","equal","random","dynamic",0.466666666666667,0.533333333333333,0,0,1.31273671530204,5
140,21,5,"random","equal","random","calendar",0.466666666666667,0.533333333333333,0,0,1.31273671530204,5
140,21,5,"random","equal","random","stacked",0.863636363636364,0.136363636363636,0,0,1.2697569127916,5
141,21,5,"random","equal","random","simple",1,0,0,0,NA,5
141,21,5,"random","equal","random","group",1,0,0,0,NA,5
141,21,5,"random","equal","random","dynamic",1,0,0,0,NA,5
141,21,5,"random","equal","random","calendar",1,0,0,0,NA,5
141,21,5,"random","equal","random","stacked",1,0,0,0,NA,5
142,21,5,"random","equal","random","simple",0.666666666666667,0.333333333333333,0,0,1.31273671530204,5
142,21,5,"random","equal","random","group",0.8,0.2,0,0,1.31273671530204,5
142,21,5,"random","equal","random","dynamic",0.591666666666667,0.408333333333333,0,0,1.31273671530204,5
142,21,5,"random","equal","random","calendar",0.591666666666667,0.408333333333333,0,0,1.31273671530204,5
142,21,5,"random","equal","random","stacked",0.85,0.15,0,0,1.2697569127916,5
143,21,5,"random","equal","random","simple",0.696428571428571,0.303571428571429,0,0.303571428571429,0.883187855576138,5
143,21,5,"random","equal","random","group",0.8,0.2,0,0.2,0.883187855576138,5
143,21,5,"random","equal","random","dynamic",0.646078431372549,0.353921568627451,0,0.353921568627451,0.883187855576138,5
143,21,5,"random","equal","random","calendar",0.646078431372549,0.353921568627451,0,0.353921568627451,0.883187855576138,5
143,21,5,"random","equal","random","stacked",0.825641025641026,0.174358974358974,0,0.174358974358974,0.854271745308325,5
144,21,5,"random","equal","random","simple",0.653061224489796,0.346938775510204,0,0.346938775510204,0.883187855576138,5
144,21,5,"random","equal","random","group",0.8,0.2,0,0.2,0.883187855576138,5
144,21,5,"random","equal","random","dynamic",0.586274509803922,0.413725490196078,0,0.413725490196078,0.883187855576138,5
144,21,5,"random","equal","random","calendar",0.586274509803922,0.413725490196078,0,0.413725490196078,0.883187855576138,5
144,21,5,"random","equal","random","stacked",0.797619047619048,0.202380952380952,0,0.202380952380952,0.854271745308325,5
145,21,5,"random","equal","random","simple",0.672413793103448,0.327586206896552,0,0,2.36969300063141,5
145,21,5,"random","equal","random","group",0.8,0.2,0,0,2.36969300063141,5
145,21,5,"random","equal","random","dynamic",0.650833333333333,0.349166666666667,0,0,2.36969300063141,5
145,21,5,"random","equal","random","calendar",0.650833333333333,0.349166666666667,0,0,2.36969300063141,5
145,21,5,"random","equal","random","stacked",0.866197183098592,0.133802816901408,0,0,2.29210780324164,5
146,21,5,"random","equal","random","simple",1,0,0,0,NA,5
146,21,5,"random","equal","random","group",1,0,0,0,NA,5
146,21,5,"random","equal","random","dynamic",1,0,0,0,NA,5
146,21,5,"random","equal","random","calendar",1,0,0,0,NA,5
146,21,5,"random","equal","random","stacked",1,0,0,0,NA,5
147,21,5,"random","equal","random","simple",0.455882352941176,0.544117647058824,0,0,2.36969300063141,5
147,21,5,"random","equal","random","group",0.6,0.4,0,0,1.31273671530204,5
147,21,5,"random","equal","random","dynamic",0.366666666666667,0.633333333333333,0,0,2.36969300063141,5
147,21,5,"random","equal","random","calendar",0.366666666666667,0.633333333333333,0,0,2.36969300063141,5
147,21,5,"random","equal","random","stacked",0.771144278606965,0.228855721393035,0,0,1.2697569127916,5
148,21,5,"random","equal","random","simple",1,0,0,0,NA,5
148,21,5,"random","equal","random","group",1,0,0,0,NA,5
148,21,5,"random","equal","random","dynamic",1,0,0,0,NA,5
148,21,5,"random","equal","random","calendar",1,0,0,0,NA,5
148,21,5,"random","equal","random","stacked",1,0,0,0,NA,5
149,21,5,"random","equal","random","simple",1,0,0,0,NA,5
149,21,5,"random","equal","random","group",1,0,0,0,NA,5
149,21,5,"random","equal","random","dynamic",1,0,0,0,NA,5
149,21,5,"random","equal","random","calendar",1,0,0,0,NA,5
149,21,5,"random","equal","random","stacked",1,0,0,0,NA,5
150,21,5,"random","equal","random","simple",0.58695652173913,0.41304347826087,0,0,2.36969300063141,5
150,21,5,"random","equal","random","group",0.8,0.2,0,0,2.36969300063141,5
150,21,5,"random","equal","random","dynamic",0.502631578947368,0.497368421052632,0,0,2.36969300063141,5
150,21,5,"random","equal","random","calendar",0.502631578947368,0.497368421052632,0,0,2.36969300063141,5
150,21,5,"random","equal","random","stacked",0.864285714285714,0.135714285714286,0,0,2.29210780324164,5
151,21,5,"random","equal","random","simple",1,0,0,0,NA,5
151,21,5,"random","equal","random","group",1,0,0,0,NA,5
151,21,5,"random","equal","random","dynamic",1,0,0,0,NA,5
151,21,5,"random","equal","random","calendar",1,0,0,0,NA,5
151,21,5,"random","equal","random","stacked",1,0,0,0,NA,5
152,21,5,"random","equal","random","simple",0.446153846153846,0.553846153846154,0,0.261538461538462,2.36969300063141,5
152,21,5,"random","equal","random","group",0.6,0.4,0,0.2,0.883187855576138,5
152,21,5,"random","equal","random","dynamic",0.350877192982456,0.649122807017544,0,0.271929824561404,2.36969300063141,5
152,21,5,"random","equal","random","calendar",0.350877192982456,0.649122807017544,0,0.271929824561404,2.36969300063141,5
152,21,5,"random","equal","random","stacked",0.735,0.265,0,0.17,0.854271745308325,5
153,21,5,"random","equal","random","simple",1,0,0,0,NA,5
153,21,5,"random","equal","random","group",1,0,0,0,NA,5
153,21,5,"random","equal","random","dynamic",1,0,0,0,NA,5
153,21,5,"random","equal","random","calendar",1,0,0,0,NA,5
153,21,5,"random","equal","random","stacked",1,0,0,0,NA,5
154,21,5,"random","equal","random","simple",0.419354838709677,0.580645161290323,0,0.274193548387097,2.36969300063141,5
154,21,5,"random","equal","random","group",0.6,0.4,0,0.2,0.883187855576138,5
154,21,5,"random","equal","random","dynamic",0.307017543859649,0.692982456140351,0,0.293859649122807,2.36969300063141,5
154,21,5,"random","equal","random","calendar",0.307017543859649,0.692982456140351,0,0.293859649122807,2.36969300063141,5
154,21,5,"random","equal","random","stacked",0.738916256157635,0.261083743842365,0,0.167487684729064,0.854271745308325,5
155,21,5,"random","equal","random","simple",1,0,0,0,NA,5
155,21,5,"random","equal","random","group",1,0,0,0,NA,5
155,21,5,"random","equal","random","dynamic",1,0,0,0,NA,5
155,21,5,"random","equal","random","calendar",1,0,0,0,NA,5
155,21,5,"random","equal","random","stacked",1,0,0,0,NA,5
156,21,5,"random","equal","random","simple",0.612244897959184,0.387755102040816,0,0,2.36969300063141,5
156,21,5,"random","equal","random","group",0.8,0.2,0,0,2.36969300063141,5
156,21,5,"random","equal","random","dynamic",0.400877192982456,0.599122807017544,0,0,2.36969300063141,5
156,21,5,"random","equal","random","calendar",0.400877192982456,0.599122807017544,0,0,2.36969300063141,5
156,21,5,"random","equal","random","stacked",0.909090909090909,0.0909090909090909,0,0,2.29210780324164,5
157,21,5,"random","equal","random","simple",0.590909090909091,0.409090909090909,0,0,1.31273671530204,5
157,21,5,"random","equal","random","group",0.8,0.2,0,0,1.31273671530204,5
157,21,5,"random","equal","random","dynamic",0.428703703703704,0.571296296296296,0,0,1.31273671530204,5
157,21,5,"random","equal","random","calendar",0.428703703703704,0.571296296296296,0,0,1.31273671530204,5
157,21,5,"random","equal","random","stacked",0.854054054054054,0.145945945945946,0,0,1.2697569127916,5
158,21,5,"random","equal","random","simple",1,0,0,0,NA,5
158,21,5,"random","equal","random","group",1,0,0,0,NA,5
158,21,5,"random","equal","random","dynamic",1,0,0,0,NA,5
158,21,5,"random","equal","random","calendar",1,0,0,0,NA,5
158,21,5,"random","equal","random","stacked",1,0,0,0,NA,5
159,21,5,"random","equal","random","simple",1,0,0,0,NA,5
159,21,5,"random","equal","random","group",1,0,0,0,NA,5
159,21,5,"random","equal","random","dynamic",1,0,0,0,NA,5
159,21,5,"random","equal","random","calendar",1,0,0,0,NA,5
159,21,5,"random","equal","random","stacked",1,0,0,0,NA,5
160,21,5,"random","equal","random","simple",0.703125,0.296875,0,0,2.36969300063141,5
160,21,5,"random","equal","random","group",0.8,0.2,0,0,2.36969300063141,5
160,21,5,"random","equal","random","dynamic",0.676666666666667,0.323333333333333,0,0,2.36969300063141,5
160,21,5,"random","equal","random","calendar",0.676666666666667,0.323333333333333,0,0,2.36969300063141,5
160,21,5,"random","equal","random","stacked",0.88622754491018,0.11377245508982,0,0,2.29210780324164,5
161,21,5,"random","equal","random","simple",0.723076923076923,0.276923076923077,0,0,1.31273671530204,5
161,21,5,"random","equal","random","group",0.8,0.2,0,0,1.31273671530204,5
161,21,5,"random","equal","random","dynamic",0.705833333333333,0.294166666666667,0,0,1.31273671530204,5
161,21,5,"random","equal","random","calendar",0.705833333333333,0.294166666666667,0,0,1.31273671530204,5
161,21,5,"random","equal","random","stacked",0.85,0.15,0,0,1.2697569127916,5
162,21,5,"random","equal","random","simple",1,0,0,0,NA,5
162,21,5,"random","equal","random","group",1,0,0,0,NA,5
162,21,5,"random","equal","random","dynamic",1,0,0,0,NA,5
162,21,5,"random","equal","random","calendar",1,0,0,0,NA,5
162,21,5,"random","equal","random","stacked",1,0,0,0,NA,5
163,21,5,"random","equal","random","simple",0.471428571428571,0.528571428571428,0,0,2.36969300063141,5
163,21,5,"random","equal","random","group",0.6,0.4,0,0,1.31273671530204,5
163,21,5,"random","equal","random","dynamic",0.408771929824561,0.591228070175439,0,0,2.36969300063141,5
163,21,5,"random","equal","random","calendar",0.408771929824561,0.591228070175439,0,0,2.36969300063141,5
163,21,5,"random","equal","random","stacked",0.752688172043011,0.247311827956989,0,0,1.2697569127916,5
164,21,5,"random","equal","random","simple",0.73015873015873,0.26984126984127,0,0.26984126984127,0.883187855576138,5
164,21,5,"random","equal","random","group",0.8,0.2,0,0.2,0.883187855576138,5
164,21,5,"random","equal","random","dynamic",0.667647058823529,0.332352941176471,0,0.332352941176471,0.883187855576138,5
164,21,5,"random","equal","random","calendar",0.667647058823529,0.332352941176471,0,0.332352941176471,0.883187855576138,5
164,21,5,"random","equal","random","stacked",0.852173913043478,0.147826086956522,0,0.147826086956522,0.854271745308325,5
165,21,5,"random","equal","random","simple",0.525641025641026,0.474358974358974,0,0,2.36969300063141,5
165,21,5,"random","equal","random","group",0.6,0.4,0,0,1.31273671530204,5
165,21,5,"random","equal","random","dynamic",0.457894736842105,0.542105263157895,0,0,2.36969300063141,5
165,21,5,"random","equal","random","calendar",0.457894736842105,0.542105263157895,0,0,2.36969300063141,5
165,21,5,"random","equal","random","stacked",0.760416666666667,0.239583333333333,0,0,1.2697569127916,5
166,21,5,"random","equal","random","simple",1,0,0,0,NA,5
166,21,5,"random","equal","random","group",1,0,0,0,NA,5
166,21,5,"random","equal","random","dynamic",1,0,0,0,NA,5
166,21,5,"random","equal","random","calendar",1,0,0,0,NA,5
166,21,5,"random","equal","random","stacked",1,0,0,0,NA,5
167,21,5,"random","equal","random","simple",0.72463768115942,0.27536231884058,0,0,2.36969300063141,5
167,21,5,"random","equal","random","group",0.8,0.2,0,0,2.36969300063141,5
167,21,5,"random","equal","random","dynamic",0.620175438596491,0.379824561403509,0,0,2.36969300063141,5
167,21,5,"random","equal","random","calendar",0.620175438596491,0.379824561403509,0,0,2.36969300063141,5
167,21,5,"random","equal","random","stacked",0.910798122065728,0.0892018779342724,0,0,2.29210780324164,5
168,21,5,"random","equal","random","simple",0.622222222222222,0.377777777777778,0,0.377777777777778,0.883187855576138,5
168,21,5,"random","equal","random","group",0.8,0.2,0,0.2,0.883187855576138,5
168,21,5,"random","equal","random","dynamic",0.476470588235294,0.523529411764706,0,0.523529411764706,0.883187855576138,5
168,21,5,"random","equal","random","calendar",0.476470588235294,0.523529411764706,0,0.523529411764706,0.883187855576138,5
168,21,5,"random","equal","random","stacked",0.826530612244898,0.173469387755102,0,0.173469387755102,0.854271745308325,5
169,21,5,"random","equal","random","simple",0.403225806451613,0.596774193548387,0,0,2.36969300063141,5
169,21,5,"random","equal","random","group",0.6,0.4,0,0,1.31273671530204,5
169,21,5,"random","equal","random","dynamic",0.319298245614035,0.680701754385965,0,0,2.36969300063141,5
169,21,5,"random","equal","random","calendar",0.319298245614035,0.680701754385965,0,0,2.36969300063141,5
169,21,5,"random","equal","random","stacked",0.75,0.25,0,0,1.2697569127916,5
170,21,5,"random","equal","random","simple",0.739130434782609,0.260869565217391,0,0,1.31273671530204,5
170,21,5,"random","equal","random","group",0.8,0.2,0,0,1.31273671530204,5
170,21,5,"random","equal","random","dynamic",0.661111111111111,0.338888888888889,0,0,1.31273671530204,5
170,21,5,"random","equal","random","calendar",0.661111111111111,0.338888888888889,0,0,1.31273671530204,5
170,21,5,"random","equal","random","stacked",0.876146788990826,0.123853211009174,0,0,1.2697569127916,5
171,21,5,"random","equal","random","simple",0.685185185185185,0.314814814814815,0,0.314814814814815,0.883187855576138,5
171,21,5,"random","equal","random","group",0.8,0.2,0,0.2,0.883187855576138,5
171,21,5,"random","equal","random","dynamic",0.597058823529412,0.402941176470588,0,0.402941176470588,0.883187855576138,5
171,21,5,"random","equal","random","calendar",0.597058823529412,0.402941176470588,0,0.402941176470588,0.883187855576138,5
171,21,5,"random","equal","random","stacked",0.84037558685446,0.15962441314554,0,0.15962441314554,0.854271745308325,5
172,21,5,"random","equal","random","simple",0.485294117647059,0.514705882352941,0,0.25,1.31273671530204,5
172,21,5,"random","equal","random","group",0.6,0.4,0,0.2,0.883187855576138,5
172,21,5,"random","equal","random","dynamic",0.414814814814815,0.585185185185185,0,0.264814814814815,1.31273671530204,5
172,21,5,"random","equal","random","calendar",0.414814814814815,0.585185185185185,0,0.264814814814815,1.31273671530204,5
172,21,5,"random","equal","random","stacked",0.713615023474178,0.286384976525822,0,0.15962441314554,0.854271745308325,5
173,21,5,"random","equal","random","simple",0.683333333333333,0.316666666666667,0,0,2.36969300063141,5
173,21,5,"random","equal","random","group",0.8,0.2,0,0,2.36969300063141,5
173,21,5,"random","equal","random","dynamic",0.594736842105263,0.405263157894737,0,0,2.36969300063141,5
173,21,5,"random","equal","random","calendar",0.594736842105263,0.405263157894737,0,0,2.36969300063141,5
173,21,5,"random","equal","random","stacked",0.886904761904762,0.113095238095238,0,0,2.29210780324164,5
174,21,5,"random","equal","random","simple",1,0,0,0,NA,5
174,21,5,"random","equal","random","group",1,0,0,0,NA,5
174,21,5,"random","equal","random","dynamic",1,0,0,0,NA,5
174,21,5,"random","equal","random","calendar",1,0,0,0,NA,5
174,21,5,"random","equal","random","stacked",1,0,0,0,NA,5
175,21,5,"random","equal","random","simple",0.634615384615385,0.365384615384615,0,0,2.36969300063141,5
175,21,5,"random","equal","random","group",0.8,0.2,0,0,2.36969300063141,5
175,21,5,"random","equal","random","dynamic",0.544736842105263,0.455263157894737,0,0,2.36969300063141,5
175,21,5,"random","equal","random","calendar",0.544736842105263,0.455263157894737,0,0,2.36969300063141,5
175,21,5,"random","equal","random","stacked",0.880503144654088,0.119496855345912,0,0,2.29210780324164,5
176,21,5,"random","equal","random","simple",0.571428571428571,0.428571428571429,0,0,1.31273671530204,5
176,21,5,"random","equal","random","group",0.8,0.2,0,0,1.31273671530204,5
176,21,5,"random","equal","random","dynamic",0.339814814814815,0.660185185185185,0,0,1.31273671530204,5
176,21,5,"random","equal","random","calendar",0.339814814814815,0.660185185185185,0,0,1.31273671530204,5
176,21,5,"random","equal","random","stacked",0.865,0.135,0,0,1.2697569127916,5
177,21,5,"random","equal","random","simple",0.23943661971831,0.76056338028169,0,0.23943661971831,1.31273671530204,5
177,21,5,"random","equal","random","group",0.4,0.6,0,0.2,1.31273671530204,5
177,21,5,"random","equal","random","dynamic",0.181578947368421,0.818421052631579,0,0.237719298245614,1.31273671530204,5
177,21,5,"random","equal","random","calendar",0.181578947368421,0.818421052631579,0,0.237719298245614,1.31273671530204,5
177,21,5,"random","equal","random","stacked",0.56989247311828,0.43010752688172,0,0.182795698924731,1.2697569127916,5
178,21,5,"random","equal","random","simple",0.766233766233766,0.233766233766234,0,0,1.31273671530204,5
178,21,5,"random","equal","random","group",0.8,0.2,0,0,1.31273671530204,5
178,21,5,"random","equal","random","dynamic",0.7625,0.2375,0,0,1.31273671530204,5
178,21,5,"random","equal","random","calendar",0.7625,0.2375,0,0,1.31273671530204,5
178,21,5,"random","equal","random","stacked",0.853260869565217,0.146739130434783,0,0,1.2697569127916,5
179,21,5,"random","equal","random","simple",1,0,0,0,NA,5
179,21,5,"random","equal","random","group",1,0,0,0,NA,5
179,21,5,"random","equal","random","dynamic",1,0,0,0,NA,5
179,21,5,"random","equal","random","calendar",1,0,0,0,NA,5
179,21,5,"random","equal","random","stacked",1,0,0,0,NA,5
180,21,5,"random","equal","random","simple",1,0,0,0,NA,5
180,21,5,"random","equal","random","group",1,0,0,0,NA,5
180,21,5,"random","equal","random","dynamic",1,0,0,0,NA,5
180,21,5,"random","equal","random","calendar",1,0,0,0,NA,5
180,21,5,"random","equal","random","stacked",1,0,0,0,NA,5
181,21,5,"random","equal","random","simple",1,0,0,0,NA,5
181,21,5,"random","equal","random","group",1,0,0,0,NA,5
181,21,5,"random","equal","random","dynamic",1,0,0,0,NA,5
181,21,5,"random","equal","random","calendar",1,0,0,0,NA,5
181,21,5,"random","equal","random","stacked",1,0,0,0,NA,5
182,21,5,"random","equal","random","simple",1,0,0,0,NA,5
182,21,5,"random","equal","random","group",1,0,0,0,NA,5
182,21,5,"random","equal","random","dynamic",1,0,0,0,NA,5
182,21,5,"random","equal","random","calendar",1,0,0,0,NA,5
182,21,5,"random","equal","random","stacked",1,0,0,0,NA,5
183,21,5,"random","equal","random","simple",0.484848484848485,0.515151515151515,0,0.515151515151515,0.883187855576138,5
183,21,5,"random","equal","random","group",0.8,0.2,0,0.2,0.883187855576138,5
183,21,5,"random","equal","random","dynamic",0.248039215686274,0.751960784313725,0,0.751960784313725,0.883187855576138,5
183,21,5,"random","equal","random","calendar",0.248039215686274,0.751960784313725,0,0.751960784313725,0.883187855576138,5
183,21,5,"random","equal","random","stacked",0.791411042944785,0.208588957055215,0,0.208588957055215,0.854271745308325,5
184,21,5,"random","equal","random","simple",1,0,0,0,NA,5
184,21,5,"random","equal","random","group",1,0,0,0,NA,5
184,21,5,"random","equal","random","dynamic",1,0,0,0,NA,5
184,21,5,"random","equal","random","calendar",1,0,0,0,NA,5
184,21,5,"random","equal","random","stacked",1,0,0,0,NA,5
185,21,5,"random","equal","random","simple",0.513888888888889,0.486111111111111,0,0.236111111111111,1.31273671530204,5
185,21,5,"random","equal","random","group",0.6,0.4,0,0.2,0.883187855576138,5
185,21,5,"random","equal","random","dynamic",0.536666666666667,0.463333333333333,0,0.219166666666667,1.31273671530204,5
185,21,5,"random","equal","random","calendar",0.536666666666667,0.463333333333333,0,0.219166666666667,1.31273671530204,5
185,21,5,"random","equal","random","stacked",0.611464968152866,0.388535031847134,0,0.21656050955414,0.854271745308325,5
186,21,5,"random","equal","random","simple",1,0,0,0,NA,5
186,21,5,"random","equal","random","group",1,0,0,0,NA,5
186,21,5,"random","equal","random","dynamic",1,0,0,0,NA,5
186,21,5,"random","equal","random","calendar",1,0,0,0,NA,5
186,21,5,"random","equal","random","stacked",1,0,0,0,NA,5
187,21,5,"random","equal","random","simple",0.26,0.74,0,0,2.36969300063141,5
187,21,5,"random","equal","random","group",0.6,0.4,0,0,1.31273671530204,5
187,21,5,"random","equal","random","dynamic",0.156140350877193,0.843859649122807,0,0,2.36969300063141,5
187,21,5,"random","equal","random","calendar",0.156140350877193,0.843859649122807,0,0,2.36969300063141,5
187,21,5,"random","equal","random","stacked",0.697368421052631,0.302631578947368,0,0,1.2697569127916,5
188,21,5,"random","equal","random","simple",1,0,0,0,NA,5
188,21,5,"random","equal","random","group",1,0,0,0,NA,5
188,21,5,"random","equal","random","dynamic",1,0,0,0,NA,5
188,21,5,"random","equal","random","calendar",1,0,0,0,NA,5
188,21,5,"random","equal","random","stacked",1,0,0,0,NA,5
189,21,5,"random","equal","random","simple",0.46875,0.53125,0,0.53125,0.883187855576138,5
189,21,5,"random","equal","random","group",0.8,0.2,0,0.2,0.883187855576138,5
189,21,5,"random","equal","random","dynamic",0.236274509803922,0.763725490196078,0,0.763725490196078,0.883187855576138,5
189,21,5,"random","equal","random","calendar",0.236274509803922,0.763725490196078,0,0.763725490196078,0.883187855576138,5
189,21,5,"random","equal","random","stacked",0.786163522012579,0.213836477987421,0,0.213836477987421,0.854271745308325,5
190,21,5,"random","equal","random","simple",0.688524590163934,0.311475409836066,0,0,2.36969300063141,5
190,21,5,"random","equal","random","group",0.8,0.2,0,0,2.36969300063141,5
190,21,5,"random","equal","random","dynamic",0.661666666666667,0.338333333333333,0,0,2.36969300063141,5
190,21,5,"random","equal","random","calendar",0.661666666666667,0.338333333333333,0,0,2.36969300063141,5
190,21,5,"random","equal","random","stacked",0.880503144654088,0.119496855345912,0,0,2.29210780324164,5
191,21,5,"random","equal","random","simple",0.742857142857143,0.257142857142857,0,0,1.31273671530204,5
191,21,5,"random","equal","random","group",0.8,0.2,0,0,1.31273671530204,5
191,21,5,"random","equal","random","dynamic",0.74,0.26,0,0,1.31273671530204,5
191,21,5,"random","equal","random","calendar",0.74,0.26,0,0,1.31273671530204,5
191,21,5,"random","equal","random","stacked",0.847457627118644,0.152542372881356,0,0,1.2697569127916,5
192,21,5,"random","equal","random","simple",1,0,0,0,NA,5
192,21,5,"random","equal","random","group",1,0,0,0,NA,5
192,21,5,"random","equal","random","dynamic",1,0,0,0,NA,5
192,21,5,"random","equal","random","calendar",1,0,0,0,NA,5
192,21,5,"random","equal","random","stacked",1,0,0,0,NA,5
193,21,5,"random","equal","random","simple",0.307692307692308,0.692307692307692,0,0.326923076923077,2.36969300063141,5
193,21,5,"random","equal","random","group",0.6,0.4,0,0.2,0.883187855576138,5
193,21,5,"random","equal","random","dynamic",0.212280701754386,0.787719298245614,0,0.341228070175439,2.36969300063141,5
193,21,5,"random","equal","random","calendar",0.212280701754386,0.787719298245614,0,0.341228070175439,2.36969300063141,5
193,21,5,"random","equal","random","stacked",0.680722891566265,0.319277108433735,0,0.204819277108434,0.854271745308325,5
194,21,5,"random","equal","random","simple",0.64,0.36,0,0,1.31273671530204,5
194,21,5,"random","equal","random","group",0.8,0.2,0,0,1.31273671530204,5
194,21,5,"random","equal","random","dynamic",0.510185185185185,0.489814814814815,0,0,1.31273671530204,5
194,21,5,"random","equal","random","calendar",0.510185185185185,0.489814814814815,0,0,1.31273671530204,5
194,21,5,"random","equal","random","stacked",0.863636363636364,0.136363636363636,0,0,1.2697569127916,5
195,21,5,"random","equal","random","simple",1,0,0,0,NA,5
195,21,5,"random","equal","random","group",1,0,0,0,NA,5
195,21,5,"random","equal","random","dynamic",1,0,0,0,NA,5
195,21,5,"random","equal","random","calendar",1,0,0,0,NA,5
195,21,5,"random","equal","random","stacked",1,0,0,0,NA,5
196,21,5,"random","equal","random","simple",1,0,0,0,NA,5
196,21,5,"random","equal","random","group",1,0,0,0,NA,5
196,21,5,"random","equal","random","dynamic",1,0,0,0,NA,5
196,21,5,"random","equal","random","calendar",1,0,0,0,NA,5
196,21,5,"random","equal","random","stacked",1,0,0,0,NA,5
197,21,5,"random","equal","random","simple",1,0,0,0,NA,5
197,21,5,"random","equal","random","group",1,0,0,0,NA,5
197,21,5,"random","equal","random","dynamic",1,0,0,0,NA,5
197,21,5,"random","equal","random","calendar",1,0,0,0,NA,5
197,21,5,"random","equal","random","stacked",1,0,0,0,NA,5
198,21,5,"random","equal","random","simple",0.4,0.6,0,0.283333333333333,2.36969300063141,5
198,21,5,"random","equal","random","group",0.6,0.4,0,0.2,0.883187855576138,5
198,21,5,"random","equal","random","dynamic",0.280701754385965,0.719298245614035,0,0.307017543859649,2.36969300063141,5
198,21,5,"random","equal","random","calendar",0.280701754385965,0.719298245614035,0,0.307017543859649,2.36969300063141,5
198,21,5,"random","equal","random","stacked",0.737623762376238,0.262376237623762,0,0.168316831683168,0.854271745308325,5
199,21,5,"random","equal","random","simple",0.739130434782609,0.260869565217391,0,0,1.31273671530204,5
199,21,5,"random","equal","random","group",0.8,0.2,0,0,1.31273671530204,5
199,21,5,"random","equal","random","dynamic",0.656481481481481,0.343518518518519,0,0,1.31273671530204,5
199,21,5,"random","equal","random","calendar",0.656481481481481,0.343518518518519,0,0,1.31273671530204,5
199,21,5,"random","equal","random","stacked",0.877272727272727,0.122727272727273,0,0,1.2697569127916,5
200,21,5,"random","equal","random","simple",0.707692307692308,0.292307692307692,0,0,2.36969300063141,5
200,21,5,"random","equal","random","group",0.8,0.2,0,0,2.36969300063141,5
200,21,5,"random","equal","random","dynamic",0.676666666666667,0.323333333333333,0,0,2.36969300063141,5
200,21,5,"random","equal","random","calendar",0.676666666666667,0.323333333333333,0,0,2.36969300063141,5
200,21,5,"random","equal","random","stacked",0.88953488372093,0.11046511627907,0,0,2.29210780324164,5
201,21,5,"random","equal","random","simple",1,0,0,0,NA,5
201,21,5,"random","equal","random","group",1,0,0,0,NA,5
201,21,5,"random","equal","random","dynamic",1,0,0,0,NA,5
201,21,5,"random","equal","random","calendar",1,0,0,0,NA,5
201,21,5,"random","equal","random","stacked",1,0,0,0,NA,5
202,21,5,"random","equal","random","simple",1,0,0,0,NA,5
202,21,5,"random","equal","random","group",1,0,0,0,NA,5
202,21,5,"random","equal","random","dynamic",1,0,0,0,NA,5
202,21,5,"random","equal","random","calendar",1,0,0,0,NA,5
202,21,5,"random","equal","random","stacked",1,0,0,0,NA,5
203,21,5,"random","equal","random","simple",0.506666666666667,0.493333333333333,0,0,2.36969300063141,5
203,21,5,"random","equal","random","group",0.6,0.4,0,0,1.31273671530204,5
203,21,5,"random","equal","random","dynamic",0.43859649122807,0.56140350877193,0,0,2.36969300063141,5
203,21,5,"random","equal","random","calendar",0.43859649122807,0.56140350877193,0,0,2.36969300063141,5
203,21,5,"random","equal","random","stacked",0.764102564102564,0.235897435897436,0,0,1.2697569127916,5
204,21,5,"random","equal","random","simple",0.660714285714286,0.339285714285714,0,0,2.36969300063141,5
204,21,5,"random","equal","random","group",0.8,0.2,0,0,2.36969300063141,5
204,21,5,"random","equal","random","dynamic",0.564912280701754,0.435087719298246,0,0,2.36969300063141,5
204,21,5,"random","equal","random","calendar",0.564912280701755,0.435087719298246,0,0,2.36969300063141,5
204,21,5,"random","equal","random","stacked",0.893258426966292,0.106741573033708,0,0,2.29210780324164,5
205,21,5,"random","equal","random","simple",0.696428571428571,0.303571428571429,0,0.303571428571429,0.883187855576138,5
205,21,5,"random","equal","random","group",0.8,0.2,0,0.2,0.883187855576138,5
205,21,5,"random","equal","random","dynamic",0.631372549019608,0.368627450980392,0,0.368627450980392,0.883187855576138,5
205,21,5,"random","equal","random","calendar",0.631372549019608,0.368627450980392,0,0.368627450980392,0.883187855576138,5
205,21,5,"random","equal","random","stacked",0.838095238095238,0.161904761904762,0,0.161904761904762,0.854271745308325,5
206,21,5,"random","equal","random","simple",1,0,0,0,NA,5
206,21,5,"random","equal","random","group",1,0,0,0,NA,5
206,21,5,"random","equal","random","dynamic",1,0,0,0,NA,5
206,21,5,"random","equal","random","calendar",1,0,0,0,NA,5
206,21,5,"random","equal","random","stacked",1,0,0,0,NA,5
207,21,5,"random","equal","random","simple",1,0,0,0,NA,5
207,21,5,"random","equal","random","group",1,0,0,0,NA,5
207,21,5,"random","equal","random","dynamic",1,0,0,0,NA,5
207,21,5,"random","equal","random","calendar",1,0,0,0,NA,5
207,21,5,"random","equal","random","stacked",1,0,0,0,NA,5
208,21,5,"random","equal","random","simple",0.672413793103448,0.327586206896552,0,0,2.36969300063141,5
208,21,5,"random","equal","random","group",0.8,0.2,0,0,2.36969300063141,5
208,21,5,"random","equal","random","dynamic",0.525438596491228,0.474561403508772,0,0,2.36969300063141,5
208,21,5,"random","equal","random","calendar",0.525438596491228,0.474561403508772,0,0,2.36969300063141,5
208,21,5,"random","equal","random","stacked",0.906862745098039,0.0931372549019608,0,0,2.29210780324164,5
209,21,5,"random","equal","random","simple",1,0,0,0,NA,5
209,21,5,"random","equal","random","group",1,0,0,0,NA,5
209,21,5,"random","equal","random","dynamic",1,0,0,0,NA,5
209,21,5,"random","equal","random","calendar",1,0,0,0,NA,5
209,21,5,"random","equal","random","stacked",1,0,0,0,NA,5
210,21,5,"random","equal","random","simple",1,0,0,0,NA,5
210,21,5,"random","equal","random","group",1,0,0,0,NA,5
210,21,5,"random","equal","random","dynamic",1,0,0,0,NA,5
210,21,5,"random","equal","random","calendar",1,0,0,0,NA,5
210,21,5,"random","equal","random","stacked",1,0,0,0,NA,5
211,21,5,"random","equal","random","simple",0.63265306122449,0.36734693877551,0,0,1.31273671530204,5
211,21,5,"random","equal","random","group",0.8,0.2,0,0,1.31273671530204,5
211,21,5,"random","equal","random","dynamic",0.535185185185185,0.464814814814815,0,0,1.31273671530204,5
211,21,5,"random","equal","random","calendar",0.535185185185185,0.464814814814815,0,0,1.31273671530204,5
211,21,5,"random","equal","random","stacked",0.847457627118644,0.152542372881356,0,0,1.2697569127916,5
212,21,5,"random","equal","random","simple",1,0,0,0,NA,5
212,21,5,"random","equal","random","group",1,0,0,0,NA,5
212,21,5,"random","equal","random","dynamic",1,0,0,0,NA,5
212,21,5,"random","equal","random","calendar",1,0,0,0,NA,5
212,21,5,"random","equal","random","stacked",1,0,0,0,NA,5
213,21,5,"random","equal","random","simple",1,0,0,0,NA,5
213,21,5,"random","equal","random","group",1,0,0,0,NA,5
213,21,5,"random","equal","random","dynamic",1,0,0,0,NA,5
213,21,5,"random","equal","random","calendar",1,0,0,0,NA,5
213,21,5,"random","equal","random","stacked",1,0,0,0,NA,5
214,21,5,"random","equal","random","simple",1,0,0,0,NA,5
214,21,5,"random","equal","random","group",1,0,0,0,NA,5
214,21,5,"random","equal","random","dynamic",1,0,0,0,NA,5
214,21,5,"random","equal","random","calendar",1,0,0,0,NA,5
214,21,5,"random","equal","random","stacked",1,0,0,0,NA,5
215,21,5,"random","equal","random","simple",1,0,0,0,NA,5
215,21,5,"random","equal","random","group",1,0,0,0,NA,5
215,21,5,"random","equal","random","dynamic",1,0,0,0,NA,5
215,21,5,"random","equal","random","calendar",1,0,0,0,NA,5
215,21,5,"random","equal","random","stacked",1,0,0,0,NA,5
216,21,5,"random","equal","random","simple",1,0,0,0,NA,5
216,21,5,"random","equal","random","group",1,0,0,0,NA,5
216,21,5,"random","equal","random","dynamic",1,0,0,0,NA,5
216,21,5,"random","equal","random","calendar",1,0,0,0,NA,5
216,21,5,"random","equal","random","stacked",1,0,0,0,NA,5
217,21,5,"random","equal","random","simple",0.564705882352941,0.435294117647059,0,0,2.36969300063141,5
217,21,5,"random","equal","random","group",0.6,0.4,0,0,1.31273671530204,5
217,21,5,"random","equal","random","dynamic",0.568333333333333,0.431666666666667,0,0,2.36969300063141,5
217,21,5,"random","equal","random","calendar",0.568333333333333,0.431666666666667,0,0,2.36969300063141,5
217,21,5,"random","equal","random","stacked",0.693333333333333,0.306666666666667,0,0,1.2697569127916,5
218,21,5,"random","equal","random","simple",0.653846153846154,0.346153846153846,0,0,1.31273671530204,5
218,21,5,"random","equal","random","group",0.8,0.2,0,0,1.31273671530204,5
218,21,5,"random","equal","random","dynamic",0.501851851851852,0.498148148148148,0,0,1.31273671530204,5
218,21,5,"random","equal","random","calendar",0.501851851851852,0.498148148148148,0,0,1.31273671530204,5
218,21,5,"random","equal","random","stacked",0.873239436619718,0.126760563380282,0,0,1.2697569127916,5
219,21,5,"random","equal","random","simple",1,0,0,0,NA,5
219,21,5,"random","equal","random","group",1,0,0,0,NA,5
219,21,5,"random","equal","random","dynamic",1,0,0,0,NA,5
219,21,5,"random","equal","random","calendar",1,0,0,0,NA,5
219,21,5,"random","equal","random","stacked",1,0,0,0,NA,5
220,21,5,"random","equal","random","simple",1,0,0,0,NA,5
220,21,5,"random","equal","random","group",1,0,0,0,NA,5
220,21,5,"random","equal","random","dynamic",1,0,0,0,NA,5
220,21,5,"random","equal","random","calendar",1,0,0,0,NA,5
220,21,5,"random","equal","random","stacked",1,0,0,0,NA,5
221,21,5,"random","equal","random","simple",1,0,0,0,NA,5
221,21,5,"random","equal","random","group",1,0,0,0,NA,5
221,21,5,"random","equal","random","dynamic",1,0,0,0,NA,5
221,21,5,"random","equal","random","calendar",1,0,0,0,NA,5
221,21,5,"random","equal","random","stacked",1,0,0,0,NA,5
222,21,5,"random","equal","random","simple",0.575,0.425,0,0.425,0.883187855576138,5
222,21,5,"random","equal","random","group",0.8,0.2,0,0.2,0.883187855576138,5
222,21,5,"random","equal","random","dynamic",0.453921568627451,0.546078431372549,0,0.546078431372549,0.883187855576138,5
222,21,5,"random","equal","random","calendar",0.453921568627451,0.546078431372549,0,0.546078431372549,0.883187855576138,5
222,21,5,"random","equal","random","stacked",0.8,0.2,0,0.2,0.854271745308325,5
223,21,5,"random","equal","random","simple",0.444444444444444,0.555555555555556,0,0.26984126984127,1.31273671530204,5
223,21,5,"random","equal","random","group",0.6,0.4,0,0.2,0.883187855576138,5
223,21,5,"random","equal","random","dynamic",0.403703703703704,0.596296296296296,0,0.27037037037037,1.31273671530204,5
223,21,5,"random","equal","random","calendar",0.403703703703704,0.596296296296296,0,0.27037037037037,1.31273671530204,5
223,21,5,"random","equal","random","stacked",0.632530120481928,0.367469879518072,0,0.204819277108434,0.854271745308325,5
224,21,5,"random","equal","random","simple",0.485294117647059,0.514705882352941,0,0.25,1.31273671530204,5
224,21,5,"random","equal","random","group",0.6,0.4,0,0.2,0.883187855576138,5
224,21,5,"random","equal","random","dynamic",0.37962962962963,0.62037037037037,0,0.282407407407407,1.31273671530204,5
224,21,5,"random","equal","random","calendar",0.37962962962963,0.62037037037037,0,0.282407407407407,1.31273671530204,5
224,21,5,"random","equal","random","stacked",0.728888888888889,0.271111111111111,0,0.151111111111111,0.854271745308325,5
225,21,5,"random","equal","random","simple",1,0,0,0,NA,5
225,21,5,"random","equal","random","group",1,0,0,0,NA,5
225,21,5,"random","equal","random","dynamic",1,0,0,0,NA,5
225,21,5,"random","equal","random","calendar",1,0,0,0,NA,5
225,21,5,"random","equal","random","stacked",1,0,0,0,NA,5
226,21,5,"random","equal","random","simple",0.531645569620253,0.468354430379747,0,0,2.36969300063141,5
226,21,5,"random","equal","random","group",0.6,0.4,0,0,1.31273671530204,5
226,21,5,"random","equal","random","dynamic",0.466666666666667,0.533333333333333,0,0,2.36969300063141,5
226,21,5,"random","equal","random","calendar",0.466666666666667,0.533333333333333,0,0,2.36969300063141,5
226,21,5,"random","equal","random","stacked",0.756613756613757,0.243386243386243,0,0,1.2697569127916,5
227,21,5,"random","equal","random","simple",1,0,0,0,NA,5
227,21,5,"random","equal","random","group",1,0,0,0,NA,5
227,21,5,"random","equal","random","dynamic",1,0,0,0,NA,5
227,21,5,"random","equal","random","calendar",1,0,0,0,NA,5
227,21,5,"random","equal","random","stacked",1,0,0,0,NA,5
228,21,5,"random","equal","random","simple",1,0,0,0,NA,5
228,21,5,"random","equal","random","group",1,0,0,0,NA,5
228,21,5,"random","equal","random","dynamic",1,0,0,0,NA,5
228,21,5,"random","equal","random","calendar",1,0,0,0,NA,5
228,21,5,"random","equal","random","stacked",1,0,0,0,NA,5
229,21,5,"random","equal","random","simple",0.685185185185185,0.314814814814815,0,0.314814814814815,0.883187855576138,5
229,21,5,"random","equal","random","group",0.8,0.2,0,0.2,0.883187855576138,5
229,21,5,"random","equal","random","dynamic",0.590196078431373,0.409803921568627,0,0.409803921568627,0.883187855576138,5
229,21,5,"random","equal","random","calendar",0.590196078431373,0.409803921568627,0,0.409803921568627,0.883187855576138,5
229,21,5,"random","equal","random","stacked",0.845454545454545,0.154545454545455,0,0.154545454545455,0.854271745308325,5
230,21,5,"random","equal","random","simple",1,0,0,0,NA,5
230,21,5,"random","equal","random","group",1,0,0,0,NA,5
230,21,5,"random","equal","random","dynamic",1,0,0,0,NA,5
230,21,5,"random","equal","random","calendar",1,0,0,0,NA,5
230,21,5,"random","equal","random","stacked",1,0,0,0,NA,5
231,21,5,"random","equal","random","simple",1,0,0,0,NA,5
231,21,5,"random","equal","random","group",1,0,0,0,NA,5
231,21,5,"random","equal","random","dynamic",1,0,0,0,NA,5
231,21,5,"random","equal","random","calendar",1,0,0,0,NA,5
231,21,5,"random","equal","random","stacked",1,0,0,0,NA,5
232,21,5,"random","equal","random","simple",0.55,0.45,0,0,1.31273671530204,5
232,21,5,"random","equal","random","group",0.8,0.2,0,0,1.31273671530204,5
232,21,5,"random","equal","random","dynamic",0.284259259259259,0.715740740740741,0,0,1.31273671530204,5
232,21,5,"random","equal","random","calendar",0.284259259259259,0.715740740740741,0,0,1.31273671530204,5
232,21,5,"random","equal","random","stacked",0.861538461538462,0.138461538461538,0,0,1.2697569127916,5
233,21,5,"random","equal","random","simple",0.351851851851852,0.648148148148148,0,0.314814814814815,1.31273671530204,5
233,21,5,"random","equal","random","group",0.6,0.4,0,0.2,0.883187855576138,5
233,21,5,"random","equal","random","dynamic",0.275925925925926,0.724074074074074,0,0.334259259259259,1.31273671530204,5
233,21,5,"random","equal","random","calendar",0.275925925925926,0.724074074074074,0,0.334259259259259,1.31273671530204,5
233,21,5,"random","equal","random","stacked",0.653409090909091,0.346590909090909,0,0.193181818181818,0.854271745308325,5
234,21,5,"random","equal","random","simple",1,0,0,0,NA,5
234,21,5,"random","equal","random","group",1,0,0,0,NA,5
234,21,5,"random","equal","random","dynamic",1,0,0,0,NA,5
234,21,5,"random","equal","random","calendar",1,0,0,0,NA,5
234,21,5,"random","equal","random","stacked",1,0,0,0,NA,5
235,21,5,"random","equal","random","simple",0.703125,0.296875,0,0,2.36969300063141,5
235,21,5,"random","equal","random","group",0.8,0.2,0,0,2.36969300063141,5
235,21,5,"random","equal","random","dynamic",0.69,0.31,0,0,2.36969300063141,5
235,21,5,"random","equal","random","calendar",0.69,0.31,0,0,2.36969300063141,5
235,21,5,"random","equal","random","stacked",0.86231884057971,0.13768115942029,0,0,2.29210780324164,5
236,21,5,"random","equal","random","simple",1,0,0,0,NA,5
236,21,5,"random","equal","random","group",1,0,0,0,NA,5
236,21,5,"random","equal","random","dynamic",1,0,0,0,NA,5
236,21,5,"random","equal","random","calendar",1,0,0,0,NA,5
236,21,5,"random","equal","random","stacked",1,0,0,0,NA,5
237,21,5,"random","equal","random","simple",0.4,0.6,0,0.283333333333333,2.36969300063141,5
237,21,5,"random","equal","random","group",0.6,0.4,0,0.2,0.883187855576138,5
237,21,5,"random","equal","random","dynamic",0.328070175438597,0.671929824561403,0,0.283333333333333,2.36969300063141,5
237,21,5,"random","equal","random","calendar",0.328070175438597,0.671929824561403,0,0.283333333333333,2.36969300063141,5
237,21,5,"random","equal","random","stacked",0.691860465116279,0.308139534883721,0,0.197674418604651,0.854271745308325,5
238,21,5,"random","equal","random","simple",0.683333333333333,0.316666666666667,0,0,2.36969300063141,5
238,21,5,"random","equal","random","group",0.8,0.2,0,0,2.36969300063141,5
238,21,5,"random","equal","random","dynamic",0.528947368421053,0.471052631578947,0,0,2.36969300063141,5
238,21,5,"random","equal","random","calendar",0.528947368421053,0.471052631578947,0,0,2.36969300063141,5
238,21,5,"random","equal","random","stacked",0.914027149321267,0.0859728506787331,0,0,2.29210780324164,5
239,21,5,"random","equal","random","simple",1,0,0,0,NA,5
239,21,5,"random","equal","random","group",1,0,0,0,NA,5
239,21,5,"random","equal","random","dynamic",1,0,0,0,NA,5
239,21,5,"random","equal","random","calendar",1,0,0,0,NA,5
239,21,5,"random","equal","random","stacked",1,0,0,0,NA,5
240,21,5,"random","equal","random","simple",0.704918032786885,0.295081967213115,0,0,1.31273671530204,5
240,21,5,"random","equal","random","group",0.8,0.2,0,0,1.31273671530204,5
240,21,5,"random","equal","random","dynamic",0.679166666666667,0.320833333333333,0,0,1.31273671530204,5
240,21,5,"random","equal","random","calendar",0.679166666666667,0.320833333333333,0,0,1.31273671530204,5
240,21,5,"random","equal","random","stacked",0.853260869565217,0.146739130434783,0,0,1.2697569127916,5
241,21,5,"random","equal","random","simple",0.684210526315789,0.315789473684211,0,0,1.31273671530204,5
241,21,5,"random","equal","random","group",0.8,0.2,0,0,1.31273671530204,5
241,21,5,"random","equal","random","dynamic",0.555555555555556,0.444444444444444,0,0,1.31273671530204,5
241,21,5,"random","equal","random","calendar",0.555555555555556,0.444444444444444,0,0,1.31273671530204,5
241,21,5,"random","equal","random","stacked",0.875576036866359,0.124423963133641,0,0,1.2697569127916,5
242,21,5,"random","equal","random","simple",0.55,0.45,0,0,1.31273671530204,5
242,21,5,"random","equal","random","group",0.8,0.2,0,0,1.31273671530204,5
242,21,5,"random","equal","random","dynamic",0.375925925925926,0.624074074074074,0,0,1.31273671530204,5
242,21,5,"random","equal","random","calendar",0.375925925925926,0.624074074074074,0,0,1.31273671530204,5
242,21,5,"random","equal","random","stacked",0.845714285714286,0.154285714285714,0,0,1.2697569127916,5
243,21,5,"random","equal","random","simple",1,0,0,0,NA,5
243,21,5,"random","equal","random","group",1,0,0,0,NA,5
243,21,5,"random","equal","random","dynamic",1,0,0,0,NA,5
243,21,5,"random","equal","random","calendar",1,0,0,0,NA,5
243,21,5,"random","equal","random","stacked",1,0,0,0,NA,5
244,21,5,"random","equal","random","simple",0.540540540540541,0.459459459459459,0,0.459459459459459,0.883187855576138,5
244,21,5,"random","equal","random","group",0.8,0.2,0,0.2,0.883187855576138,5
244,21,5,"random","equal","random","dynamic",0.453921568627451,0.546078431372549,0,0.546078431372549,0.883187855576138,5
244,21,5,"random","equal","random","calendar",0.453921568627451,0.546078431372549,0,0.546078431372549,0.883187855576138,5
244,21,5,"random","equal","random","stacked",0.755395683453237,0.244604316546763,0,0.244604316546763,0.854271745308325,5
245,21,5,"random","equal","random","simple",0.5,0.5,0,0,2.36969300063141,5
245,21,5,"random","equal","random","group",0.6,0.4,0,0,1.31273671530204,5
245,21,5,"random","equal","random","dynamic",0.428070175438596,0.571929824561404,0,0,2.36969300063141,5
245,21,5,"random","equal","random","calendar",0.428070175438597,0.571929824561404,0,0,2.36969300063141,5
245,21,5,"random","equal","random","stacked",0.760416666666667,0.239583333333333,0,0,1.2697569127916,5
246,21,5,"random","equal","random","simple",0.648148148148148,0.351851851851852,0,0,2.36969300063141,5
246,21,5,"random","equal","random","group",0.8,0.2,0,0,2.36969300063141,5
246,21,5,"random","equal","random","dynamic",0.473684210526316,0.526315789473684,0,0,2.36969300063141,5
246,21,5,"random","equal","random","calendar",0.473684210526316,0.526315789473684,0,0,2.36969300063141,5
246,21,5,"random","equal","random","stacked",0.911627906976744,0.0883720930232559,0,0,2.29210780324164,5
247,21,5,"random","equal","random","simple",0.742857142857143,0.257142857142857,0,0,1.31273671530204,5
247,21,5,"random","equal","random","group",0.8,0.2,0,0,1.31273671530204,5
247,21,5,"random","equal","random","dynamic",0.743333333333333,0.256666666666667,0,0,1.31273671530204,5
247,21,5,"random","equal","random","calendar",0.743333333333333,0.256666666666667,0,0,1.31273671530204,5
247,21,5,"random","equal","random","stacked",0.836363636363636,0.163636363636364,0,0,1.2697569127916,5
248,21,5,"random","equal","random","simple",0.711864406779661,0.288135593220339,0,0.288135593220339,0.883187855576138,5
248,21,5,"random","equal","random","group",0.8,0.2,0,0.2,0.883187855576138,5
248,21,5,"random","equal","random","dynamic",0.642156862745098,0.357843137254902,0,0.357843137254902,0.883187855576138,5
248,21,5,"random","equal","random","calendar",0.642156862745098,0.357843137254902,0,0.357843137254902,0.883187855576138,5
248,21,5,"random","equal","random","stacked",0.848214285714286,0.151785714285714,0,0.151785714285714,0.854271745308325,5
249,21,5,"random","equal","random","simple",0.666666666666667,0.333333333333333,0,0,2.36969300063141,5
249,21,5,"random","equal","random","group",0.8,0.2,0,0,2.36969300063141,5
249,21,5,"random","equal","random","dynamic",0.521929824561404,0.478070175438597,0,0,2.36969300063141,5
249,21,5,"random","equal","random","calendar",0.521929824561404,0.478070175438596,0,0,2.36969300063141,5
249,21,5,"random","equal","random","stacked",0.907317073170732,0.0926829268292683,0,0,2.29210780324164,5
250,21,5,"random","equal","random","simple",0.688524590163934,0.311475409836066,0,0,2.36969300063141,5
250,21,5,"random","equal","random","group",0.8,0.2,0,0,2.36969300063141,5
250,21,5,"random","equal","random","dynamic",0.539473684210526,0.460526315789474,0,0,2.36969300063141,5
250,21,5,"random","equal","random","calendar",0.539473684210527,0.460526315789474,0,0,2.36969300063141,5
250,21,5,"random","equal","random","stacked",0.911627906976744,0.0883720930232559,0,0,2.29210780324164,5
251,21,5,"random","equal","random","simple",0.711864406779661,0.288135593220339,0,0.288135593220339,0.883187855576138,5
251,21,5,"random","equal","random","group",0.8,0.2,0,0.2,0.883187855576138,5
251,21,5,"random","equal","random","dynamic",0.721666666666667,0.278333333333333,0,0.278333333333333,0.883187855576138,5
251,21,5,"random","equal","random","calendar",0.721666666666667,0.278333333333333,0,0.278333333333333,0.883187855576138,5
251,21,5,"random","equal","random","stacked",0.78343949044586,0.21656050955414,0,0.21656050955414,0.854271745308325,5
252,21,5,"random","equal","random","simple",0.307692307692308,0.692307692307692,0,0.217948717948718,1.31273671530204,5
252,21,5,"random","equal","random","group",0.4,0.6,0,0.2,1.31273671530204,5
252,21,5,"random","equal","random","dynamic",0.273684210526316,0.726315789473684,0,0.207017543859649,1.31273671530204,5
252,21,5,"random","equal","random","calendar",0.273684210526316,0.726315789473684,0,0.207017543859649,1.31273671530204,5
252,21,5,"random","equal","random","stacked",0.534883720930233,0.465116279069767,0,0.197674418604651,1.2697569127916,5
253,21,5,"random","equal","random","simple",0.698412698412698,0.301587301587302,0,0,2.36969300063141,5
253,21,5,"random","equal","random","group",0.8,0.2,0,0,2.36969300063141,5
253,21,5,"random","equal","random","dynamic",0.684166666666667,0.315833333333333,0,0,2.36969300063141,5
253,21,5,"random","equal","random","calendar",0.684166666666667,0.315833333333333,0,0,2.36969300063141,5
253,21,5,"random","equal","random","stacked",0.866197183098592,0.133802816901409,0,0,2.29210780324164,5
254,21,5,"random","equal","random","simple",1,0,0,0,NA,5
254,21,5,"random","equal","random","group",1,0,0,0,NA,5
254,21,5,"random","equal","random","dynamic",1,0,0,0,NA,5
254,21,5,"random","equal","random","calendar",1,0,0,0,NA,5
254,21,5,"random","equal","random","stacked",1,0,0,0,NA,5
255,21,5,"random","equal","random","simple",1,0,0,0,NA,5
255,21,5,"random","equal","random","group",1,0,0,0,NA,5
255,21,5,"random","equal","random","dynamic",1,0,0,0,NA,5
255,21,5,"random","equal","random","calendar",1,0,0,0,NA,5
255,21,5,"random","equal","random","stacked",1,0,0,0,NA,5
256,21,5,"random","equal","random","simple",1,0,0,0,NA,5
256,21,5,"random","equal","random","group",1,0,0,0,NA,5
256,21,5,"random","equal","random","dynamic",1,0,0,0,NA,5
256,21,5,"random","equal","random","calendar",1,0,0,0,NA,5
256,21,5,"random","equal","random","stacked",1,0,0,0,NA,5
257,21,5,"random","equal","random","simple",1,0,0,0,NA,5
257,21,5,"random","equal","random","group",1,0,0,0,NA,5
257,21,5,"random","equal","random","dynamic",1,0,0,0,NA,5
257,21,5,"random","equal","random","calendar",1,0,0,0,NA,5
257,21,5,"random","equal","random","stacked",1,0,0,0,NA,5
258,21,5,"random","equal","random","simple",0.39344262295082,0.60655737704918,0,0,2.36969300063141,5
258,21,5,"random","equal","random","group",0.6,0.4,0,0,1.31273671530204,5
258,21,5,"random","equal","random","dynamic",0.405,0.595,0,0,2.36969300063141,5
258,21,5,"random","equal","random","calendar",0.405,0.595,0,0,2.36969300063141,5
258,21,5,"random","equal","random","stacked",0.505376344086021,0.494623655913979,0,0,1.2697569127916,5
259,21,5,"random","equal","random","simple",1,0,0,0,NA,5
259,21,5,"random","equal","random","group",1,0,0,0,NA,5
259,21,5,"random","equal","random","dynamic",1,0,0,0,NA,5
259,21,5,"random","equal","random","calendar",1,0,0,0,NA,5
259,21,5,"random","equal","random","stacked",1,0,0,0,NA,5
260,21,5,"random","equal","random","simple",0.547619047619048,0.452380952380952,0,0,2.36969300063141,5
260,21,5,"random","equal","random","group",0.8,0.2,0,0,2.36969300063141,5
260,21,5,"random","equal","random","dynamic",0.353508771929825,0.646491228070175,0,0,2.36969300063141,5
260,21,5,"random","equal","random","calendar",0.353508771929825,0.646491228070176,0,0,2.36969300063141,5
260,21,5,"random","equal","random","stacked",0.888235294117647,0.111764705882353,0,0,2.29210780324164,5
261,21,5,"random","equal","random","simple",1,0,0,0,NA,5
261,21,5,"random","equal","random","group",1,0,0,0,NA,5
261,21,5,"random","equal","random","dynamic",1,0,0,0,NA,5
261,21,5,"random","equal","random","calendar",1,0,0,0,NA,5
261,21,5,"random","equal","random","stacked",1,0,0,0,NA,5
262,21,5,"random","equal","random","simple",0.704918032786885,0.295081967213115,0,0,1.31273671530204,5
262,21,5,"random","equal","random","group",0.8,0.2,0,0,1.31273671530204,5
262,21,5,"random","equal","random","dynamic",0.637037037037037,0.362962962962963,0,0,1.31273671530204,5
262,21,5,"random","equal","random","calendar",0.637037037037037,0.362962962962963,0,0,1.31273671530204,5
262,21,5,"random","equal","random","stacked",0.847457627118644,0.152542372881356,0,0,1.2697569127916,5
263,21,5,"random","equal","random","simple",0.716666666666667,0.283333333333333,0,0.283333333333333,0.883187855576138,5
263,21,5,"random","equal","random","group",0.8,0.2,0,0.2,0.883187855576138,5
263,21,5,"random","equal","random","dynamic",0.641176470588235,0.358823529411765,0,0.358823529411765,0.883187855576138,5
263,21,5,"random","equal","random","calendar",0.641176470588235,0.358823529411765,0,0.358823529411765,0.883187855576138,5
263,21,5,"random","equal","random","stacked",0.838095238095238,0.161904761904762,0,0.161904761904762,0.854271745308325,5
264,21,5,"random","equal","random","simple",0.714285714285714,0.285714285714286,0,0,1.31273671530204,5
264,21,5,"random","equal","random","group",0.8,0.2,0,0,1.31273671530204,5
264,21,5,"random","equal","random","dynamic",0.6975,0.3025,0,0,1.31273671530204,5
264,21,5,"random","equal","random","calendar",0.6975,0.3025,0,0,1.31273671530204,5
264,21,5,"random","equal","random","stacked",0.849162011173184,0.150837988826816,0,0,1.2697569127916,5
265,21,5,"random","equal","random","simple",0.693548387096774,0.306451612903226,0,0,2.36969300063141,5
265,21,5,"random","equal","random","group",0.8,0.2,0,0,2.36969300063141,5
265,21,5,"random","equal","random","dynamic",0.589473684210526,0.410526315789474,0,0,2.36969300063141,5
265,21,5,"random","equal","random","calendar",0.589473684210526,0.410526315789474,0,0,2.36969300063141,5
265,21,5,"random","equal","random","stacked",0.905,0.095,0,0,2.29210780324164,5
266,21,5,"random","equal","random","simple",1,0,0,0,NA,5
266,21,5,"random","equal","random","group",1,0,0,0,NA,5
266,21,5,"random","equal","random","dynamic",1,0,0,0,NA,5
266,21,5,"random","equal","random","calendar",1,0,0,0,NA,5
266,21,5,"random","equal","random","stacked",1,0,0,0,NA,5
267,21,5,"random","equal","random","simple",1,0,0,0,NA,5
267,21,5,"random","equal","random","group",1,0,0,0,NA,5
267,21,5,"random","equal","random","dynamic",1,0,0,0,NA,5
267,21,5,"random","equal","random","calendar",1,0,0,0,NA,5
267,21,5,"random","equal","random","stacked",1,0,0,0,NA,5
268,21,5,"random","equal","random","simple",1,0,0,0,NA,5
268,21,5,"random","equal","random","group",1,0,0,0,NA,5
268,21,5,"random","equal","random","dynamic",1,0,0,0,NA,5
268,21,5,"random","equal","random","calendar",1,0,0,0,NA,5
268,21,5,"random","equal","random","stacked",1,0,0,0,NA,5
269,21,5,"random","equal","random","simple",1,0,0,0,NA,5
269,21,5,"random","equal","random","group",1,0,0,0,NA,5
269,21,5,"random","equal","random","dynamic",1,0,0,0,NA,5
269,21,5,"random","equal","random","calendar",1,0,0,0,NA,5
269,21,5,"random","equal","random","stacked",1,0,0,0,NA,5
270,21,5,"random","equal","random","simple",1,0,0,0,NA,5
270,21,5,"random","equal","random","group",1,0,0,0,NA,5
270,21,5,"random","equal","random","dynamic",1,0,0,0,NA,5
270,21,5,"random","equal","random","calendar",1,0,0,0,NA,5
270,21,5,"random","equal","random","stacked",1,0,0,0,NA,5
271,21,5,"random","equal","random","simple",0.64,0.36,0,0,1.31273671530204,5
271,21,5,"random","equal","random","group",0.8,0.2,0,0,1.31273671530204,5
271,21,5,"random","equal","random","dynamic",0.512962962962963,0.487037037037037,0,0,1.31273671530204,5
271,21,5,"random","equal","random","calendar",0.512962962962963,0.487037037037037,0,0,1.31273671530204,5
271,21,5,"random","equal","random","stacked",0.863636363636364,0.136363636363636,0,0,1.2697569127916,5
272,21,5,"random","equal","random","simple",0.485294117647059,0.514705882352941,0,0.25,1.31273671530204,5
272,21,5,"random","equal","random","group",0.6,0.4,0,0.2,0.883187855576138,5
272,21,5,"random","equal","random","dynamic",0.496666666666667,0.503333333333333,0,0.239166666666667,1.31273671530204,5
272,21,5,"random","equal","random","calendar",0.496666666666667,0.503333333333333,0,0.239166666666667,1.31273671530204,5
272,21,5,"random","equal","random","stacked",0.63030303030303,0.36969696969697,0,0.206060606060606,0.854271745308325,5
273,21,5,"random","equal","random","simple",1,0,0,0,NA,5
273,21,5,"random","equal","random","group",1,0,0,0,NA,5
273,21,5,"random","equal","random","dynamic",1,0,0,0,NA,5
273,21,5,"random","equal","random","calendar",1,0,0,0,NA,5
273,21,5,"random","equal","random","stacked",1,0,0,0,NA,5
274,21,5,"random","equal","random","simple",0.409836065573771,0.590163934426229,0,0.278688524590164,2.36969300063141,5
274,21,5,"random","equal","random","group",0.6,0.4,0,0.2,0.883187855576138,5
274,21,5,"random","equal","random","dynamic",0.356140350877193,0.643859649122807,0,0.269298245614035,2.36969300063141,5
274,21,5,"random","equal","random","calendar",0.356140350877193,0.643859649122807,0,0.269298245614035,2.36969300063141,5
274,21,5,"random","equal","random","stacked",0.658064516129032,0.341935483870968,0,0.219354838709677,0.854271745308325,5
275,21,5,"random","equal","random","simple",1,0,0,0,NA,5
275,21,5,"random","equal","random","group",1,0,0,0,NA,5
275,21,5,"random","equal","random","dynamic",1,0,0,0,NA,5
275,21,5,"random","equal","random","calendar",1,0,0,0,NA,5
275,21,5,"random","equal","random","stacked",1,0,0,0,NA,5
276,21,5,"random","equal","random","simple",1,0,0,0,NA,5
276,21,5,"random","equal","random","group",1,0,0,0,NA,5
276,21,5,"random","equal","random","dynamic",1,0,0,0,NA,5
276,21,5,"random","equal","random","calendar",1,0,0,0,NA,5
276,21,5,"random","equal","random","stacked",1,0,0,0,NA,5
277,21,5,"random","equal","random","simple",1,0,0,0,NA,5
277,21,5,"random","equal","random","group",1,0,0,0,NA,5
277,21,5,"random","equal","random","dynamic",1,0,0,0,NA,5
277,21,5,"random","equal","random","calendar",1,0,0,0,NA,5
277,21,5,"random","equal","random","stacked",1,0,0,0,NA,5
278,21,5,"random","equal","random","simple",1,0,0,0,NA,5
278,21,5,"random","equal","random","group",1,0,0,0,NA,5
278,21,5,"random","equal","random","dynamic",1,0,0,0,NA,5
278,21,5,"random","equal","random","calendar",1,0,0,0,NA,5
278,21,5,"random","equal","random","stacked",1,0,0,0,NA,5
279,21,5,"random","equal","random","simple",1,0,0,0,NA,5
279,21,5,"random","equal","random","group",1,0,0,0,NA,5
279,21,5,"random","equal","random","dynamic",1,0,0,0,NA,5
279,21,5,"random","equal","random","calendar",1,0,0,0,NA,5
279,21,5,"random","equal","random","stacked",1,0,0,0,NA,5
280,21,5,"random","equal","random","simple",0.688524590163934,0.311475409836066,0,0,2.36969300063141,5
280,21,5,"random","equal","random","group",0.8,0.2,0,0,2.36969300063141,5
280,21,5,"random","equal","random","dynamic",0.567543859649123,0.432456140350877,0,0,2.36969300063141,5
280,21,5,"random","equal","random","calendar",0.567543859649123,0.432456140350877,0,0,2.36969300063141,5
280,21,5,"random","equal","random","stacked",0.90547263681592,0.0945273631840797,0,0,2.29210780324164,5
281,21,5,"random","equal","random","simple",0.527027027027027,0.472972972972973,0,0.22972972972973,1.31273671530204,5
281,21,5,"random","equal","random","group",0.6,0.4,0,0.2,0.883187855576138,5
281,21,5,"random","equal","random","dynamic",0.543333333333333,0.456666666666667,0,0.215833333333333,1.31273671530204,5
281,21,5,"random","equal","random","calendar",0.543333333333333,0.456666666666667,0,0.215833333333333,1.31273671530204,5
281,21,5,"random","equal","random","stacked",0.649425287356322,0.350574712643678,0,0.195402298850575,0.854271745308325,5
282,21,5,"random","equal","random","simple",1,0,0,0,NA,5
282,21,5,"random","equal","random","group",1,0,0,0,NA,5
282,21,5,"random","equal","random","dynamic",1,0,0,0,NA,5
282,21,5,"random","equal","random","calendar",1,0,0,0,NA,5
282,21,5,"random","equal","random","stacked",1,0,0,0,NA,5
283,21,5,"random","equal","random","simple",0.678571428571429,0.321428571428571,0,0,1.31273671530204,5
283,21,5,"random","equal","random","group",0.8,0.2,0,0,1.31273671530204,5
283,21,5,"random","equal","random","dynamic",0.560185185185185,0.439814814814815,0,0,1.31273671530204,5
283,21,5,"random","equal","random","calendar",0.560185185185185,0.439814814814815,0,0,1.31273671530204,5
283,21,5,"random","equal","random","stacked",0.876712328767123,0.123287671232877,0,0,1.2697569127916,5
284,21,5,"random","equal","random","simple",0.6,0.4,0,0,1.31273671530204,5
284,21,5,"random","equal","random","group",0.8,0.2,0,0,1.31273671530204,5
284,21,5,"random","equal","random","dynamic",0.507407407407407,0.492592592592593,0,0,1.31273671530204,5
284,21,5,"random","equal","random","calendar",0.507407407407407,0.492592592592593,0,0,1.31273671530204,5
284,21,5,"random","equal","random","stacked",0.832298136645963,0.167701863354037,0,0,1.2697569127916,5
285,21,5,"random","equal","random","simple",1,0,0,0,NA,5
285,21,5,"random","equal","random","group",1,0,0,0,NA,5
285,21,5,"random","equal","random","dynamic",1,0,0,0,NA,5
285,21,5,"random","equal","random","calendar",1,0,0,0,NA,5
285,21,5,"random","equal","random","stacked",1,0,0,0,NA,5
286,21,5,"random","equal","random","simple",0.462686567164179,0.537313432835821,0,0.253731343283582,2.36969300063141,5
286,21,5,"random","equal","random","group",0.6,0.4,0,0.2,0.883187855576138,5
286,21,5,"random","equal","random","dynamic",0.385964912280702,0.614035087719298,0,0.254385964912281,2.36969300063141,5
286,21,5,"random","equal","random","calendar",0.385964912280702,0.614035087719298,0,0.254385964912281,2.36969300063141,5
286,21,5,"random","equal","random","stacked",0.725388601036269,0.274611398963731,0,0.176165803108808,0.854271745308325,5
287,21,5,"random","equal","random","simple",1,0,0,0,NA,5
287,21,5,"random","equal","random","group",1,0,0,0,NA,5
287,21,5,"random","equal","random","dynamic",1,0,0,0,NA,5
287,21,5,"random","equal","random","calendar",1,0,0,0,NA,5
287,21,5,"random","equal","random","stacked",1,0,0,0,NA,5
288,21,5,"random","equal","random","simple",0.721311475409836,0.278688524590164,0,0.278688524590164,0.883187855576138,5
288,21,5,"random","equal","random","group",0.8,0.2,0,0.2,0.883187855576138,5
288,21,5,"random","equal","random","dynamic",0.720833333333333,0.279166666666667,0,0.279166666666667,0.883187855576138,5
288,21,5,"random","equal","random","calendar",0.720833333333333,0.279166666666667,0,0.279166666666667,0.883187855576138,5
288,21,5,"random","equal","random","stacked",0.812154696132597,0.187845303867403,0,0.187845303867403,0.854271745308325,5
289,21,5,"random","equal","random","simple",0.647058823529412,0.352941176470588,0,0,1.31273671530204,5
289,21,5,"random","equal","random","group",0.8,0.2,0,0,1.31273671530204,5
289,21,5,"random","equal","random","dynamic",0.517592592592593,0.482407407407407,0,0,1.31273671530204,5
289,21,5,"random","equal","random","calendar",0.517592592592593,0.482407407407407,0,0,1.31273671530204,5
289,21,5,"random","equal","random","stacked",0.866995073891626,0.133004926108374,0,0,1.2697569127916,5
290,21,5,"random","equal","random","simple",1,0,0,0,NA,5
290,21,5,"random","equal","random","group",1,0,0,0,NA,5
290,21,5,"random","equal","random","dynamic",1,0,0,0,NA,5
290,21,5,"random","equal","random","calendar",1,0,0,0,NA,5
290,21,5,"random","equal","random","stacked",1,0,0,0,NA,5
291,21,5,"random","equal","random","simple",1,0,0,0,NA,5
291,21,5,"random","equal","random","group",1,0,0,0,NA,5
291,21,5,"random","equal","random","dynamic",1,0,0,0,NA,5
291,21,5,"random","equal","random","calendar",1,0,0,0,NA,5
291,21,5,"random","equal","random","stacked",1,0,0,0,NA,5
292,21,5,"random","equal","random","simple",0.46969696969697,0.53030303030303,0,0.257575757575758,1.31273671530204,5
292,21,5,"random","equal","random","group",0.6,0.4,0,0.2,0.883187855576138,5
292,21,5,"random","equal","random","dynamic",0.401851851851852,0.598148148148148,0,0.271296296296296,1.31273671530204,5
292,21,5,"random","equal","random","calendar",0.401851851851852,0.598148148148148,0,0.271296296296296,1.31273671530204,5
292,21,5,"random","equal","random","stacked",0.688775510204082,0.311224489795918,0,0.173469387755102,0.854271745308325,5
293,21,5,"random","equal","random","simple",1,0,0,0,NA,5
293,21,5,"random","equal","random","group",1,0,0,0,NA,5
293,21,5,"random","equal","random","dynamic",1,0,0,0,NA,5
293,21,5,"random","equal","random","calendar",1,0,0,0,NA,5
293,21,5,"random","equal","random","stacked",1,0,0,0,NA,5
294,21,5,"random","equal","random","simple",0.683333333333333,0.316666666666667,0,0,2.36969300063141,5
294,21,5,"random","equal","random","group",0.8,0.2,0,0,2.36969300063141,5
294,21,5,"random","equal","random","dynamic",0.560526315789474,0.439473684210526,0,0,2.36969300063141,5
294,21,5,"random","equal","random","calendar",0.560526315789474,0.439473684210526,0,0,2.36969300063141,5
294,21,5,"random","equal","random","stacked",0.904040404040404,0.095959595959596,0,0,2.29210780324164,5
295,21,5,"random","equal","random","simple",1,0,0,0,NA,5
295,21,5,"random","equal","random","group",1,0,0,0,NA,5
295,21,5,"random","equal","random","dynamic",1,0,0,0,NA,5
295,21,5,"random","equal","random","calendar",1,0,0,0,NA,5
295,21,5,"random","equal","random","stacked",1,0,0,0,NA,5
296,21,5,"random","equal","random","simple",0.660714285714286,0.339285714285714,0,0,2.36969300063141,5
296,21,5,"random","equal","random","group",0.8,0.2,0,0,2.36969300063141,5
296,21,5,"random","equal","random","dynamic",0.559649122807018,0.440350877192982,0,0,2.36969300063141,5
296,21,5,"random","equal","random","calendar",0.559649122807018,0.440350877192982,0,0,2.36969300063141,5
296,21,5,"random","equal","random","stacked",0.893258426966292,0.106741573033708,0,0,2.29210780324164,5
297,21,5,"random","equal","random","simple",0.734375,0.265625,0,0.265625,0.883187855576138,5
297,21,5,"random","equal","random","group",0.8,0.2,0,0.2,0.883187855576138,5
297,21,5,"random","equal","random","dynamic",0.7525,0.2475,0,0.2475,0.883187855576138,5
297,21,5,"random","equal","random","calendar",0.7525,0.2475,0,0.2475,0.883187855576138,5
297,21,5,"random","equal","random","stacked",0.771812080536913,0.228187919463087,0,0.228187919463087,0.854271745308325,5
298,21,5,"random","equal","random","simple",1,0,0,0,NA,5
298,21,5,"random","equal","random","group",1,0,0,0,NA,5
298,21,5,"random","equal","random","dynamic",1,0,0,0,NA,5
298,21,5,"random","equal","random","calendar",1,0,0,0,NA,5
298,21,5,"random","equal","random","stacked",1,0,0,0,NA,5
299,21,5,"random","equal","random","simple",0.714285714285714,0.285714285714286,0,0,1.31273671530204,5
299,21,5,"random","equal","random","group",0.8,0.2,0,0,1.31273671530204,5
299,21,5,"random","equal","random","dynamic",0.619444444444444,0.380555555555556,0,0,1.31273671530204,5
299,21,5,"random","equal","random","calendar",0.619444444444445,0.380555555555556,0,0,1.31273671530204,5
299,21,5,"random","equal","random","stacked",0.881057268722467,0.118942731277533,0,0,1.2697569127916,5
300,21,5,"random","equal","random","simple",0.446153846153846,0.553846153846154,0,0.261538461538462,2.36969300063141,5
300,21,5,"random","equal","random","group",0.6,0.4,0,0.2,0.883187855576138,5
300,21,5,"random","equal","random","dynamic",0.352631578947368,0.647368421052632,0,0.271052631578947,2.36969300063141,5
300,21,5,"random","equal","random","calendar",0.352631578947368,0.647368421052632,0,0.271052631578947,2.36969300063141,5
300,21,5,"random","equal","random","stacked",0.738916256157635,0.261083743842365,0,0.167487684729064,0.854271745308325,5
301,21,5,"random","equal","random","simple",1,0,0,0,NA,5
301,21,5,"random","equal","random","group",1,0,0,0,NA,5
301,21,5,"random","equal","random","dynamic",1,0,0,0,NA,5
301,21,5,"random","equal","random","calendar",1,0,0,0,NA,5
301,21,5,"random","equal","random","stacked",1,0,0,0,NA,5
302,21,5,"random","equal","random","simple",0.645833333333333,0.354166666666667,0,0.354166666666667,0.883187855576138,5
302,21,5,"random","equal","random","group",0.8,0.2,0,0.2,0.883187855576138,5
302,21,5,"random","equal","random","dynamic",0.433333333333333,0.566666666666667,0,0.566666666666667,0.883187855576138,5
302,21,5,"random","equal","random","calendar",0.433333333333333,0.566666666666667,0,0.566666666666667,0.883187855576138,5
302,21,5,"random","equal","random","stacked",0.851528384279476,0.148471615720524,0,0.148471615720524,0.854271745308325,5
303,21,5,"random","equal","random","simple",0.660714285714286,0.339285714285714,0,0,2.36969300063141,5
303,21,5,"random","equal","random","group",0.8,0.2,0,0,2.36969300063141,5
303,21,5,"random","equal","random","dynamic",0.474561403508772,0.525438596491228,0,0,2.36969300063141,5
303,21,5,"random","equal","random","calendar",0.474561403508772,0.525438596491228,0,0,2.36969300063141,5
303,21,5,"random","equal","random","stacked",0.915929203539823,0.084070796460177,0,0,2.29210780324164,5
304,21,5,"random","equal","random","simple",0.666666666666667,0.333333333333333,0,0,2.36969300063141,5
304,21,5,"random","equal","random","group",0.8,0.2,0,0,2.36969300063141,5
304,21,5,"random","equal","random","dynamic",0.620833333333333,0.379166666666667,0,0,2.36969300063141,5
304,21,5,"random","equal","random","calendar",0.620833333333333,0.379166666666667,0,0,2.36969300063141,5
304,21,5,"random","equal","random","stacked",0.883435582822086,0.116564417177914,0,0,2.29210780324164,5
305,21,5,"random","equal","random","simple",0.560975609756098,0.439024390243902,0,0,1.31273671530204,5
305,21,5,"random","equal","random","group",0.8,0.2,0,0,1.31273671530204,5
305,21,5,"random","equal","random","dynamic",0.368518518518518,0.631481481481482,0,0,1.31273671530204,5
305,21,5,"random","equal","random","calendar",0.368518518518518,0.631481481481482,0,0,1.31273671530204,5
305,21,5,"random","equal","random","stacked",0.850828729281768,0.149171270718232,0,0,1.2697569127916,5
306,21,5,"random","equal","random","simple",0.703125,0.296875,0,0,2.36969300063141,5
306,21,5,"random","equal","random","group",0.8,0.2,0,0,2.36969300063141,5
306,21,5,"random","equal","random","dynamic",0.686666666666667,0.313333333333333,0,0,2.36969300063141,5
306,21,5,"random","equal","random","calendar",0.686666666666667,0.313333333333333,0,0,2.36969300063141,5
306,21,5,"random","equal","random","stacked",0.873333333333333,0.126666666666667,0,0,2.29210780324164,5
307,21,5,"random","equal","random","simple",1,0,0,0,NA,5
307,21,5,"random","equal","random","group",1,0,0,0,NA,5
307,21,5,"random","equal","random","dynamic",1,0,0,0,NA,5
307,21,5,"random","equal","random","calendar",1,0,0,0,NA,5
307,21,5,"random","equal","random","stacked",1,0,0,0,NA,5
308,21,5,"random","equal","random","simple",0.617021276595745,0.382978723404255,0,0,1.31273671530204,5
308,21,5,"random","equal","random","group",0.8,0.2,0,0,1.31273671530204,5
308,21,5,"random","equal","random","dynamic",0.477777777777778,0.522222222222222,0,0,1.31273671530204,5
308,21,5,"random","equal","random","calendar",0.477777777777778,0.522222222222222,0,0,1.31273671530204,5
308,21,5,"random","equal","random","stacked",0.855614973262032,0.144385026737968,0,0,1.2697569127916,5
309,21,5,"random","equal","random","simple",0.690909090909091,0.309090909090909,0,0.309090909090909,0.883187855576138,5
309,21,5,"random","equal","random","group",0.8,0.2,0,0.2,0.883187855576138,5
309,21,5,"random","equal","random","dynamic",0.602941176470588,0.397058823529412,0,0.397058823529412,0.883187855576138,5
309,21,5,"random","equal","random","calendar",0.602941176470588,0.397058823529412,0,0.397058823529412,0.883187855576138,5
309,21,5,"random","equal","random","stacked",0.844036697247706,0.155963302752294,0,0.155963302752294,0.854271745308325,5
310,21,5,"random","equal","random","simple",0.746666666666667,0.253333333333333,0,0,2.36969300063141,5
310,21,5,"random","equal","random","group",0.8,0.2,0,0,2.36969300063141,5
310,21,5,"random","equal","random","dynamic",0.73,0.27,0,0,2.36969300063141,5
310,21,5,"random","equal","random","calendar",0.73,0.27,0,0,2.36969300063141,5
310,21,5,"random","equal","random","stacked",0.888235294117647,0.111764705882353,0,0,2.29210780324164,5
311,21,5,"random","equal","random","simple",1,0,0,0,NA,5
311,21,5,"random","equal","random","group",1,0,0,0,NA,5
311,21,5,"random","equal","random","dynamic",1,0,0,0,NA,5
311,21,5,"random","equal","random","calendar",1,0,0,0,NA,5
311,21,5,"random","equal","random","stacked",1,0,0,0,NA,5
312,21,5,"random","equal","random","simple",0.314814814814815,0.685185185185185,0,0,2.36969300063141,5
312,21,5,"random","equal","random","group",0.6,0.4,0,0,1.31273671530204,5
312,21,5,"random","equal","random","dynamic",0.250877192982456,0.749122807017544,0,0,2.36969300063141,5
312,21,5,"random","equal","random","calendar",0.250877192982456,0.749122807017544,0,0,2.36969300063141,5
312,21,5,"random","equal","random","stacked",0.680555555555555,0.319444444444444,0,0,1.2697569127916,5
313,21,5,"random","equal","random","simple",0.58695652173913,0.41304347826087,0,0,2.36969300063141,5
313,21,5,"random","equal","random","group",0.8,0.2,0,0,2.36969300063141,5
313,21,5,"random","equal","random","dynamic",0.419298245614035,0.580701754385965,0,0,2.36969300063141,5
313,21,5,"random","equal","random","calendar",0.419298245614035,0.580701754385965,0,0,2.36969300063141,5
313,21,5,"random","equal","random","stacked",0.892655367231638,0.107344632768362,0,0,2.29210780324164,5
314,21,5,"random","equal","random","simple",0.195652173913043,0.804347826086957,0,0,2.36969300063141,5
314,21,5,"random","equal","random","group",0.6,0.4,0,0,1.31273671530204,5
314,21,5,"random","equal","random","dynamic",0.119298245614035,0.880701754385965,0,0,2.36969300063141,5
314,21,5,"random","equal","random","calendar",0.119298245614035,0.880701754385965,0,0,2.36969300063141,5
314,21,5,"random","equal","random","stacked",0.626016260162602,0.373983739837398,0,0,1.2697569127916,5
315,21,5,"random","equal","random","simple",0.454545454545455,0.545454545454545,0,0.257575757575758,2.36969300063141,5
315,21,5,"random","equal","random","group",0.6,0.4,0,0.2,0.883187855576138,5
315,21,5,"random","equal","random","dynamic",0.463333333333333,0.536666666666667,0,0.243333333333333,2.36969300063141,5
315,21,5,"random","equal","random","calendar",0.463333333333333,0.536666666666667,0,0.243333333333333,2.36969300063141,5
315,21,5,"random","equal","random","stacked",0.582677165354331,0.417322834645669,0,0.267716535433071,0.854271745308325,5
316,21,5,"random","equal","random","simple",0.357142857142857,0.642857142857143,0,0.303571428571429,2.36969300063141,5
316,21,5,"random","equal","random","group",0.6,0.4,0,0.2,0.883187855576138,5
316,21,5,"random","equal","random","dynamic",0.257894736842105,0.742105263157895,0,0.318421052631579,2.36969300063141,5
316,21,5,"random","equal","random","calendar",0.257894736842105,0.742105263157895,0,0.318421052631579,2.36969300063141,5
316,21,5,"random","equal","random","stacked",0.708791208791209,0.291208791208791,0,0.186813186813187,0.854271745308325,5
317,21,5,"random","equal","random","simple",0.66,0.34,0,0.34,0.883187855576138,5
317,21,5,"random","equal","random","group",0.8,0.2,0,0.2,0.883187855576138,5
317,21,5,"random","equal","random","dynamic",0.574509803921569,0.425490196078431,0,0.425490196078431,0.883187855576138,5
317,21,5,"random","equal","random","calendar",0.574509803921569,0.425490196078431,0,0.425490196078431,0.883187855576138,5
317,21,5,"random","equal","random","stacked",0.828282828282828,0.171717171717172,0,0.171717171717172,0.854271745308325,5
318,21,5,"random","equal","random","simple",1,0,0,0,NA,5
318,21,5,"random","equal","random","group",1,0,0,0,NA,5
318,21,5,"random","equal","random","dynamic",1,0,0,0,NA,5
318,21,5,"random","equal","random","calendar",1,0,0,0,NA,5
318,21,5,"random","equal","random","stacked",1,0,0,0,NA,5
319,21,5,"random","equal","random","simple",0.66,0.34,0,0.34,0.883187855576138,5
319,21,5,"random","equal","random","group",0.8,0.2,0,0.2,0.883187855576138,5
319,21,5,"random","equal","random","dynamic",0.650833333333333,0.349166666666667,0,0.349166666666667,0.883187855576138,5
319,21,5,"random","equal","random","calendar",0.650833333333333,0.349166666666667,0,0.349166666666667,0.883187855576138,5
319,21,5,"random","equal","random","stacked",0.77027027027027,0.22972972972973,0,0.22972972972973,0.854271745308325,5
320,21,5,"random","equal","random","simple",0.647058823529412,0.352941176470588,0,0,1.31273671530204,5
320,21,5,"random","equal","random","group",0.8,0.2,0,0,1.31273671530204,5
320,21,5,"random","equal","random","dynamic",0.50462962962963,0.49537037037037,0,0,1.31273671530204,5
320,21,5,"random","equal","random","calendar",0.50462962962963,0.49537037037037,0,0,1.31273671530204,5
320,21,5,"random","equal","random","stacked",0.873239436619718,0.126760563380282,0,0,1.2697569127916,5
321,21,5,"random","equal","random","simple",0.25,0.75,0,0.236111111111111,1.31273671530204,5
321,21,5,"random","equal","random","group",0.4,0.6,0,0.2,1.31273671530204,5
321,21,5,"random","equal","random","dynamic",0.221052631578947,0.778947368421053,0,0.224561403508772,1.31273671530204,5
321,21,5,"random","equal","random","calendar",0.221052631578947,0.778947368421053,0,0.224561403508772,1.31273671530204,5
321,21,5,"random","equal","random","stacked",0.473684210526316,0.526315789473684,0,0.223684210526316,1.2697569127916,5
322,21,5,"random","equal","random","simple",0.538461538461538,0.461538461538462,0,0,1.31273671530204,5
322,21,5,"random","equal","random","group",0.8,0.2,0,0,1.31273671530204,5
322,21,5,"random","equal","random","dynamic",0.377777777777778,0.622222222222222,0,0,1.31273671530204,5
322,21,5,"random","equal","random","calendar",0.377777777777778,0.622222222222222,0,0,1.31273671530204,5
322,21,5,"random","equal","random","stacked",0.835365853658537,0.164634146341463,0,0,1.2697569127916,5
323,21,5,"random","equal","random","simple",0.622222222222222,0.377777777777778,0,0.377777777777778,0.883187855576138,5
323,21,5,"random","equal","random","group",0.8,0.2,0,0.2,0.883187855576138,5
323,21,5,"random","equal","random","dynamic",0.51078431372549,0.48921568627451,0,0.48921568627451,0.883187855576138,5
323,21,5,"random","equal","random","calendar",0.51078431372549,0.48921568627451,0,0.48921568627451,0.883187855576138,5
323,21,5,"random","equal","random","stacked",0.821989528795812,0.178010471204189,0,0.178010471204189,0.854271745308325,5
324,21,5,"random","equal","random","simple",1,0,0,0,NA,5
324,21,5,"random","equal","random","group",1,0,0,0,NA,5
324,21,5,"random","equal","random","dynamic",1,0,0,0,NA,5
324,21,5,"random","equal","random","calendar",1,0,0,0,NA,5
324,21,5,"random","equal","random","stacked",1,0,0,0,NA,5
325,21,5,"random","equal","random","simple",0.716417910447761,0.283582089552239,0,0,2.36969300063141,5
325,21,5,"random","equal","random","group",0.8,0.2,0,0,2.36969300063141,5
325,21,5,"random","equal","random","dynamic",0.695,0.305,0,0,2.36969300063141,5
325,21,5,"random","equal","random","calendar",0.695,0.305,0,0,2.36969300063141,5
325,21,5,"random","equal","random","stacked",0.88125,0.11875,0,0,2.29210780324164,5
326,21,5,"random","equal","random","simple",0.630434782608696,0.369565217391304,0,0.369565217391304,0.883187855576138,5
326,21,5,"random","equal","random","group",0.8,0.2,0,0.2,0.883187855576138,5
326,21,5,"random","equal","random","dynamic",0.500980392156863,0.499019607843137,0,0.499019607843137,0.883187855576138,5
326,21,5,"random","equal","random","calendar",0.500980392156863,0.499019607843137,0,0.499019607843137,0.883187855576138,5
326,21,5,"random","equal","random","stacked",0.829145728643216,0.170854271356784,0,0.170854271356784,0.854271745308325,5
327,21,5,"random","equal","random","simple",1,0,0,0,NA,5
327,21,5,"random","equal","random","group",1,0,0,0,NA,5
327,21,5,"random","equal","random","dynamic",1,0,0,0,NA,5
327,21,5,"random","equal","random","calendar",1,0,0,0,NA,5
327,21,5,"random","equal","random","stacked",1,0,0,0,NA,5
328,21,5,"random","equal","random","simple",1,0,0,0,NA,5
328,21,5,"random","equal","random","group",1,0,0,0,NA,5
328,21,5,"random","equal","random","dynamic",1,0,0,0,NA,5
328,21,5,"random","equal","random","calendar",1,0,0,0,NA,5
328,21,5,"random","equal","random","stacked",1,0,0,0,NA,5
329,21,5,"random","equal","random","simple",1,0,0,0,NA,5
329,21,5,"random","equal","random","group",1,0,0,0,NA,5
329,21,5,"random","equal","random","dynamic",1,0,0,0,NA,5
329,21,5,"random","equal","random","calendar",1,0,0,0,NA,5
329,21,5,"random","equal","random","stacked",1,0,0,0,NA,5
330,21,5,"random","equal","random","simple",0.617021276595745,0.382978723404255,0,0,1.31273671530204,5
330,21,5,"random","equal","random","group",0.8,0.2,0,0,1.31273671530204,5
330,21,5,"random","equal","random","dynamic",0.44537037037037,0.55462962962963,0,0,1.31273671530204,5
330,21,5,"random","equal","random","calendar",0.44537037037037,0.55462962962963,0,0,1.31273671530204,5
330,21,5,"random","equal","random","stacked",0.865671641791045,0.134328358208955,0,0,1.2697569127916,5
331,21,5,"random","equal","random","simple",0.709677419354839,0.290322580645161,0,0,1.31273671530204,5
331,21,5,"random","equal","random","group",0.8,0.2,0,0,1.31273671530204,5
331,21,5,"random","equal","random","dynamic",0.62037037037037,0.37962962962963,0,0,1.31273671530204,5
331,21,5,"random","equal","random","calendar",0.62037037037037,0.37962962962963,0,0,1.31273671530204,5
331,21,5,"random","equal","random","stacked",0.875,0.125,0,0,1.2697569127916,5
332,21,5,"random","equal","random","simple",1,0,0,0,NA,5
332,21,5,"random","equal","random","group",1,0,0,0,NA,5
332,21,5,"random","equal","random","dynamic",1,0,0,0,NA,5
332,21,5,"random","equal","random","calendar",1,0,0,0,NA,5
332,21,5,"random","equal","random","stacked",1,0,0,0,NA,5
333,21,5,"random","equal","random","simple",0.653846153846154,0.346153846153846,0,0,1.31273671530204,5
333,21,5,"random","equal","random","group",0.8,0.2,0,0,1.31273671530204,5
333,21,5,"random","equal","random","dynamic",0.533333333333333,0.466666666666667,0,0,1.31273671530204,5
333,21,5,"random","equal","random","calendar",0.533333333333333,0.466666666666667,0,0,1.31273671530204,5
333,21,5,"random","equal","random","stacked",0.860824742268041,0.139175257731959,0,0,1.2697569127916,5
334,21,5,"random","equal","random","simple",1,0,0,0,NA,5
334,21,5,"random","equal","random","group",1,0,0,0,NA,5
334,21,5,"random","equal","random","dynamic",1,0,0,0,NA,5
334,21,5,"random","equal","random","calendar",1,0,0,0,NA,5
334,21,5,"random","equal","random","stacked",1,0,0,0,NA,5
335,21,5,"random","equal","random","simple",0.714285714285714,0.285714285714286,0,0,1.31273671530204,5
335,21,5,"random","equal","random","group",0.8,0.2,0,0,1.31273671530204,5
335,21,5,"random","equal","random","dynamic",0.706666666666667,0.293333333333333,0,0,1.31273671530204,5
335,21,5,"random","equal","random","calendar",0.706666666666667,0.293333333333333,0,0,1.31273671530204,5
335,21,5,"random","equal","random","stacked",0.824675324675325,0.175324675324675,0,0,1.2697569127916,5
336,21,5,"random","equal","random","simple",0.653061224489796,0.346938775510204,0,0.346938775510204,0.883187855576138,5
336,21,5,"random","equal","random","group",0.8,0.2,0,0.2,0.883187855576138,5
336,21,5,"random","equal","random","dynamic",0.656666666666667,0.343333333333333,0,0.343333333333333,0.883187855576138,5
336,21,5,"random","equal","random","calendar",0.656666666666667,0.343333333333333,0,0.343333333333333,0.883187855576138,5
336,21,5,"random","equal","random","stacked",0.744360902255639,0.255639097744361,0,0.255639097744361,0.854271745308325,5
337,21,5,"random","equal","random","simple",0.590909090909091,0.409090909090909,0,0,1.31273671530204,5
337,21,5,"random","equal","random","group",0.8,0.2,0,0,1.31273671530204,5
337,21,5,"random","equal","random","dynamic",0.362037037037037,0.637962962962963,0,0,1.31273671530204,5
337,21,5,"random","equal","random","calendar",0.362037037037037,0.637962962962963,0,0,1.31273671530204,5
337,21,5,"random","equal","random","stacked",0.865671641791045,0.134328358208955,0,0,1.2697569127916,5
338,21,5,"random","equal","random","simple",0.679245283018868,0.320754716981132,0,0.320754716981132,0.883187855576138,5
338,21,5,"random","equal","random","group",0.8,0.2,0,0.2,0.883187855576138,5
338,21,5,"random","equal","random","dynamic",0.592156862745098,0.407843137254902,0,0.407843137254902,0.883187855576138,5
338,21,5,"random","equal","random","calendar",0.592156862745098,0.407843137254902,0,0.407843137254902,0.883187855576138,5
338,21,5,"random","equal","random","stacked",0.838095238095238,0.161904761904762,0,0.161904761904762,0.854271745308325,5
339,21,5,"random","equal","random","simple",1,0,0,0,NA,5
339,21,5,"random","equal","random","group",1,0,0,0,NA,5
339,21,5,"random","equal","random","dynamic",1,0,0,0,NA,5
339,21,5,"random","equal","random","calendar",1,0,0,0,NA,5
339,21,5,"random","equal","random","stacked",1,0,0,0,NA,5
340,21,5,"random","equal","random","simple",0.536585365853659,0.463414634146341,0,0,2.36969300063141,5
340,21,5,"random","equal","random","group",0.8,0.2,0,0,2.36969300063141,5
340,21,5,"random","equal","random","dynamic",0.395614035087719,0.604385964912281,0,0,2.36969300063141,5
340,21,5,"random","equal","random","calendar",0.395614035087719,0.604385964912281,0,0,2.36969300063141,5
340,21,5,"random","equal","random","stacked",0.874172185430464,0.125827814569536,0,0,2.29210780324164,5
341,21,5,"random","equal","random","simple",0.707692307692308,0.292307692307692,0,0,2.36969300063141,5
341,21,5,"random","equal","random","group",0.8,0.2,0,0,2.36969300063141,5
341,21,5,"random","equal","random","dynamic",0.585087719298246,0.414912280701754,0,0,2.36969300063141,5
341,21,5,"random","equal","random","calendar",0.585087719298246,0.414912280701754,0,0,2.36969300063141,5
341,21,5,"random","equal","random","stacked",0.914798206278027,0.0852017937219731,0,0,2.29210780324164,5
342,21,5,"random","equal","random","simple",0.673076923076923,0.326923076923077,0,0.326923076923077,0.883187855576138,5
342,21,5,"random","equal","random","group",0.8,0.2,0,0.2,0.883187855576138,5
342,21,5,"random","equal","random","dynamic",0.511764705882353,0.488235294117647,0,0.488235294117647,0.883187855576138,5
342,21,5,"random","equal","random","calendar",0.511764705882353,0.488235294117647,0,0.488235294117647,0.883187855576138,5
342,21,5,"random","equal","random","stacked",0.851528384279476,0.148471615720524,0,0.148471615720524,0.854271745308325,5
343,21,5,"random","equal","random","simple",0.688524590163934,0.311475409836066,0,0,2.36969300063141,5
343,21,5,"random","equal","random","group",0.8,0.2,0,0,2.36969300063141,5
343,21,5,"random","equal","random","dynamic",0.671666666666667,0.328333333333333,0,0,2.36969300063141,5
343,21,5,"random","equal","random","calendar",0.671666666666667,0.328333333333333,0,0,2.36969300063141,5
343,21,5,"random","equal","random","stacked",0.866197183098592,0.133802816901409,0,0,2.29210780324164,5
344,21,5,"random","equal","random","simple",0.485714285714286,0.514285714285714,0,0.242857142857143,2.36969300063141,5
344,21,5,"random","equal","random","group",0.6,0.4,0,0.2,0.883187855576138,5
344,21,5,"random","equal","random","dynamic",0.48,0.52,0,0.235,2.36969300063141,5
344,21,5,"random","equal","random","calendar",0.48,0.52,0,0.235,2.36969300063141,5
344,21,5,"random","equal","random","stacked",0.66875,0.33125,0,0.2125,0.854271745308325,5
345,21,5,"random","equal","random","simple",0.513888888888889,0.486111111111111,0,0.236111111111111,1.31273671530204,5
345,21,5,"random","equal","random","group",0.6,0.4,0,0.2,0.883187855576138,5
345,21,5,"random","equal","random","dynamic",0.461111111111111,0.538888888888889,0,0.241666666666667,1.31273671530204,5
345,21,5,"random","equal","random","calendar",0.461111111111111,0.538888888888889,0,0.241666666666667,1.31273671530204,5
345,21,5,"random","equal","random","stacked",0.702439024390244,0.297560975609756,0,0.165853658536585,0.854271745308325,5
346,21,5,"random","equal","random","simple",1,0,0,0,NA,5
346,21,5,"random","equal","random","group",1,0,0,0,NA,5
346,21,5,"random","equal","random","dynamic",1,0,0,0,NA,5
346,21,5,"random","equal","random","calendar",1,0,0,0,NA,5
346,21,5,"random","equal","random","stacked",1,0,0,0,NA,5
347,21,5,"random","equal","random","simple",0.673076923076923,0.326923076923077,0,0.326923076923077,0.883187855576138,5
347,21,5,"random","equal","random","group",0.8,0.2,0,0.2,0.883187855576138,5
347,21,5,"random","equal","random","dynamic",0.47156862745098,0.52843137254902,0,0.52843137254902,0.883187855576138,5
347,21,5,"random","equal","random","calendar",0.47156862745098,0.52843137254902,0,0.52843137254902,0.883187855576138,5
347,21,5,"random","equal","random","stacked",0.860655737704918,0.139344262295082,0,0.139344262295082,0.854271745308325,5
348,21,5,"random","equal","random","simple",0.5,0.5,0,0.5,0.883187855576138,5
348,21,5,"random","equal","random","group",0.8,0.2,0,0.2,0.883187855576138,5
348,21,5,"random","equal","random","dynamic",0.295098039215686,0.704901960784314,0,0.704901960784314,0.883187855576138,5
348,21,5,"random","equal","random","calendar",0.295098039215686,0.704901960784314,0,0.704901960784314,0.883187855576138,5
348,21,5,"random","equal","random","stacked",0.795180722891566,0.204819277108434,0,0.204819277108434,0.854271745308325,5
349,21,5,"random","equal","random","simple",0.66,0.34,0,0.34,0.883187855576138,5
349,21,5,"random","equal","random","group",0.8,0.2,0,0.2,0.883187855576138,5
349,21,5,"random","equal","random","dynamic",0.509803921568628,0.490196078431373,0,0.490196078431373,0.883187855576138,5
349,21,5,"random","equal","random","calendar",0.509803921568628,0.490196078431373,0,0.490196078431373,0.883187855576138,5
349,21,5,"random","equal","random","stacked",0.850220264317181,0.149779735682819,0,0.149779735682819,0.854271745308325,5
350,21,5,"random","equal","random","simple",1,0,0,0,NA,5
350,21,5,"random","equal","random","group",1,0,0,0,NA,5
350,21,5,"random","equal","random","dynamic",1,0,0,0,NA,5
350,21,5,"random","equal","random","calendar",1,0,0,0,NA,5
350,21,5,"random","equal","random","stacked",1,0,0,0,NA,5
351,21,5,"random","equal","random","simple",1,0,0,0,NA,5
351,21,5,"random","equal","random","group",1,0,0,0,NA,5
351,21,5,"random","equal","random","dynamic",1,0,0,0,NA,5
351,21,5,"random","equal","random","calendar",1,0,0,0,NA,5
351,21,5,"random","equal","random","stacked",1,0,0,0,NA,5
352,21,5,"random","equal","random","simple",0.694915254237288,0.305084745762712,0,0,1.31273671530204,5
352,21,5,"random","equal","random","group",0.8,0.2,0,0,1.31273671530204,5
352,21,5,"random","equal","random","dynamic",0.564814814814815,0.435185185185185,0,0,1.31273671530204,5
352,21,5,"random","equal","random","calendar",0.564814814814815,0.435185185185185,0,0,1.31273671530204,5
352,21,5,"random","equal","random","stacked",0.878378378378378,0.121621621621622,0,0,1.2697569127916,5
353,21,5,"random","equal","random","simple",1,0,0,0,NA,5
353,21,5,"random","equal","random","group",1,0,0,0,NA,5
353,21,5,"random","equal","random","dynamic",1,0,0,0,NA,5
353,21,5,"random","equal","random","calendar",1,0,0,0,NA,5
353,21,5,"random","equal","random","stacked",1,0,0,0,NA,5
354,21,5,"random","equal","random","simple",1,0,0,0,NA,5
354,21,5,"random","equal","random","group",1,0,0,0,NA,5
354,21,5,"random","equal","random","dynamic",1,0,0,0,NA,5
354,21,5,"random","equal","random","calendar",1,0,0,0,NA,5
354,21,5,"random","equal","random","stacked",1,0,0,0,NA,5
355,21,5,"random","equal","random","simple",0.66,0.34,0,0.34,0.883187855576138,5
355,21,5,"random","equal","random","group",0.8,0.2,0,0.2,0.883187855576138,5
355,21,5,"random","equal","random","dynamic",0.551960784313726,0.448039215686275,0,0.448039215686275,0.883187855576138,5
355,21,5,"random","equal","random","calendar",0.551960784313726,0.448039215686274,0,0.448039215686274,0.883187855576138,5
355,21,5,"random","equal","random","stacked",0.83,0.17,0,0.17,0.854271745308325,5
356,21,5,"random","equal","random","simple",1,0,0,0,NA,5
356,21,5,"random","equal","random","group",1,0,0,0,NA,5
356,21,5,"random","equal","random","dynamic",1,0,0,0,NA,5
356,21,5,"random","equal","random","calendar",1,0,0,0,NA,5
356,21,5,"random","equal","random","stacked",1,0,0,0,NA,5
357,21,5,"random","equal","random","simple",0.617021276595745,0.382978723404255,0,0,1.31273671530204,5
357,21,5,"random","equal","random","group",0.8,0.2,0,0,1.31273671530204,5
357,21,5,"random","equal","random","dynamic",0.512037037037037,0.487962962962963,0,0,1.31273671530204,5
357,21,5,"random","equal","random","calendar",0.512037037037037,0.487962962962963,0,0,1.31273671530204,5
357,21,5,"random","equal","random","stacked",0.830188679245283,0.169811320754717,0,0,1.2697569127916,5
358,21,5,"random","equal","random","simple",0.581395348837209,0.418604651162791,0,0,1.31273671530204,5
358,21,5,"random","equal","random","group",0.8,0.2,0,0,1.31273671530204,5
358,21,5,"random","equal","random","dynamic",0.417592592592593,0.582407407407407,0,0,1.31273671530204,5
358,21,5,"random","equal","random","calendar",0.417592592592593,0.582407407407407,0,0,1.31273671530204,5
358,21,5,"random","equal","random","stacked",0.854054054054054,0.145945945945946,0,0,1.2697569127916,5
359,21,5,"random","equal","random","simple",1,0,0,0,NA,5
359,21,5,"random","equal","random","group",1,0,0,0,NA,5
359,21,5,"random","equal","random","dynamic",1,0,0,0,NA,5
359,21,5,"random","equal","random","calendar",1,0,0,0,NA,5
359,21,5,"random","equal","random","stacked",1,0,0,0,NA,5
360,21,5,"random","equal","random","simple",0.363636363636364,0.636363636363636,0,0.309090909090909,1.31273671530204,5
360,21,5,"random","equal","random","group",0.6,0.4,0,0.2,0.883187855576138,5
360,21,5,"random","equal","random","dynamic",0.274074074074074,0.725925925925926,0,0.335185185185185,1.31273671530204,5
360,21,5,"random","equal","random","calendar",0.274074074074074,0.725925925925926,0,0.335185185185185,1.31273671530204,5
360,21,5,"random","equal","random","stacked",0.661111111111111,0.338888888888889,0,0.188888888888889,0.854271745308325,5
361,21,5,"random","equal","random","simple",0.578313253012048,0.421686746987952,0,0.204819277108434,1.31273671530204,5
361,21,5,"random","equal","random","group",0.6,0.4,0,0.2,0.883187855576138,5
361,21,5,"random","equal","random","dynamic",0.601666666666667,0.398333333333333,0,0.186666666666667,1.31273671530204,5
361,21,5,"random","equal","random","calendar",0.601666666666667,0.398333333333333,0,0.186666666666667,1.31273671530204,5
361,21,5,"random","equal","random","stacked",0.63030303030303,0.36969696969697,0,0.206060606060606,0.854271745308325,5
362,21,5,"random","equal","random","simple",0.6,0.4,0,0,1.31273671530204,5
362,21,5,"random","equal","random","group",0.8,0.2,0,0,1.31273671530204,5
362,21,5,"random","equal","random","dynamic",0.362962962962963,0.637037037037037,0,0,1.31273671530204,5
362,21,5,"random","equal","random","calendar",0.362962962962963,0.637037037037037,0,0,1.31273671530204,5
362,21,5,"random","equal","random","stacked",0.872641509433962,0.127358490566038,0,0,1.2697569127916,5
363,21,5,"random","equal","random","simple",0.757142857142857,0.242857142857143,0,0.242857142857143,0.883187855576138,5
363,21,5,"random","equal","random","group",0.8,0.2,0,0.2,0.883187855576138,5
363,21,5,"random","equal","random","dynamic",0.765833333333333,0.234166666666667,0,0.234166666666667,0.883187855576138,5
363,21,5,"random","equal","random","calendar",0.765833333333333,0.234166666666667,0,0.234166666666667,0.883187855576138,5
363,21,5,"random","equal","random","stacked",0.821052631578947,0.178947368421053,0,0.178947368421053,0.854271745308325,5
364,21,5,"random","equal","random","simple",0.660377358490566,0.339622641509434,0,0,1.31273671530204,5
364,21,5,"random","equal","random","group",0.8,0.2,0,0,1.31273671530204,5
364,21,5,"random","equal","random","dynamic",0.638333333333333,0.361666666666667,0,0,1.31273671530204,5
364,21,5,"random","equal","random","calendar",0.638333333333333,0.361666666666667,0,0,1.31273671530204,5
364,21,5,"random","equal","random","stacked",0.82,0.18,0,0,1.2697569127916,5
365,21,5,"random","equal","random","simple",1,0,0,0,NA,5
365,21,5,"random","equal","random","group",1,0,0,0,NA,5
365,21,5,"random","equal","random","dynamic",1,0,0,0,NA,5
365,21,5,"random","equal","random","calendar",1,0,0,0,NA,5
365,21,5,"random","equal","random","stacked",1,0,0,0,NA,5
366,21,5,"random","equal","random","simple",1,0,0,0,NA,5
366,21,5,"random","equal","random","group",1,0,0,0,NA,5
366,21,5,"random","equal","random","dynamic",1,0,0,0,NA,5
366,21,5,"random","equal","random","calendar",1,0,0,0,NA,5
366,21,5,"random","equal","random","stacked",1,0,0,0,NA,5
367,21,5,"random","equal","random","simple",1,0,0,0,NA,5
367,21,5,"random","equal","random","group",1,0,0,0,NA,5
367,21,5,"random","equal","random","dynamic",1,0,0,0,NA,5
367,21,5,"random","equal","random","calendar",1,0,0,0,NA,5
367,21,5,"random","equal","random","stacked",1,0,0,0,NA,5
368,21,5,"random","equal","random","simple",0.525,0.475,0,0,2.36969300063141,5
368,21,5,"random","equal","random","group",0.8,0.2,0,0,2.36969300063141,5
368,21,5,"random","equal","random","dynamic",0.306140350877193,0.693859649122807,0,0,2.36969300063141,5
368,21,5,"random","equal","random","calendar",0.306140350877193,0.693859649122807,0,0,2.36969300063141,5
368,21,5,"random","equal","random","stacked",0.890804597701149,0.109195402298851,0,0,2.29210780324164,5
369,21,5,"random","equal","random","simple",0.660714285714286,0.339285714285714,0,0,2.36969300063141,5
369,21,5,"random","equal","random","group",0.8,0.2,0,0,2.36969300063141,5
369,21,5,"random","equal","random","dynamic",0.624166666666667,0.375833333333333,0,0,2.36969300063141,5
369,21,5,"random","equal","random","calendar",0.624166666666667,0.375833333333333,0,0,2.36969300063141,5
369,21,5,"random","equal","random","stacked",0.875816993464052,0.124183006535948,0,0,2.29210780324164,5
370,21,5,"random","equal","random","simple",1,0,0,0,NA,5
370,21,5,"random","equal","random","group",1,0,0,0,NA,5
370,21,5,"random","equal","random","dynamic",1,0,0,0,NA,5
370,21,5,"random","equal","random","calendar",1,0,0,0,NA,5
370,21,5,"random","equal","random","stacked",1,0,0,0,NA,5
371,21,5,"random","equal","random","simple",0.627450980392157,0.372549019607843,0,0,2.36969300063141,5
371,21,5,"random","equal","random","group",0.8,0.2,0,0,2.36969300063141,5
371,21,5,"random","equal","random","dynamic",0.435964912280702,0.564035087719298,0,0,2.36969300063141,5
371,21,5,"random","equal","random","calendar",0.435964912280702,0.564035087719298,0,0,2.36969300063141,5
371,21,5,"random","equal","random","stacked",0.90952380952381,0.0904761904761905,0,0,2.29210780324164,5
372,21,5,"random","equal","random","simple",0.447761194029851,0.552238805970149,0,0,2.36969300063141,5
372,21,5,"random","equal","random","group",0.6,0.4,0,0,1.31273671530204,5
372,21,5,"random","equal","random","dynamic",0.392982456140351,0.607017543859649,0,0,2.36969300063141,5
372,21,5,"random","equal","random","calendar",0.392982456140351,0.607017543859649,0,0,2.36969300063141,5
372,21,5,"random","equal","random","stacked",0.726190476190476,0.273809523809524,0,0,1.2697569127916,5
373,21,5,"random","skewed","random","simple",0.430962343096234,0.569037656903766,0,0.569037656903766,0.570742777277959,5
373,21,5,"random","skewed","random","group",0.555555555555556,0.444444444444444,0,0.444444444444444,0.570742777277959,5
373,21,5,"random","skewed","random","dynamic",0.373273592996776,0.626726407003224,0,0.626726407003224,0.570742777277959,5
373,21,5,"random","skewed","random","calendar",0.373273592996776,0.626726407003224,0,0.626726407003224,0.570742777277959,5
373,21,5,"random","skewed","random","stacked",0.652145521035188,0.347854478964812,0,0.347854478964812,0.524887363545659,5
374,21,5,"random","skewed","random","simple",0.354260089686099,0.645739910313901,0,0.645739910313901,0.84833027763666,5
374,21,5,"random","skewed","random","group",0.555555555555556,0.444444444444444,0,0.444444444444444,0.84833027763666,5
374,21,5,"random","skewed","random","dynamic",0.272945645494665,0.727054354505335,0,0.727054354505335,0.84833027763666,5
374,21,5,"random","skewed","random","calendar",0.272945645494665,0.727054354505335,0,0.727054354505335,0.84833027763666,5
374,21,5,"random","skewed","random","stacked",0.688567566034825,0.311432433965175,0,0.311432433965175,0.780172541067144,5
375,21,5,"random","skewed","random","simple",0.215613382899628,0.784386617100372,0,0.784386617100372,0.570742777277959,5
375,21,5,"random","skewed","random","group",0.277777777777778,0.722222222222222,0,0.722222222222222,0.570742777277959,5
375,21,5,"random","skewed","random","dynamic",0.198457324106113,0.801542675893887,0,0.801542675893887,0.570742777277959,5
375,21,5,"random","skewed","random","calendar",0.198457324106113,0.801542675893887,0,0.801542675893887,0.570742777277959,5
375,21,5,"random","skewed","random","stacked",0.313838556531328,0.686161443468672,0,0.686161443468672,0.524887363545659,5
376,21,5,"random","skewed","random","simple",0.392405063291139,0.607594936708861,0,0.607594936708861,0.84833027763666,5
376,21,5,"random","skewed","random","group",0.555555555555556,0.444444444444444,0,0.444444444444444,0.84833027763666,5
376,21,5,"random","skewed","random","dynamic",0.309801128428579,0.690198871571421,0,0.690198871571421,0.84833027763666,5
376,21,5,"random","skewed","random","calendar",0.309801128428579,0.690198871571421,0,0.690198871571421,0.84833027763666,5
376,21,5,"random","skewed","random","stacked",0.708500645311982,0.291499354688018,0,0.291499354688018,0.780172541067144,5
377,21,5,"random","skewed","random","simple",0.223728813559322,0.776271186440678,0,0.776271186440678,0.84833027763666,5
377,21,5,"random","skewed","random","group",0.277777777777778,0.722222222222222,0,0.722222222222222,0.84833027763666,5
377,21,5,"random","skewed","random","dynamic",0.209059549745824,0.790940450254176,0,0.790940450254176,0.84833027763666,5
377,21,5,"random","skewed","random","calendar",0.209059549745824,0.790940450254176,0,0.790940450254176,0.84833027763666,5
377,21,5,"random","skewed","random","stacked",0.389731426760274,0.610268573239726,0,0.610268573239726,0.780172541067144,5
378,21,5,"random","skewed","random","simple",0.475409836065574,0,0.524590163934426,0.524590163934426,0.193397730187677,5
378,21,5,"random","skewed","random","group",0.555555555555556,0,0.444444444444444,0.444444444444444,0.193397730187677,5
378,21,5,"random","skewed","random","dynamic",0.44882269146975,0,0.55117730853025,0.55117730853025,0.193397730187677,5
378,21,5,"random","skewed","random","calendar",0.44882269146975,0,0.55117730853025,0.55117730853025,0.193397730187677,5
378,21,5,"random","skewed","random","stacked",0.532826956898795,0,0.467173043101205,0.467173043101205,0.177859499507055,5
379,21,5,"random","skewed","random","simple",0.207357859531773,0.792642140468227,0,0.284280936454849,1.5313674842078,5
379,21,5,"random","skewed","random","group",0.277777777777778,0.722222222222222,0,0.277777777777778,1.5313674842078,5
379,21,5,"random","skewed","random","dynamic",0.191434468524252,0.808565531475748,0,0.270500912915774,1.5313674842078,5
379,21,5,"random","skewed","random","calendar",0.191434468524252,0.808565531475748,0,0.270500912915774,1.5313674842078,5
379,21,5,"random","skewed","random","stacked",0.403988637637992,0.596011362362008,0,0.315260453010337,0.662604854918761,5
380,21,5,"random","skewed","random","simple",0.466666666666667,0.533333333333333,0,0.533333333333333,0.42225765384893,5
380,21,5,"random","skewed","random","group",0.555555555555556,0.444444444444444,0,0.444444444444444,0.42225765384893,5
380,21,5,"random","skewed","random","dynamic",0.41423139768728,0.58576860231272,0,0.58576860231272,0.42225765384893,5
380,21,5,"random","skewed","random","calendar",0.41423139768728,0.58576860231272,0,0.58576860231272,0.42225765384893,5
380,21,5,"random","skewed","random","stacked",0.625360494248627,0.374639505751373,0,0.374639505751373,0.388332039386984,5
381,21,5,"random","skewed","random","simple",0.431111111111111,0.568888888888889,0,0.568888888888889,0.42225765384893,5
381,21,5,"random","skewed","random","group",0.555555555555556,0.444444444444444,0,0.444444444444444,0.42225765384893,5
381,21,5,"random","skewed","random","dynamic",0.399541226747109,0.600458773252891,0,0.600458773252891,0.42225765384893,5
381,21,5,"random","skewed","random","calendar",0.399541226747109,0.600458773252891,0,0.600458773252891,0.42225765384893,5
381,21,5,"random","skewed","random","stacked",0.57464186352937,0.42535813647063,0,0.42535813647063,0.388332039386984,5
382,21,5,"random","skewed","random","simple",0.431693989071038,0,0.568306010928962,0.568306010928962,0.225928173885438,5
382,21,5,"random","skewed","random","group",0.555555555555556,0,0.444444444444444,0.444444444444444,0.225928173885438,5
382,21,5,"random","skewed","random","dynamic",0.359148393085045,0,0.640851606914955,0.640851606914955,0.225928173885438,5
382,21,5,"random","skewed","random","calendar",0.359148393085045,0,0.640851606914955,0.640851606914955,0.225928173885438,5
382,21,5,"random","skewed","random","stacked",0.548244039351103,0,0.451755960648897,0.451755960648897,0.207776336841245,5
383,21,5,"random","skewed","random","simple",0.67680608365019,0.32319391634981,0,0.32319391634981,0.699489647648167,5
383,21,5,"random","skewed","random","group",0.722222222222222,0.277777777777778,0,0.277777777777778,0.699489647648167,5
383,21,5,"random","skewed","random","dynamic",0.693760997988939,0.306239002011061,0,0.306239002011061,0.699489647648167,5
383,21,5,"random","skewed","random","calendar",0.693760997988939,0.306239002011061,0,0.306239002011061,0.699489647648167,5
383,21,5,"random","skewed","random","stacked",0.574104008147649,0.425895991852351,0,0.425895991852351,0.662604854918761,5
384,21,5,"random","skewed","random","simple",0.194444444444444,0.805555555555556,0,0.805555555555556,0.42225765384893,5
384,21,5,"random","skewed","random","group",0.277777777777778,0.722222222222222,0,0.722222222222222,0.42225765384893,5
384,21,5,"random","skewed","random","dynamic",0.180887459150327,0.819112540849673,0,0.819112540849673,0.42225765384893,5
384,21,5,"random","skewed","random","calendar",0.180887459150327,0.819112540849673,0,0.819112540849673,0.42225765384893,5
384,21,5,"random","skewed","random","stacked",0.302534975306945,0.697465024693055,0,0.697465024693055,0.388332039386984,5
385,21,5,"random","skewed","random","simple",0.208791208791209,0.791208791208791,0,0.791208791208791,0.570742777277959,5
385,21,5,"random","skewed","random","group",0.277777777777778,0.722222222222222,0,0.722222222222222,0.570742777277959,5
385,21,5,"random","skewed","random","dynamic",0.19180123029604,0.80819876970396,0,0.80819876970396,0.570742777277959,5
385,21,5,"random","skewed","random","calendar",0.19180123029604,0.80819876970396,0,0.80819876970396,0.570742777277959,5
385,21,5,"random","skewed","random","stacked",0.356583374450241,0.643416625549759,0,0.643416625549759,0.524887363545659,5
386,21,5,"random","skewed","random","simple",0.4,0,0.6,0.6,0.193397730187677,5
386,21,5,"random","skewed","random","group",0.555555555555556,0,0.444444444444444,0.444444444444444,0.193397730187677,5
386,21,5,"random","skewed","random","dynamic",0.346070051952405,0,0.653929948047595,0.653929948047595,0.193397730187677,5
386,21,5,"random","skewed","random","calendar",0.346070051952405,0,0.653929948047595,0.653929948047595,0.193397730187677,5
386,21,5,"random","skewed","random","stacked",0.498398415808971,0,0.501601584191029,0.501601584191029,0.177859499507055,5
387,21,5,"random","skewed","random","simple",1,0,0,0,NA,5
387,21,5,"random","skewed","random","group",1,0,0,0,NA,5
387,21,5,"random","skewed","random","dynamic",1,0,0,0,NA,5
387,21,5,"random","skewed","random","calendar",1,0,0,0,NA,5
387,21,5,"random","skewed","random","stacked",1,0,0,0,NA,5
388,21,5,"random","skewed","random","simple",1,0,0,0,NA,5
388,21,5,"random","skewed","random","group",1,0,0,0,NA,5
388,21,5,"random","skewed","random","dynamic",1,0,0,0,NA,5
388,21,5,"random","skewed","random","calendar",1,0,0,0,NA,5
388,21,5,"random","skewed","random","stacked",1,0,0,0,NA,5
389,21,5,"random","skewed","random","simple",0.744897959183674,0.255102040816327,0,0.255102040816327,0.405560618505449,5
389,21,5,"random","skewed","random","group",0.722222222222222,0.277777777777778,0,0.277777777777778,0.405560618505449,5
389,21,5,"random","skewed","random","dynamic",0.777031485671192,0.222968514328808,0,0.222968514328808,0.405560618505449,5
389,21,5,"random","skewed","random","calendar",0.777031485671192,0.222968514328808,0,0.222968514328808,0.405560618505449,5
389,21,5,"random","skewed","random","stacked",0.592844057044565,0.407155942955435,0,0.407155942955435,0.384174999142706,5
390,21,5,"random","skewed","random","simple",0.673539518900344,0.326460481099656,0,0,1.87680991261445,5
390,21,5,"random","skewed","random","group",0.722222222222222,0.277777777777778,0,0,1.87680991261445,5
390,21,5,"random","skewed","random","dynamic",0.675983534439417,0.324016465560583,0,0,1.87680991261445,5
390,21,5,"random","skewed","random","calendar",0.675983534439417,0.324016465560583,0,0,1.87680991261445,5
390,21,5,"random","skewed","random","stacked",0.758520929265365,0.241479070734635,0,0,1.77784383805991,5
391,21,5,"random","skewed","random","simple",0.424,0.576,0,0.576,0.84833027763666,5
391,21,5,"random","skewed","random","group",0.555555555555556,0.444444444444444,0,0.444444444444444,0.84833027763666,5
391,21,5,"random","skewed","random","dynamic",0.347257136472823,0.652742863527177,0,0.652742863527177,0.84833027763666,5
391,21,5,"random","skewed","random","calendar",0.347257136472823,0.652742863527177,0,0.652742863527177,0.84833027763666,5
391,21,5,"random","skewed","random","stacked",0.710480053626812,0.289519946373188,0,0.289519946373188,0.780172541067144,5
392,21,5,"random","skewed","random","simple",0.39906103286385,0.60093896713615,0,0.60093896713615,0.42225765384893,5
392,21,5,"random","skewed","random","group",0.555555555555556,0.444444444444444,0,0.444444444444444,0.42225765384893,5
392,21,5,"random","skewed","random","dynamic",0.357340372046254,0.642659627953746,0,0.642659627953746,0.42225765384893,5
392,21,5,"random","skewed","random","calendar",0.357340372046254,0.642659627953746,0,0.642659627953746,0.42225765384893,5
392,21,5,"random","skewed","random","stacked",0.572356018748514,0.427643981251485,0,0.427643981251485,0.388332039386984,5
393,21,5,"random","skewed","random","simple",0.283582089552239,0.716417910447761,0,0.716417910447761,0.84833027763666,5
393,21,5,"random","skewed","random","group",0.555555555555556,0.444444444444444,0,0.444444444444444,0.84833027763666,5
393,21,5,"random","skewed","random","dynamic",0.194388581643484,0.805611418356516,0,0.805611418356516,0.84833027763666,5
393,21,5,"random","skewed","random","calendar",0.194388581643484,0.805611418356516,0,0.805611418356516,0.84833027763666,5
393,21,5,"random","skewed","random","stacked",0.659971874608859,0.340028125391141,0,0.340028125391141,0.780172541067144,5
394,21,5,"random","skewed","random","simple",0.20703125,0.79296875,0,0.79296875,0.42225765384893,5
394,21,5,"random","skewed","random","group",0.277777777777778,0.722222222222222,0,0.722222222222222,0.42225765384893,5
394,21,5,"random","skewed","random","dynamic",0.192172181372549,0.807827818627451,0,0.807827818627451,0.42225765384893,5
394,21,5,"random","skewed","random","calendar",0.192172181372549,0.807827818627451,0,0.807827818627451,0.42225765384893,5
394,21,5,"random","skewed","random","stacked",0.318358810247076,0.681641189752924,0,0.681641189752924,0.388332039386984,5
395,21,5,"random","skewed","random","simple",0.150627615062762,0.849372384937239,0,0.849372384937239,0.42225765384893,5
395,21,5,"random","skewed","random","group",0.277777777777778,0.722222222222222,0,0.722222222222222,0.42225765384893,5
395,21,5,"random","skewed","random","dynamic",0.131689133986928,0.868310866013072,0,0.868310866013072,0.42225765384893,5
395,21,5,"random","skewed","random","calendar",0.131689133986928,0.868310866013072,0,0.868310866013072,0.42225765384893,5
395,21,5,"random","skewed","random","stacked",0.297993539059809,0.702006460940191,0,0.702006460940191,0.388332039386984,5
396,21,5,"random","skewed","random","simple",0.354260089686099,0.645739910313901,0,0.645739910313901,0.84833027763666,5
396,21,5,"random","skewed","random","group",0.555555555555556,0.444444444444444,0,0.444444444444444,0.84833027763666,5
396,21,5,"random","skewed","random","dynamic",0.259203396458298,0.740796603541702,0,0.740796603541702,0.84833027763666,5
396,21,5,"random","skewed","random","calendar",0.259203396458298,0.740796603541702,0,0.740796603541702,0.84833027763666,5
396,21,5,"random","skewed","random","stacked",0.70160777914392,0.29839222085608,0,0.29839222085608,0.780172541067144,5
397,21,5,"random","skewed","random","simple",0.152610441767068,0.847389558232932,0,0.847389558232932,0.570742777277959,5
397,21,5,"random","skewed","random","group",0.277777777777778,0.722222222222222,0,0.722222222222222,0.570742777277959,5
397,21,5,"random","skewed","random","dynamic",0.132160707420223,0.867839292579777,0,0.867839292579777,0.570742777277959,5
397,21,5,"random","skewed","random","calendar",0.132160707420223,0.867839292579777,0,0.867839292579777,0.570742777277959,5
397,21,5,"random","skewed","random","stacked",0.316644403902158,0.683355596097842,0,0.683355596097842,0.524887363545659,5
398,21,5,"random","skewed","random","simple",0.419847328244275,0.580152671755725,0,0,1.5313674842078,5
398,21,5,"random","skewed","random","group",0.555555555555556,0.444444444444444,0,0,1.5313674842078,5
398,21,5,"random","skewed","random","dynamic",0.349792278584848,0.650207721415152,0,0,1.5313674842078,5
398,21,5,"random","skewed","random","calendar",0.349792278584848,0.650207721415152,0,0,1.5313674842078,5
398,21,5,"random","skewed","random","stacked",0.762023746954183,0.237976253045817,0,0,1.4083322179545,5
399,21,5,"random","skewed","random","simple",0.732441471571906,0.267558528428094,0,0.267558528428094,0.517509584468528,5
399,21,5,"random","skewed","random","group",0.722222222222222,0.277777777777778,0,0.277777777777778,0.517509584468528,5
399,21,5,"random","skewed","random","dynamic",0.758955505279035,0.241044494720965,0,0.241044494720965,0.517509584468528,5
399,21,5,"random","skewed","random","calendar",0.758955505279035,0.241044494720965,0,0.241044494720965,0.517509584468528,5
399,21,5,"random","skewed","random","stacked",0.597977444226647,0.402022555773353,0,0.402022555773353,0.490220783522322,5
400,21,5,"random","skewed","random","simple",0.384615384615385,0.615384615384615,0,0.615384615384615,0.570742777277959,5
400,21,5,"random","skewed","random","group",0.555555555555556,0.444444444444444,0,0.444444444444444,0.570742777277959,5
400,21,5,"random","skewed","random","dynamic",0.298805193268861,0.701194806731139,0,0.701194806731139,0.570742777277959,5
400,21,5,"random","skewed","random","calendar",0.298805193268861,0.701194806731139,0,0.701194806731139,0.570742777277959,5
400,21,5,"random","skewed","random","stacked",0.65523242646712,0.34476757353288,0,0.34476757353288,0.524887363545659,5
401,21,5,"random","skewed","random","simple",1,0,0,0,NA,5
401,21,5,"random","skewed","random","group",1,0,0,0,NA,5
401,21,5,"random","skewed","random","dynamic",1,0,0,0,NA,5
401,21,5,"random","skewed","random","calendar",1,0,0,0,NA,5
401,21,5,"random","skewed","random","stacked",1,0,0,0,NA,5
402,21,5,"random","skewed","random","simple",0.480519480519481,0.519480519480519,0,0.519480519480519,0.330913823440591,5
402,21,5,"random","skewed","random","group",0.555555555555556,0.444444444444444,0,0.444444444444444,0.330913823440591,5
402,21,5,"random","skewed","random","dynamic",0.44256745433216,0.55743254566784,0,0.55743254566784,0.330913823440591,5
402,21,5,"random","skewed","random","calendar",0.44256745433216,0.55743254566784,0,0.55743254566784,0.330913823440591,5
402,21,5,"random","skewed","random","stacked",0.589033888058278,0.410966111941722,0,0.410966111941722,0.304327082639462,5
403,21,5,"random","skewed","random","simple",0.384615384615385,0.615384615384615,0,0,1.5313674842078,5
403,21,5,"random","skewed","random","group",0.555555555555556,0.444444444444444,0,0,1.5313674842078,5
403,21,5,"random","skewed","random","dynamic",0.319083908867191,0.680916091132809,0,0,1.5313674842078,5
403,21,5,"random","skewed","random","calendar",0.319083908867191,0.680916091132809,0,0,1.5313674842078,5
403,21,5,"random","skewed","random","stacked",0.760143683369987,0.239856316630013,0,0,1.4083322179545,5
404,21,5,"random","skewed","random","simple",0.435294117647059,0.564705882352941,0,0.564705882352941,0.84833027763666,5
404,21,5,"random","skewed","random","group",0.555555555555556,0.444444444444444,0,0.444444444444444,0.84833027763666,5
404,21,5,"random","skewed","random","dynamic",0.37031450756941,0.62968549243059,0,0.62968549243059,0.84833027763666,5
404,21,5,"random","skewed","random","calendar",0.37031450756941,0.62968549243059,0,0.62968549243059,0.84833027763666,5
404,21,5,"random","skewed","random","stacked",0.699949812065223,0.300050187934777,0,0.300050187934777,0.780172541067144,5
405,21,5,"random","skewed","random","simple",0.487179487179487,0.512820512820513,0,0.512820512820513,0.330913823440591,5
405,21,5,"random","skewed","random","group",0.555555555555556,0.444444444444444,0,0.444444444444444,0.330913823440591,5
405,21,5,"random","skewed","random","dynamic",0.466750460868108,0.533249539131892,0,0.533249539131892,0.330913823440591,5
405,21,5,"random","skewed","random","calendar",0.466750460868108,0.533249539131892,0,0.533249539131892,0.330913823440591,5
405,21,5,"random","skewed","random","stacked",0.565548250522654,0.434451749477346,0,0.434451749477346,0.304327082639462,5
406,21,5,"random","skewed","random","simple",0.552380952380952,0.447619047619048,0,0.161904761904762,1.03969471120323,5
406,21,5,"random","skewed","random","group",0.555555555555556,0.444444444444444,0,0.166666666666667,1.03969471120323,5
406,21,5,"random","skewed","random","dynamic",0.575703871292107,0.424296128707893,0,0.151899509803922,1.03969471120323,5
406,21,5,"random","skewed","random","calendar",0.575703871292107,0.424296128707893,0,0.151899509803922,1.03969471120323,5
406,21,5,"random","skewed","random","stacked",0.416204215542258,0.583795784457742,0,0.583795784457742,0.98487056326405,5
407,21,5,"random","skewed","random","simple",1,0,0,0,NA,5
407,21,5,"random","skewed","random","group",1,0,0,0,NA,5
407,21,5,"random","skewed","random","dynamic",1,0,0,0,NA,5
407,21,5,"random","skewed","random","calendar",1,0,0,0,NA,5
407,21,5,"random","skewed","random","stacked",1,0,0,0,NA,5
408,21,5,"random","skewed","random","simple",0.428571428571429,0,0.571428571428571,0.571428571428571,0.193397730187677,5
408,21,5,"random","skewed","random","group",0.555555555555556,0,0.444444444444444,0.444444444444444,0.193397730187677,5
408,21,5,"random","skewed","random","dynamic",0.367123345064522,0,0.632876654935478,0.632876654935478,0.193397730187677,5
408,21,5,"random","skewed","random","calendar",0.367123345064521,0,0.632876654935479,0.632876654935479,0.193397730187677,5
408,21,5,"random","skewed","random","stacked",0.527192537377446,0,0.472807462622553,0.472807462622553,0.177859499507055,5
409,21,5,"random","skewed","random","simple",0.460674157303371,0.539325842696629,0,0.539325842696629,0.84833027763666,5
409,21,5,"random","skewed","random","group",0.555555555555556,0.444444444444444,0,0.444444444444444,0.84833027763666,5
409,21,5,"random","skewed","random","dynamic",0.402393721021172,0.597606278978828,0,0.597606278978828,0.84833027763666,5
409,21,5,"random","skewed","random","calendar",0.402393721021172,0.597606278978828,0,0.597606278978828,0.84833027763666,5
409,21,5,"random","skewed","random","stacked",0.704947846101663,0.295052153898337,0,0.295052153898337,0.780172541067144,5
410,21,5,"random","skewed","random","simple",0.421686746987952,0.578313253012048,0,0.578313253012048,0.84833027763666,5
410,21,5,"random","skewed","random","group",0.555555555555556,0.444444444444444,0,0.444444444444444,0.84833027763666,5
410,21,5,"random","skewed","random","dynamic",0.355622590916709,0.644377409083291,0,0.644377409083291,0.84833027763666,5
410,21,5,"random","skewed","random","calendar",0.355622590916709,0.644377409083291,0,0.644377409083291,0.84833027763666,5
410,21,5,"random","skewed","random","stacked",0.706130876641377,0.293869123358623,0,0.293869123358623,0.780172541067144,5
411,21,5,"random","skewed","random","simple",0.38755980861244,0.61244019138756,0,0.61244019138756,0.42225765384893,5
411,21,5,"random","skewed","random","group",0.555555555555556,0.444444444444444,0,0.444444444444444,0.42225765384893,5
411,21,5,"random","skewed","random","dynamic",0.348494846656611,0.651505153343389,0,0.651505153343389,0.42225765384893,5
411,21,5,"random","skewed","random","calendar",0.348494846656611,0.651505153343389,0,0.651505153343389,0.42225765384893,5
411,21,5,"random","skewed","random","stacked",0.556221295653537,0.443778704346463,0,0.443778704346463,0.388332039386984,5
412,21,5,"random","skewed","random","simple",0.725085910652921,0.274914089347079,0,0.274914089347079,0.517509584468528,5
412,21,5,"random","skewed","random","group",0.722222222222222,0.277777777777778,0,0.277777777777778,0.517509584468528,5
412,21,5,"random","skewed","random","dynamic",0.748853066867773,0.251146933132227,0,0.251146933132227,0.517509584468528,5
412,21,5,"random","skewed","random","calendar",0.748853066867773,0.251146933132227,0,0.251146933132227,0.517509584468528,5
412,21,5,"random","skewed","random","stacked",0.627995002480159,0.372004997519841,0,0.372004997519841,0.490220783522322,5
413,21,5,"random","skewed","random","simple",0.339130434782609,0.660869565217391,0,0,1.5313674842078,5
413,21,5,"random","skewed","random","group",0.555555555555556,0.444444444444444,0,0,1.5313674842078,5
413,21,5,"random","skewed","random","dynamic",0.266677251197375,0.733322748802625,0,0,1.5313674842078,5
413,21,5,"random","skewed","random","calendar",0.266677251197375,0.733322748802625,0,0,1.5313674842078,5
413,21,5,"random","skewed","random","stacked",0.750175965911795,0.249824034088205,0,0,1.4083322179545,5
414,21,5,"random","skewed","random","simple",0.389558232931727,0.610441767068273,0,0,1.5313674842078,5
414,21,5,"random","skewed","random","group",0.555555555555556,0.444444444444444,0,0,1.5313674842078,5
414,21,5,"random","skewed","random","dynamic",0.335026858246673,0.664973141753327,0,0,1.5313674842078,5
414,21,5,"random","skewed","random","calendar",0.335026858246673,0.664973141753328,0,0,1.5313674842078,5
414,21,5,"random","skewed","random","stacked",0.745156658720223,0.254843341279777,0,0,1.4083322179545,5
415,21,5,"random","skewed","random","simple",0.697452229299363,0.302547770700637,0,0,1.87680991261445,5
415,21,5,"random","skewed","random","group",0.722222222222222,0.277777777777778,0,0,1.87680991261445,5
415,21,5,"random","skewed","random","dynamic",0.700006284565108,0.299993715434892,0,0,1.87680991261445,5
415,21,5,"random","skewed","random","calendar",0.700006284565108,0.299993715434892,0,0,1.87680991261445,5
415,21,5,"random","skewed","random","stacked",0.777327422335417,0.222672577664583,0,0,1.77784383805991,5
416,21,5,"random","skewed","random","simple",0.741379310344828,0.258620689655172,0,0.258620689655172,0.405560618505449,5
416,21,5,"random","skewed","random","group",0.722222222222222,0.277777777777778,0,0.277777777777778,0.405560618505449,5
416,21,5,"random","skewed","random","dynamic",0.772710847159377,0.227289152840623,0,0.227289152840623,0.405560618505449,5
416,21,5,"random","skewed","random","calendar",0.772710847159377,0.227289152840623,0,0.227289152840623,0.405560618505449,5
416,21,5,"random","skewed","random","stacked",0.590591480066791,0.409408519933209,0,0.409408519933209,0.384174999142706,5
417,21,5,"random","skewed","random","simple",0.209059233449477,0.790940766550523,0,0.261324041811847,1.5313674842078,5
417,21,5,"random","skewed","random","group",0.277777777777778,0.722222222222222,0,0.277777777777778,1.5313674842078,5
417,21,5,"random","skewed","random","dynamic",0.181200550395597,0.818799449604403,0,0.233951205313434,1.5313674842078,5
417,21,5,"random","skewed","random","calendar",0.181200550395597,0.818799449604403,0,0.233951205313434,1.5313674842078,5
417,21,5,"random","skewed","random","stacked",0.403843608935947,0.596156391064053,0,0.356371754112272,0.384174999142706,5
418,21,5,"random","skewed","random","simple",0.384615384615385,0.615384615384615,0,0.615384615384615,0.42225765384893,5
418,21,5,"random","skewed","random","group",0.555555555555556,0.444444444444444,0,0.444444444444444,0.42225765384893,5
418,21,5,"random","skewed","random","dynamic",0.319947209653092,0.680052790346908,0,0.680052790346908,0.42225765384893,5
418,21,5,"random","skewed","random","calendar",0.319947209653092,0.680052790346908,0,0.680052790346908,0.42225765384893,5
418,21,5,"random","skewed","random","stacked",0.596768415328165,0.403231584671835,0,0.403231584671835,0.388332039386984,5
419,21,5,"random","skewed","random","simple",0.510204081632653,0.489795918367347,0,0.489795918367347,0.330913823440591,5
419,21,5,"random","skewed","random","group",0.555555555555556,0.444444444444444,0,0.444444444444444,0.330913823440591,5
419,21,5,"random","skewed","random","dynamic",0.489475448298978,0.510524551701022,0,0.510524551701022,0.330913823440591,5
419,21,5,"random","skewed","random","calendar",0.489475448298978,0.510524551701022,0,0.510524551701022,0.330913823440591,5
419,21,5,"random","skewed","random","stacked",0.577397246925785,0.422602753074215,0,0.422602753074215,0.304327082639462,5
420,21,5,"random","skewed","random","simple",0.421276595744681,0.578723404255319,0,0.578723404255319,0.570742777277959,5
420,21,5,"random","skewed","random","group",0.555555555555556,0.444444444444444,0,0.444444444444444,0.570742777277959,5
420,21,5,"random","skewed","random","dynamic",0.354168515068169,0.645831484931831,0,0.645831484931831,0.570742777277959,5
420,21,5,"random","skewed","random","calendar",0.354168515068169,0.645831484931831,0,0.645831484931831,0.570742777277959,5
420,21,5,"random","skewed","random","stacked",0.653013768395584,0.346986231604416,0,0.346986231604416,0.524887363545659,5
421,21,5,"random","skewed","random","simple",0.174061433447099,0.825938566552901,0,0,1.5313674842078,5
421,21,5,"random","skewed","random","group",0.277777777777778,0.722222222222222,0,0,1.5313674842078,5
421,21,5,"random","skewed","random","dynamic",0.16516167870657,0.83483832129343,0,0,1.5313674842078,5
421,21,5,"random","skewed","random","calendar",0.16516167870657,0.83483832129343,0,0,1.5313674842078,5
421,21,5,"random","skewed","random","stacked",0.34294372062743,0.65705627937257,0,0.309725303550734,1.4083322179545,5
422,21,5,"random","skewed","random","simple",0.408695652173913,0.591304347826087,0,0.591304347826087,0.570742777277959,5
422,21,5,"random","skewed","random","group",0.555555555555556,0.444444444444444,0,0.444444444444444,0.570742777277959,5
422,21,5,"random","skewed","random","dynamic",0.329754828024724,0.670245171975276,0,0.670245171975276,0.570742777277959,5
422,21,5,"random","skewed","random","calendar",0.329754828024724,0.670245171975276,0,0.670245171975276,0.570742777277959,5
422,21,5,"random","skewed","random","stacked",0.660438980429303,0.339561019570697,0,0.339561019570697,0.524887363545659,5
423,21,5,"random","skewed","random","simple",0.703947368421053,0.296052631578947,0,0,1.03969471120323,5
423,21,5,"random","skewed","random","group",0.722222222222222,0.277777777777778,0,0,1.03969471120323,5
423,21,5,"random","skewed","random","dynamic",0.716848919054801,0.283151080945199,0,0,1.03969471120323,5
423,21,5,"random","skewed","random","calendar",0.716848919054801,0.283151080945199,0,0,1.03969471120323,5
423,21,5,"random","skewed","random","stacked",0.652319809007797,0.347680190992203,0,0.347680190992203,0.98487056326405,5
424,21,5,"random","skewed","random","simple",0.179487179487179,0.82051282051282,0,0.82051282051282,0.84833027763666,5
424,21,5,"random","skewed","random","group",0.277777777777778,0.722222222222222,0,0.722222222222222,0.84833027763666,5
424,21,5,"random","skewed","random","dynamic",0.155296840958606,0.844703159041394,0,0.844703159041394,0.84833027763666,5
424,21,5,"random","skewed","random","calendar",0.155296840958606,0.844703159041394,0,0.844703159041394,0.84833027763666,5
424,21,5,"random","skewed","random","stacked",0.390509185826695,0.609490814173305,0,0.609490814173305,0.780172541067144,5
425,21,5,"random","skewed","random","simple",0.384615384615385,0.615384615384615,0,0.615384615384615,0.330913823440591,5
425,21,5,"random","skewed","random","group",0.555555555555556,0.444444444444444,0,0.444444444444444,0.330913823440591,5
425,21,5,"random","skewed","random","dynamic",0.315853862912686,0.684146137087314,0,0.684146137087314,0.330913823440591,5
425,21,5,"random","skewed","random","calendar",0.315853862912686,0.684146137087314,0,0.684146137087314,0.330913823440591,5
425,21,5,"random","skewed","random","stacked",0.56708382467311,0.43291617532689,0,0.43291617532689,0.304327082639462,5
426,21,5,"random","skewed","random","simple",1,0,0,0,NA,5
426,21,5,"random","skewed","random","group",1,0,0,0,NA,5
426,21,5,"random","skewed","random","dynamic",1,0,0,0,NA,5
426,21,5,"random","skewed","random","calendar",1,0,0,0,NA,5
426,21,5,"random","skewed","random","stacked",1,0,0,0,NA,5
427,21,5,"random","skewed","random","simple",0.49738219895288,0,0.50261780104712,0.50261780104712,0.193397730187677,5
427,21,5,"random","skewed","random","group",0.555555555555556,0,0.444444444444444,0.444444444444444,0.193397730187677,5
427,21,5,"random","skewed","random","dynamic",0.472138428020781,0,0.527861571979219,0.527861571979219,0.193397730187677,5
427,21,5,"random","skewed","random","calendar",0.472138428020781,0,0.527861571979219,0.527861571979219,0.193397730187677,5
427,21,5,"random","skewed","random","stacked",0.54715084867074,0,0.45284915132926,0.45284915132926,0.177859499507055,5
428,21,5,"random","skewed","random","simple",0.735099337748344,0.264900662251656,0,0.264900662251656,0.517509584468528,5
428,21,5,"random","skewed","random","group",0.722222222222222,0.277777777777778,0,0.277777777777778,0.517509584468528,5
428,21,5,"random","skewed","random","dynamic",0.761304361488185,0.238695638511815,0,0.238695638511815,0.517509584468528,5
428,21,5,"random","skewed","random","calendar",0.761304361488185,0.238695638511815,0,0.238695638511815,0.517509584468528,5
428,21,5,"random","skewed","random","stacked",0.615090843011673,0.384909156988327,0,0.384909156988327,0.490220783522322,5
429,21,5,"random","skewed","random","simple",0.457627118644068,0.542372881355932,0,0.542372881355932,0.42225765384893,5
429,21,5,"random","skewed","random","group",0.555555555555556,0.444444444444444,0,0.444444444444444,0.42225765384893,5
429,21,5,"random","skewed","random","dynamic",0.411293363499246,0.588706636500754,0,0.588706636500754,0.42225765384893,5
429,21,5,"random","skewed","random","calendar",0.411293363499246,0.588706636500754,0,0.588706636500754,0.42225765384893,5
429,21,5,"random","skewed","random","stacked",0.60283464745357,0.397165352546431,0,0.397165352546431,0.388332039386984,5
430,21,5,"random","skewed","random","simple",0.487684729064039,0,0.512315270935961,0.512315270935961,0.225928173885438,5
430,21,5,"random","skewed","random","group",0.555555555555556,0,0.444444444444444,0.444444444444444,0.225928173885438,5
430,21,5,"random","skewed","random","dynamic",0.444367095950806,0,0.555632904049194,0.555632904049194,0.225928173885438,5
430,21,5,"random","skewed","random","calendar",0.444367095950806,0,0.555632904049194,0.555632904049194,0.225928173885438,5
430,21,5,"random","skewed","random","stacked",0.564912658927574,0,0.435087341072426,0.435087341072426,0.207776336841245,5
431,21,5,"random","skewed","random","simple",0.279620853080569,0.720379146919431,0,0,1.5313674842078,5
431,21,5,"random","skewed","random","group",0.555555555555556,0.444444444444444,0,0,1.5313674842078,5
431,21,5,"random","skewed","random","dynamic",0.187081580270435,0.812918419729565,0,0,1.5313674842078,5
431,21,5,"random","skewed","random","calendar",0.187081580270435,0.812918419729565,0,0,1.5313674842078,5
431,21,5,"random","skewed","random","stacked",0.741229251822134,0.258770748177866,0,0,1.4083322179545,5
432,21,5,"random","skewed","random","simple",0.355932203389831,0.64406779661017,0,0,1.5313674842078,5
432,21,5,"random","skewed","random","group",0.555555555555556,0.444444444444444,0,0,1.5313674842078,5
432,21,5,"random","skewed","random","dynamic",0.289897065438861,0.710102934561139,0,0,1.5313674842078,5
432,21,5,"random","skewed","random","calendar",0.289897065438861,0.710102934561139,0,0,1.5313674842078,5
432,21,5,"random","skewed","random","stacked",0.746813210765128,0.253186789234872,0,0,1.4083322179545,5
433,21,5,"random","skewed","random","simple",0.718543046357616,0.281456953642384,0,0.281456953642384,0.699489647648167,5
433,21,5,"random","skewed","random","group",0.722222222222222,0.277777777777778,0,0.277777777777778,0.699489647648167,5
433,21,5,"random","skewed","random","dynamic",0.738632792860734,0.261367207139266,0,0.261367207139266,0.699489647648167,5
433,21,5,"random","skewed","random","calendar",0.738632792860734,0.261367207139266,0,0.261367207139266,0.699489647648167,5
433,21,5,"random","skewed","random","stacked",0.617462671737396,0.382537328262604,0,0.382537328262604,0.662604854918761,5
434,21,5,"random","skewed","random","simple",0.37117903930131,0.62882096069869,0,0.62882096069869,0.84833027763666,5
434,21,5,"random","skewed","random","group",0.555555555555556,0.444444444444444,0,0.444444444444444,0.84833027763666,5
434,21,5,"random","skewed","random","dynamic",0.31781744036646,0.68218255963354,0,0.68218255963354,0.84833027763666,5
434,21,5,"random","skewed","random","calendar",0.31781744036646,0.68218255963354,0,0.68218255963354,0.84833027763666,5
434,21,5,"random","skewed","random","stacked",0.663691332655639,0.336308667344361,0,0.336308667344361,0.780172541067144,5
435,21,5,"random","skewed","random","simple",0.700315457413249,0.299684542586751,0,0,1.87680991261445,5
435,21,5,"random","skewed","random","group",0.722222222222222,0.277777777777778,0,0,1.87680991261445,5
435,21,5,"random","skewed","random","dynamic",0.70381630216189,0.29618369783811,0,0,1.87680991261445,5
435,21,5,"random","skewed","random","calendar",0.703816302161891,0.296183697838109,0,0,1.87680991261445,5
435,21,5,"random","skewed","random","stacked",0.765170721912194,0.234829278087806,0,0,1.77784383805991,5
436,21,5,"random","skewed","random","simple",0.392405063291139,0.607594936708861,0,0.607594936708861,0.84833027763666,5
436,21,5,"random","skewed","random","group",0.555555555555556,0.444444444444444,0,0.444444444444444,0.84833027763666,5
436,21,5,"random","skewed","random","dynamic",0.311672532260768,0.688327467739232,0,0.688327467739232,0.84833027763666,5
436,21,5,"random","skewed","random","calendar",0.311672532260768,0.688327467739232,0,0.688327467739232,0.84833027763666,5
436,21,5,"random","skewed","random","stacked",0.702416561264913,0.297583438735087,0,0.297583438735087,0.780172541067144,5
437,21,5,"random","skewed","random","simple",0.182432432432432,0.817567567567568,0,0,1.5313674842078,5
437,21,5,"random","skewed","random","group",0.277777777777778,0.722222222222222,0,0,1.5313674842078,5
437,21,5,"random","skewed","random","dynamic",0.164344685242518,0.835655314757482,0,0,1.5313674842078,5
437,21,5,"random","skewed","random","calendar",0.164344685242518,0.835655314757482,0,0,1.5313674842078,5
437,21,5,"random","skewed","random","stacked",0.471938356969589,0.528061643030411,0,0.248919396733067,1.4083322179545,5
438,21,5,"random","skewed","random","simple",0.731012658227848,0.268987341772152,0,0.268987341772152,0.699489647648167,5
438,21,5,"random","skewed","random","group",0.722222222222222,0.277777777777778,0,0.277777777777778,0.699489647648167,5
438,21,5,"random","skewed","random","dynamic",0.749835030165913,0.250164969834087,0,0.250164969834087,0.699489647648167,5
438,21,5,"random","skewed","random","calendar",0.749835030165913,0.250164969834087,0,0.250164969834087,0.699489647648167,5
438,21,5,"random","skewed","random","stacked",0.652065515561688,0.347934484438312,0,0.347934484438312,0.662604854918761,5
439,21,5,"random","skewed","random","simple",0.562874251497006,0.437125748502994,0,0.152694610778443,1.87680991261445,5
439,21,5,"random","skewed","random","group",0.555555555555556,0.444444444444444,0,0.166666666666667,1.87680991261445,5
439,21,5,"random","skewed","random","dynamic",0.575590749120161,0.424409250879839,0,0.144730392156863,1.87680991261445,5
439,21,5,"random","skewed","random","calendar",0.575590749120161,0.424409250879839,0,0.144730392156863,1.87680991261445,5
439,21,5,"random","skewed","random","stacked",0.473200320678426,0.526799679321574,0,0.273112318418617,0.854271745308325,5
440,21,5,"random","skewed","random","simple",0.304347826086957,0.695652173913043,0,0.695652173913043,0.84833027763666,5
440,21,5,"random","skewed","random","group",0.555555555555556,0.444444444444444,0,0.444444444444444,0.84833027763666,5
440,21,5,"random","skewed","random","dynamic",0.217208535835987,0.782791464164013,0,0.782791464164013,0.84833027763666,5
440,21,5,"random","skewed","random","calendar",0.217208535835987,0.782791464164013,0,0.782791464164013,0.84833027763666,5
440,21,5,"random","skewed","random","stacked",0.672422922222352,0.327577077777648,0,0.327577077777648,0.780172541067144,5
441,21,5,"random","skewed","random","simple",0.205673758865248,0.794326241134752,0,0.794326241134752,0.84833027763666,5
441,21,5,"random","skewed","random","group",0.277777777777778,0.722222222222222,0,0.722222222222222,0.84833027763666,5
441,21,5,"random","skewed","random","dynamic",0.187431917211329,0.812568082788671,0,0.812568082788671,0.84833027763666,5
441,21,5,"random","skewed","random","calendar",0.187431917211329,0.812568082788671,0,0.812568082788671,0.84833027763666,5
441,21,5,"random","skewed","random","stacked",0.353328076022159,0.646671923977841,0,0.646671923977841,0.780172541067144,5
442,21,5,"random","skewed","random","simple",0.497757847533632,0,0.502242152466368,0.502242152466368,0.269611852350941,5
442,21,5,"random","skewed","random","group",0.555555555555556,0,0.444444444444444,0.444444444444444,0.269611852350941,5
442,21,5,"random","skewed","random","dynamic",0.473712561947856,0,0.526287438052144,0.526287438052144,0.269611852350941,5
442,21,5,"random","skewed","random","calendar",0.473712561947856,0,0.526287438052144,0.526287438052144,0.269611852350941,5
442,21,5,"random","skewed","random","stacked",0.571135324185448,0,0.428864675814552,0.428864675814552,0.247950320170634,5
443,21,5,"random","skewed","random","simple",0.706959706959707,0.293040293040293,0,0.293040293040293,0.517509584468528,5
443,21,5,"random","skewed","random","group",0.722222222222222,0.277777777777778,0,0.277777777777778,0.517509584468528,5
443,21,5,"random","skewed","random","dynamic",0.731020613373555,0.268979386626446,0,0.268979386626446,0.517509584468528,5
443,21,5,"random","skewed","random","calendar",0.731020613373555,0.268979386626446,0,0.268979386626446,0.517509584468528,5
443,21,5,"random","skewed","random","stacked",0.578307688156836,0.421692311843164,0,0.421692311843164,0.490220783522322,5
444,21,5,"random","skewed","random","simple",0.43859649122807,0.56140350877193,0,0.56140350877193,0.42225765384893,5
444,21,5,"random","skewed","random","group",0.555555555555556,0.444444444444444,0,0.444444444444444,0.42225765384893,5
444,21,5,"random","skewed","random","dynamic",0.378755027652086,0.621244972347914,0,0.621244972347914,0.42225765384893,5
444,21,5,"random","skewed","random","calendar",0.378755027652086,0.621244972347914,0,0.621244972347914,0.42225765384893,5
444,21,5,"random","skewed","random","stacked",0.610610112892593,0.389389887107407,0,0.389389887107407,0.388332039386984,5
445,21,5,"random","skewed","random","simple",0.349282296650718,0.650717703349282,0,0.650717703349282,0.570742777277959,5
445,21,5,"random","skewed","random","group",0.555555555555556,0.444444444444444,0,0.444444444444444,0.570742777277959,5
445,21,5,"random","skewed","random","dynamic",0.263049714606808,0.736950285393192,0,0.736950285393192,0.570742777277959,5
445,21,5,"random","skewed","random","calendar",0.263049714606808,0.736950285393192,0,0.736950285393192,0.570742777277959,5
445,21,5,"random","skewed","random","stacked",0.635678127761432,0.364321872238568,0,0.364321872238568,0.524887363545659,5
446,21,5,"random","skewed","random","simple",0.433333333333333,0.566666666666667,0,0.566666666666667,0.570742777277959,5
446,21,5,"random","skewed","random","group",0.555555555555556,0.444444444444444,0,0.444444444444444,0.570742777277959,5
446,21,5,"random","skewed","random","dynamic",0.387572827019194,0.612427172980806,0,0.612427172980806,0.570742777277959,5
446,21,5,"random","skewed","random","calendar",0.387572827019194,0.612427172980806,0,0.612427172980806,0.570742777277959,5
446,21,5,"random","skewed","random","stacked",0.639629577535658,0.360370422464342,0,0.360370422464342,0.524887363545659,5
447,21,5,"random","skewed","random","simple",0.425149700598802,0,0.574850299401198,0.574850299401198,0.193397730187677,5
447,21,5,"random","skewed","random","group",0.555555555555556,0,0.444444444444444,0.444444444444444,0.193397730187677,5
447,21,5,"random","skewed","random","dynamic",0.400557231439584,0,0.599442768560416,0.599442768560416,0.193397730187677,5
447,21,5,"random","skewed","random","calendar",0.400557231439584,0,0.599442768560416,0.599442768560416,0.193397730187677,5
447,21,5,"random","skewed","random","stacked",0.490650391916137,0,0.509349608083863,0.509349608083863,0.177859499507055,5
448,21,5,"random","skewed","random","simple",0.418803418803419,0.581196581196581,0,0.581196581196581,0.570742777277959,5
448,21,5,"random","skewed","random","group",0.555555555555556,0.444444444444444,0,0.444444444444444,0.570742777277959,5
448,21,5,"random","skewed","random","dynamic",0.350841392363884,0.649158607636116,0,0.649158607636116,0.570742777277959,5
448,21,5,"random","skewed","random","calendar",0.350841392363884,0.649158607636116,0,0.649158607636116,0.570742777277959,5
448,21,5,"random","skewed","random","stacked",0.655677687331539,0.344322312668461,0,0.344322312668461,0.524887363545659,5
449,21,5,"random","skewed","random","simple",0.214285714285714,0.785714285714286,0,0,1.5313674842078,5
449,21,5,"random","skewed","random","group",0.277777777777778,0.722222222222222,0,0,1.5313674842078,5
449,21,5,"random","skewed","random","dynamic",0.198056415548676,0.801943584451325,0,0,1.5313674842078,5
449,21,5,"random","skewed","random","calendar",0.198056415548676,0.801943584451325,0,0,1.5313674842078,5
449,21,5,"random","skewed","random","stacked",0.462021682495269,0.537978317504731,0,0.253593950661241,1.4083322179545,5
450,21,5,"random","skewed","random","simple",0.43801652892562,0.56198347107438,0,0.56198347107438,0.570742777277959,5
450,21,5,"random","skewed","random","group",0.555555555555556,0.444444444444444,0,0.444444444444444,0.570742777277959,5
450,21,5,"random","skewed","random","dynamic",0.396400792594564,0.603599207405436,0,0.603599207405436,0.570742777277959,5
450,21,5,"random","skewed","random","calendar",0.396400792594564,0.603599207405436,0,0.603599207405436,0.570742777277959,5
450,21,5,"random","skewed","random","stacked",0.618709964059719,0.381290035940281,0,0.381290035940281,0.524887363545659,5
451,21,5,"random","skewed","random","simple",0.162361623616236,0.837638376383764,0,0.276752767527675,1.5313674842078,5
451,21,5,"random","skewed","random","group",0.277777777777778,0.722222222222222,0,0.277777777777778,1.5313674842078,5
451,21,5,"random","skewed","random","dynamic",0.135104919160647,0.864895080839353,0,0.251680294249954,1.5313674842078,5
451,21,5,"random","skewed","random","calendar",0.135104919160647,0.864895080839353,0,0.251680294249954,1.5313674842078,5
451,21,5,"random","skewed","random","stacked",0.398045870003658,0.601954129996342,0,0.359837539976779,0.384174999142706,5
452,21,5,"random","skewed","random","simple",0.361702127659574,0.638297872340426,0,0.638297872340426,0.330913823440591,5
452,21,5,"random","skewed","random","group",0.555555555555556,0.444444444444444,0,0.444444444444444,0.330913823440591,5
452,21,5,"random","skewed","random","dynamic",0.286509133567957,0.713490866432043,0,0.713490866432043,0.330913823440591,5
452,21,5,"random","skewed","random","calendar",0.286509133567957,0.713490866432043,0,0.713490866432043,0.330913823440591,5
452,21,5,"random","skewed","random","stacked",0.55632685846506,0.44367314153494,0,0.44367314153494,0.304327082639462,5
453,21,5,"random","skewed","random","simple",0.420814479638009,0.579185520361991,0,0.579185520361991,0.42225765384893,5
453,21,5,"random","skewed","random","group",0.555555555555556,0.444444444444444,0,0.444444444444444,0.42225765384893,5
453,21,5,"random","skewed","random","dynamic",0.362289467068879,0.637710532931121,0,0.637710532931121,0.42225765384893,5
453,21,5,"random","skewed","random","calendar",0.362289467068879,0.637710532931121,0,0.637710532931121,0.42225765384893,5
453,21,5,"random","skewed","random","stacked",0.608215566488537,0.391784433511463,0,0.391784433511463,0.388332039386984,5
454,21,5,"random","skewed","random","simple",0.185454545454545,0.814545454545455,0,0.814545454545455,0.84833027763666,5
454,21,5,"random","skewed","random","group",0.277777777777778,0.722222222222222,0,0.722222222222222,0.84833027763666,5
454,21,5,"random","skewed","random","dynamic",0.166689360929557,0.833310639070443,0,0.833310639070443,0.84833027763666,5
454,21,5,"random","skewed","random","calendar",0.166689360929557,0.833310639070443,0,0.833310639070443,0.84833027763666,5
454,21,5,"random","skewed","random","stacked",0.357329763422902,0.642670236577098,0,0.642670236577098,0.780172541067144,5
455,21,5,"random","skewed","random","simple",0.153284671532847,0.846715328467153,0,0.291970802919708,1.5313674842078,5
455,21,5,"random","skewed","random","group",0.277777777777778,0.722222222222222,0,0.277777777777778,1.5313674842078,5
455,21,5,"random","skewed","random","dynamic",0.130912452700378,0.869087547299622,0,0.273535696329814,1.5313674842078,5
455,21,5,"random","skewed","random","calendar",0.130912452700378,0.869087547299622,0,0.273535696329814,1.5313674842078,5
455,21,5,"random","skewed","random","stacked",0.393283812848201,0.606716187151799,0,0.34532236859532,0.490220783522322,5
456,21,5,"random","skewed","random","simple",0.318385650224215,0.681614349775785,0,0,1.5313674842078,5
456,21,5,"random","skewed","random","group",0.555555555555556,0.444444444444444,0,0,1.5313674842078,5
456,21,5,"random","skewed","random","dynamic",0.219245322960493,0.780754677039507,0,0,1.5313674842078,5
456,21,5,"random","skewed","random","calendar",0.219245322960493,0.780754677039507,0,0,1.5313674842078,5
456,21,5,"random","skewed","random","stacked",0.762788642727683,0.237211357272317,0,0,1.4083322179545,5
457,21,5,"random","skewed","random","simple",0.430711610486891,0.569288389513109,0,0,1.5313674842078,5
457,21,5,"random","skewed","random","group",0.555555555555556,0.444444444444444,0,0,1.5313674842078,5
457,21,5,"random","skewed","random","dynamic",0.369519197692572,0.630480802307428,0,0,1.5313674842078,5
457,21,5,"random","skewed","random","calendar",0.369519197692572,0.630480802307428,0,0,1.5313674842078,5
457,21,5,"random","skewed","random","stacked",0.760920610764518,0.239079389235482,0,0,1.4083322179545,5
458,21,5,"random","skewed","random","simple",0.214035087719298,0.785964912280702,0,0.785964912280702,0.84833027763666,5
458,21,5,"random","skewed","random","group",0.277777777777778,0.722222222222222,0,0.722222222222222,0.84833027763666,5
458,21,5,"random","skewed","random","dynamic",0.194217501815541,0.805782498184459,0,0.805782498184459,0.84833027763666,5
458,21,5,"random","skewed","random","calendar",0.194217501815541,0.805782498184459,0,0.805782498184459,0.84833027763666,5
458,21,5,"random","skewed","random","stacked",0.376754194976415,0.623245805023585,0,0.623245805023585,0.780172541067144,5
459,21,5,"random","skewed","random","simple",0.709677419354839,0.290322580645161,0,0,1.03969471120323,5
459,21,5,"random","skewed","random","group",0.722222222222222,0.277777777777778,0,0,1.03969471120323,5
459,21,5,"random","skewed","random","dynamic",0.722261500754148,0.277738499245852,0,0,1.03969471120323,5
459,21,5,"random","skewed","random","calendar",0.722261500754148,0.277738499245852,0,0,1.03969471120323,5
459,21,5,"random","skewed","random","stacked",0.675822722559428,0.324177277440572,0,0.324177277440572,0.98487056326405,5
460,21,5,"random","skewed","random","simple",0.373913043478261,0.626086956521739,0,0.626086956521739,0.84833027763666,5
460,21,5,"random","skewed","random","group",0.555555555555556,0.444444444444444,0,0.444444444444444,0.84833027763666,5
460,21,5,"random","skewed","random","dynamic",0.285710295514217,0.714289704485783,0,0.714289704485783,0.84833027763666,5
460,21,5,"random","skewed","random","calendar",0.285710295514217,0.714289704485783,0,0.714289704485783,0.84833027763666,5
460,21,5,"random","skewed","random","stacked",0.701589911228537,0.298410088771463,0,0.298410088771463,0.780172541067144,5
461,21,5,"random","skewed","random","simple",0.702797202797203,0.297202797202797,0,0.297202797202797,0.699489647648167,5
461,21,5,"random","skewed","random","group",0.722222222222222,0.277777777777778,0,0.277777777777778,0.699489647648167,5
461,21,5,"random","skewed","random","dynamic",0.719889077425842,0.280110922574158,0,0.280110922574158,0.699489647648167,5
461,21,5,"random","skewed","random","calendar",0.719889077425842,0.280110922574158,0,0.280110922574158,0.699489647648167,5
461,21,5,"random","skewed","random","stacked",0.645440462624399,0.354559537375601,0,0.354559537375601,0.662604854918761,5
462,21,5,"random","skewed","random","simple",0.474903474903475,0.525096525096525,0,0.525096525096525,0.570742777277959,5
462,21,5,"random","skewed","random","group",0.555555555555556,0.444444444444444,0,0.444444444444444,0.570742777277959,5
462,21,5,"random","skewed","random","dynamic",0.426256173661018,0.573743826338982,0,0.573743826338982,0.570742777277959,5
462,21,5,"random","skewed","random","calendar",0.426256173661018,0.573743826338982,0,0.573743826338982,0.570742777277959,5
462,21,5,"random","skewed","random","stacked",0.65396827623116,0.34603172376884,0,0.34603172376884,0.524887363545659,5
463,21,5,"random","skewed","random","simple",0.505154639175258,0,0.494845360824742,0.494845360824742,0.193397730187677,5
463,21,5,"random","skewed","random","group",0.555555555555556,0,0.444444444444444,0.444444444444444,0.193397730187677,5
463,21,5,"random","skewed","random","dynamic",0.478946706887883,0,0.521053293112117,0.521053293112117,0.193397730187677,5
463,21,5,"random","skewed","random","calendar",0.478946706887883,0,0.521053293112117,0.521053293112117,0.193397730187677,5
463,21,5,"random","skewed","random","stacked",0.554226288406995,0,0.445773711593005,0.445773711593005,0.177859499507055,5
464,21,5,"random","skewed","random","simple",1,0,0,0,NA,5
464,21,5,"random","skewed","random","group",1,0,0,0,NA,5
464,21,5,"random","skewed","random","dynamic",1,0,0,0,NA,5
464,21,5,"random","skewed","random","calendar",1,0,0,0,NA,5
464,21,5,"random","skewed","random","stacked",1,0,0,0,NA,5
465,21,5,"random","skewed","random","simple",0.713804713804714,0.286195286195286,0,0.286195286195286,0.699489647648167,5
465,21,5,"random","skewed","random","group",0.722222222222222,0.277777777777778,0,0.277777777777778,0.699489647648167,5
465,21,5,"random","skewed","random","dynamic",0.730541415284062,0.269458584715938,0,0.269458584715938,0.699489647648167,5
465,21,5,"random","skewed","random","calendar",0.730541415284062,0.269458584715938,0,0.269458584715938,0.699489647648167,5
465,21,5,"random","skewed","random","stacked",0.665108558636032,0.334891441363968,0,0.334891441363968,0.662604854918761,5
466,21,5,"random","skewed","random","simple",0.424,0.576,0,0.576,0.84833027763666,5
466,21,5,"random","skewed","random","group",0.555555555555556,0.444444444444444,0,0.444444444444444,0.84833027763666,5
466,21,5,"random","skewed","random","dynamic",0.370817272778057,0.629182727221943,0,0.629182727221943,0.84833027763666,5
466,21,5,"random","skewed","random","calendar",0.370817272778057,0.629182727221943,0,0.629182727221943,0.84833027763666,5
466,21,5,"random","skewed","random","stacked",0.691328066778517,0.308671933221483,0,0.308671933221483,0.780172541067144,5
467,21,5,"random","skewed","random","simple",0.422680412371134,0,0.577319587628866,0.577319587628866,0.269611852350941,5
467,21,5,"random","skewed","random","group",0.555555555555556,0,0.444444444444444,0.444444444444444,0.269611852350941,5
467,21,5,"random","skewed","random","dynamic",0.372261725202902,0,0.627738274797098,0.627738274797098,0.269611852350941,5
467,21,5,"random","skewed","random","calendar",0.372261725202902,0,0.627738274797098,0.627738274797098,0.269611852350941,5
467,21,5,"random","skewed","random","stacked",0.547639503022891,0,0.452360496977109,0.452360496977109,0.247950320170634,5
468,21,5,"random","skewed","random","simple",0.425414364640884,0,0.574585635359116,0.574585635359116,0.225928173885438,5
468,21,5,"random","skewed","random","group",0.555555555555556,0,0.444444444444444,0.444444444444444,0.225928173885438,5
468,21,5,"random","skewed","random","dynamic",0.387496616003403,0,0.612503383996597,0.612503383996597,0.225928173885438,5
468,21,5,"random","skewed","random","calendar",0.387496616003403,0,0.612503383996597,0.612503383996597,0.225928173885438,5
468,21,5,"random","skewed","random","stacked",0.519276444186296,0,0.480723555813704,0.480723555813704,0.207776336841245,5
469,21,5,"random","skewed","random","simple",0.413793103448276,0.586206896551724,0,0.586206896551724,0.570742777277959,5
469,21,5,"random","skewed","random","group",0.555555555555556,0.444444444444444,0,0.444444444444444,0.570742777277959,5
469,21,5,"random","skewed","random","dynamic",0.347573418507675,0.652426581492325,0,0.652426581492325,0.570742777277959,5
469,21,5,"random","skewed","random","calendar",0.347573418507675,0.652426581492325,0,0.652426581492325,0.570742777277959,5
469,21,5,"random","skewed","random","stacked",0.650768836317472,0.349231163682528,0,0.349231163682528,0.524887363545659,5
470,21,5,"random","skewed","random","simple",0.387387387387387,0.612612612612613,0,0.612612612612613,0.570742777277959,5
470,21,5,"random","skewed","random","group",0.555555555555556,0.444444444444444,0,0.444444444444444,0.570742777277959,5
470,21,5,"random","skewed","random","dynamic",0.314701446189335,0.685298553810665,0,0.685298553810665,0.570742777277959,5
470,21,5,"random","skewed","random","calendar",0.314701446189335,0.685298553810665,0,0.685298553810665,0.570742777277959,5
470,21,5,"random","skewed","random","stacked",0.645246584542023,0.354753415457977,0,0.354753415457977,0.524887363545659,5
471,21,5,"random","skewed","random","simple",0.439252336448598,0.560747663551402,0,0.560747663551402,0.330913823440591,5
471,21,5,"random","skewed","random","group",0.555555555555556,0.444444444444444,0,0.444444444444444,0.330913823440591,5
471,21,5,"random","skewed","random","dynamic",0.418485000837942,0.581514999162058,0,0.581514999162058,0.330913823440591,5
471,21,5,"random","skewed","random","calendar",0.418485000837942,0.581514999162058,0,0.581514999162058,0.330913823440591,5
471,21,5,"random","skewed","random","stacked",0.540374724441999,0.459625275558001,0,0.459625275558001,0.304327082639462,5
472,21,5,"random","skewed","random","simple",0.205479452054795,0.794520547945205,0,0.273972602739726,1.5313674842078,5
472,21,5,"random","skewed","random","group",0.277777777777778,0.722222222222222,0,0.277777777777778,1.5313674842078,5
472,21,5,"random","skewed","random","dynamic",0.185479016167871,0.814520983832129,0,0.252548556534625,1.5313674842078,5
472,21,5,"random","skewed","random","calendar",0.185479016167871,0.814520983832129,0,0.252548556534625,1.5313674842078,5
472,21,5,"random","skewed","random","stacked",0.35651142847762,0.64348857152238,0,0.366251968198321,0.490220783522322,5
473,21,5,"random","skewed","random","simple",1,0,0,0,NA,5
473,21,5,"random","skewed","random","group",1,0,0,0,NA,5
473,21,5,"random","skewed","random","dynamic",1,0,0,0,NA,5
473,21,5,"random","skewed","random","calendar",1,0,0,0,NA,5
473,21,5,"random","skewed","random","stacked",1,0,0,0,NA,5
474,21,5,"random","skewed","random","simple",0.191637630662021,0.808362369337979,0,0.278745644599303,1.5313674842078,5
474,21,5,"random","skewed","random","group",0.277777777777778,0.722222222222222,0,0.277777777777778,1.5313674842078,5
474,21,5,"random","skewed","random","dynamic",0.172901616787066,0.827098383212934,0,0.257386017834934,1.5313674842078,5
474,21,5,"random","skewed","random","calendar",0.172901616787066,0.827098383212934,0,0.257386017834934,1.5313674842078,5
474,21,5,"random","skewed","random","stacked",0.362381130558364,0.637618869441636,0,0.362911131958255,0.490220783522322,5
475,21,5,"random","skewed","random","simple",1,0,0,0,NA,5
475,21,5,"random","skewed","random","group",1,0,0,0,NA,5
475,21,5,"random","skewed","random","dynamic",1,0,0,0,NA,5
475,21,5,"random","skewed","random","calendar",1,0,0,0,NA,5
475,21,5,"random","skewed","random","stacked",1,0,0,0,NA,5
476,21,5,"random","skewed","random","simple",1,0,0,0,NA,5
476,21,5,"random","skewed","random","group",1,0,0,0,NA,5
476,21,5,"random","skewed","random","dynamic",1,0,0,0,NA,5
476,21,5,"random","skewed","random","calendar",1,0,0,0,NA,5
476,21,5,"random","skewed","random","stacked",1,0,0,0,NA,5
477,21,5,"random","skewed","random","simple",0.412844036697248,0.587155963302752,0,0.587155963302752,0.42225765384893,5
477,21,5,"random","skewed","random","group",0.555555555555556,0.444444444444444,0,0.444444444444444,0.42225765384893,5
477,21,5,"random","skewed","random","dynamic",0.345321141277024,0.654678858722976,0,0.654678858722976,0.42225765384893,5
477,21,5,"random","skewed","random","calendar",0.345321141277024,0.654678858722976,0,0.654678858722976,0.42225765384893,5
477,21,5,"random","skewed","random","stacked",0.604278115339758,0.395721884660242,0,0.395721884660242,0.388332039386984,5
478,21,5,"random","skewed","random","simple",0.710610932475884,0.289389067524116,0,0,1.03969471120323,5
478,21,5,"random","skewed","random","group",0.722222222222222,0.277777777777778,0,0,1.03969471120323,5
478,21,5,"random","skewed","random","dynamic",0.7230784942182,0.2769215057818,0,0,1.03969471120323,5
478,21,5,"random","skewed","random","calendar",0.7230784942182,0.2769215057818,0,0,1.03969471120323,5
478,21,5,"random","skewed","random","stacked",0.681210208745805,0.318789791254195,0,0.318789791254195,0.98487056326405,5
479,21,5,"random","skewed","random","simple",0.717314487632509,0.282685512367491,0,0.282685512367491,0.517509584468528,5
479,21,5,"random","skewed","random","group",0.722222222222222,0.277777777777778,0,0.277777777777778,0.517509584468528,5
479,21,5,"random","skewed","random","dynamic",0.741704374057315,0.258295625942685,0,0.258295625942685,0.517509584468528,5
479,21,5,"random","skewed","random","calendar",0.741704374057315,0.258295625942685,0,0.258295625942685,0.517509584468528,5
479,21,5,"random","skewed","random","stacked",0.602736271208281,0.397263728791719,0,0.397263728791719,0.490220783522322,5
480,21,5,"random","skewed","random","simple",0.431693989071038,0,0.568306010928962,0.568306010928962,0.225928173885438,5
480,21,5,"random","skewed","random","group",0.555555555555556,0,0.444444444444444,0.444444444444444,0.225928173885438,5
480,21,5,"random","skewed","random","dynamic",0.392021502881231,0,0.607978497118769,0.607978497118769,0.225928173885438,5
480,21,5,"random","skewed","random","calendar",0.392021502881231,0,0.607978497118769,0.607978497118769,0.225928173885438,5
480,21,5,"random","skewed","random","stacked",0.52645740223833,0,0.47354259776167,0.47354259776167,0.207776336841245,5
481,21,5,"random","skewed","random","simple",0.469387755102041,0,0.530612244897959,0.530612244897959,0.225928173885438,5
481,21,5,"random","skewed","random","group",0.555555555555556,0,0.444444444444444,0.444444444444444,0.225928173885438,5
481,21,5,"random","skewed","random","dynamic",0.427447112967475,0,0.572552887032525,0.572552887032525,0.225928173885438,5
481,21,5,"random","skewed","random","calendar",0.427447112967475,0,0.572552887032525,0.572552887032525,0.225928173885438,5
481,21,5,"random","skewed","random","stacked",0.551174916829482,0,0.448825083170518,0.448825083170518,0.207776336841245,5
482,21,5,"random","skewed","random","simple",0.147859922178988,0.852140077821012,0,0.852140077821012,0.84833027763666,5
482,21,5,"random","skewed","random","group",0.277777777777778,0.722222222222222,0,0.722222222222222,0.84833027763666,5
482,21,5,"random","skewed","random","dynamic",0.127269426289034,0.872730573710966,0,0.872730573710966,0.84833027763666,5
482,21,5,"random","skewed","random","calendar",0.127269426289034,0.872730573710966,0,0.872730573710966,0.84833027763666,5
482,21,5,"random","skewed","random","stacked",0.324766740806554,0.675233259193446,0,0.675233259193446,0.384174999142706,5
483,21,5,"random","skewed","random","simple",0.37037037037037,0.62962962962963,0,0.62962962962963,0.570742777277959,5
483,21,5,"random","skewed","random","group",0.555555555555556,0.444444444444444,0,0.444444444444444,0.570742777277959,5
483,21,5,"random","skewed","random","dynamic",0.292328394404519,0.707671605595481,0,0.707671605595481,0.570742777277959,5
483,21,5,"random","skewed","random","calendar",0.292328394404519,0.707671605595481,0,0.707671605595481,0.570742777277959,5
483,21,5,"random","skewed","random","stacked",0.632664842758684,0.367335157241316,0,0.367335157241316,0.524887363545659,5
484,21,5,"random","skewed","random","simple",0.727891156462585,0.272108843537415,0,0.272108843537415,0.517509584468528,5
484,21,5,"random","skewed","random","group",0.722222222222222,0.277777777777778,0,0.277777777777778,0.517509584468528,5
484,21,5,"random","skewed","random","dynamic",0.753307252388135,0.246692747611865,0,0.246692747611865,0.517509584468528,5
484,21,5,"random","skewed","random","calendar",0.753307252388135,0.246692747611865,0,0.246692747611865,0.517509584468528,5
484,21,5,"random","skewed","random","stacked",0.612819183904306,0.387180816095694,0,0.387180816095694,0.490220783522322,5
485,21,5,"random","skewed","random","simple",1,0,0,0,NA,5
485,21,5,"random","skewed","random","group",1,0,0,0,NA,5
485,21,5,"random","skewed","random","dynamic",1,0,0,0,NA,5
485,21,5,"random","skewed","random","calendar",1,0,0,0,NA,5
485,21,5,"random","skewed","random","stacked",1,0,0,0,NA,5
486,21,5,"random","skewed","random","simple",0.0883534136546185,0.911646586345382,0,0.301204819277108,1.5313674842078,5
486,21,5,"random","skewed","random","group",0.277777777777778,0.722222222222222,0,0.277777777777778,1.5313674842078,5
486,21,5,"random","skewed","random","dynamic",0.0689929480564156,0.931007051943584,0,0.277107975443889,1.5313674842078,5
486,21,5,"random","skewed","random","calendar",0.0689929480564156,0.931007051943584,0,0.277107975443889,1.5313674842078,5
486,21,5,"random","skewed","random","stacked",0.314347841251661,0.685652158748339,0,0.409870742286077,0.384174999142706,5
487,21,5,"random","skewed","random","simple",0.188461538461538,0.811538461538462,0,0.811538461538462,0.570742777277959,5
487,21,5,"random","skewed","random","group",0.277777777777778,0.722222222222222,0,0.722222222222222,0.570742777277959,5
487,21,5,"random","skewed","random","dynamic",0.171184159938485,0.828815840061515,0,0.828815840061515,0.570742777277959,5
487,21,5,"random","skewed","random","calendar",0.171184159938485,0.828815840061515,0,0.828815840061515,0.570742777277959,5
487,21,5,"random","skewed","random","stacked",0.308039758997807,0.691960241002193,0,0.691960241002193,0.524887363545659,5
488,21,5,"random","skewed","random","simple",0.466666666666667,0,0.533333333333333,0.533333333333333,0.225928173885438,5
488,21,5,"random","skewed","random","group",0.555555555555556,0,0.444444444444444,0.444444444444444,0.225928173885438,5
488,21,5,"random","skewed","random","dynamic",0.424681904319913,0,0.575318095680087,0.575318095680087,0.225928173885438,5
488,21,5,"random","skewed","random","calendar",0.424681904319913,0,0.575318095680087,0.575318095680087,0.225928173885438,5
488,21,5,"random","skewed","random","stacked",0.552636566991376,0,0.447363433008624,0.447363433008624,0.207776336841245,5
489,21,5,"random","skewed","random","simple",0.6875,0.3125,0,0,1.87680991261445,5
489,21,5,"random","skewed","random","group",0.722222222222222,0.277777777777778,0,0,1.87680991261445,5
489,21,5,"random","skewed","random","dynamic",0.690273064353947,0.309726935646053,0,0,1.87680991261445,5
489,21,5,"random","skewed","random","calendar",0.690273064353947,0.309726935646053,0,0,1.87680991261445,5
489,21,5,"random","skewed","random","stacked",0.768588891185451,0.231411108814549,0,0,1.77784383805991,5
490,21,5,"random","skewed","random","simple",0.406113537117904,0.593886462882096,0,0.593886462882096,0.570742777277959,5
490,21,5,"random","skewed","random","group",0.555555555555556,0.444444444444444,0,0.444444444444444,0.570742777277959,5
490,21,5,"random","skewed","random","dynamic",0.328216957974743,0.671783042025257,0,0.671783042025257,0.570742777277959,5
490,21,5,"random","skewed","random","calendar",0.328216957974743,0.671783042025257,0,0.671783042025257,0.570742777277959,5
490,21,5,"random","skewed","random","stacked",0.657852006301349,0.342147993698651,0,0.342147993698651,0.524887363545659,5
491,21,5,"random","skewed","random","simple",0.5,0,0.5,0.5,0.193397730187677,5
491,21,5,"random","skewed","random","group",0.555555555555556,0,0.444444444444444,0.444444444444444,0.193397730187677,5
491,21,5,"random","skewed","random","dynamic",0.471782302664656,0,0.528217697335344,0.528217697335344,0.193397730187677,5
491,21,5,"random","skewed","random","calendar",0.471782302664656,0,0.528217697335345,0.528217697335345,0.193397730187677,5
491,21,5,"random","skewed","random","stacked",0.554230032940658,0,0.445769967059342,0.445769967059342,0.177859499507055,5
492,21,5,"random","skewed","random","simple",0.225490196078431,0.774509803921569,0,0.277777777777778,1.5313674842078,5
492,21,5,"random","skewed","random","group",0.277777777777778,0.722222222222222,0,0.277777777777778,1.5313674842078,5
492,21,5,"random","skewed","random","dynamic",0.209042827657379,0.790957172342621,0,0.26372846709534,1.5313674842078,5
492,21,5,"random","skewed","random","calendar",0.209042827657379,0.790957172342621,0,0.26372846709534,1.5313674842078,5
492,21,5,"random","skewed","random","stacked",0.396107053922251,0.603892946077749,0,0.319429419928714,0.662604854918761,5
493,21,5,"random","skewed","random","simple",0.469613259668508,0,0.530386740331492,0.530386740331492,0.193397730187677,5
493,21,5,"random","skewed","random","group",0.555555555555556,0,0.444444444444444,0.444444444444444,0.193397730187677,5
493,21,5,"random","skewed","random","dynamic",0.423035025976202,0,0.576964974023798,0.576964974023798,0.193397730187677,5
493,21,5,"random","skewed","random","calendar",0.423035025976202,0,0.576964974023798,0.576964974023798,0.193397730187677,5
493,21,5,"random","skewed","random","stacked",0.545720388894749,0,0.454279611105251,0.454279611105251,0.177859499507055,5
494,21,5,"random","skewed","random","simple",0.313131313131313,0.686868686868687,0,0.686868686868687,0.570742777277959,5
494,21,5,"random","skewed","random","group",0.555555555555556,0.444444444444444,0,0.444444444444444,0.570742777277959,5
494,21,5,"random","skewed","random","dynamic",0.239035282287877,0.760964717712123,0,0.760964717712123,0.570742777277959,5
494,21,5,"random","skewed","random","calendar",0.239035282287877,0.760964717712123,0,0.760964717712123,0.570742777277959,5
494,21,5,"random","skewed","random","stacked",0.607052958496751,0.392947041503249,0,0.392947041503249,0.524887363545659,5
495,21,5,"random","skewed","random","simple",0.401574803149606,0.598425196850394,0,0,1.5313674842078,5
495,21,5,"random","skewed","random","group",0.555555555555556,0.444444444444444,0,0,1.5313674842078,5
495,21,5,"random","skewed","random","dynamic",0.332949644095155,0.667050355904845,0,0,1.5313674842078,5
495,21,5,"random","skewed","random","calendar",0.332949644095155,0.667050355904845,0,0,1.5313674842078,5
495,21,5,"random","skewed","random","stacked",0.76536116302949,0.23463883697051,0,0,1.4083322179545,5
496,21,5,"random","skewed","random","simple",0.716981132075472,0.283018867924528,0,0,1.03969471120323,5
496,21,5,"random","skewed","random","group",0.722222222222222,0.277777777777778,0,0,1.03969471120323,5
496,21,5,"random","skewed","random","dynamic",0.729308069381599,0.270691930618401,0,0,1.03969471120323,5
496,21,5,"random","skewed","random","calendar",0.729308069381599,0.270691930618401,0,0,1.03969471120323,5
496,21,5,"random","skewed","random","stacked",0.685687531668909,0.314312468331091,0,0.314312468331091,0.98487056326405,5
497,21,5,"random","skewed","random","simple",0.410138248847926,0.589861751152074,0,0.589861751152074,0.42225765384893,5
497,21,5,"random","skewed","random","group",0.555555555555556,0.444444444444444,0,0.444444444444444,0.42225765384893,5
497,21,5,"random","skewed","random","dynamic",0.326530291603821,0.673469708396179,0,0.673469708396179,0.42225765384893,5
497,21,5,"random","skewed","random","calendar",0.326530291603821,0.673469708396179,0,0.673469708396179,0.42225765384893,5
497,21,5,"random","skewed","random","stacked",0.621752059649991,0.378247940350009,0,0.378247940350009,0.388332039386984,5
498,21,5,"random","skewed","random","simple",0.70125786163522,0.29874213836478,0,0,1.87680991261445,5
498,21,5,"random","skewed","random","group",0.722222222222222,0.277777777777778,0,0,1.87680991261445,5
498,21,5,"random","skewed","random","dynamic",0.705379587732529,0.294620412267471,0,0,1.87680991261445,5
498,21,5,"random","skewed","random","calendar",0.705379587732529,0.294620412267471,0,0,1.87680991261445,5
498,21,5,"random","skewed","random","stacked",0.760431703765883,0.239568296234117,0,0,1.77784383805991,5
499,21,5,"random","skewed","random","simple",0.447004608294931,0.552995391705069,0,0.552995391705069,0.330913823440591,5
499,21,5,"random","skewed","random","group",0.555555555555556,0.444444444444444,0,0.444444444444444,0.330913823440591,5
499,21,5,"random","skewed","random","dynamic",0.381850175967823,0.618149824032177,0,0.618149824032177,0.330913823440591,5
499,21,5,"random","skewed","random","calendar",0.381850175967823,0.618149824032177,0,0.618149824032177,0.330913823440591,5
499,21,5,"random","skewed","random","stacked",0.592750469676398,0.407249530323602,0,0.407249530323602,0.304327082639462,5
500,21,5,"random","skewed","random","simple",0.149812734082397,0.850187265917603,0,0.280898876404494,1.5313674842078,5
500,21,5,"random","skewed","random","group",0.277777777777778,0.722222222222222,0,0.277777777777778,1.5313674842078,5
500,21,5,"random","skewed","random","dynamic",0.125601995184039,0.874398004815962,0,0.255335265010188,1.5313674842078,5
500,21,5,"random","skewed","random","calendar",0.125601995184039,0.874398004815961,0,0.255335265010188,1.5313674842078,5
500,21,5,"random","skewed","random","stacked",0.373884325591217,0.626115674408783,0,0.37428088419549,0.384174999142706,5
501,21,5,"random","skewed","random","simple",0.724770642201835,0.275229357798165,0,0,1.03969471120323,5
501,21,5,"random","skewed","random","group",0.722222222222222,0.277777777777778,0,0,1.03969471120323,5
501,21,5,"random","skewed","random","dynamic",0.736763134741076,0.263236865258924,0,0,1.03969471120323,5
501,21,5,"random","skewed","random","calendar",0.736763134741076,0.263236865258924,0,0,1.03969471120323,5
501,21,5,"random","skewed","random","stacked",0.685687531668909,0.314312468331091,0,0.314312468331091,0.98487056326405,5
502,21,5,"random","skewed","random","simple",0.689655172413793,0.310344827586207,0,0,1.03969471120323,5
502,21,5,"random","skewed","random","group",0.722222222222222,0.277777777777778,0,0,1.03969471120323,5
502,21,5,"random","skewed","random","dynamic",0.698686525892408,0.301313474107592,0,0,1.03969471120323,5
502,21,5,"random","skewed","random","calendar",0.698686525892408,0.301313474107592,0,0,1.03969471120323,5
502,21,5,"random","skewed","random","stacked",0.70623371863754,0.29376628136246,0,0.29376628136246,0.98487056326405,5
503,21,5,"random","skewed","random","simple",1,0,0,0,NA,5
503,21,5,"random","skewed","random","group",1,0,0,0,NA,5
503,21,5,"random","skewed","random","dynamic",1,0,0,0,NA,5
503,21,5,"random","skewed","random","calendar",1,0,0,0,NA,5
503,21,5,"random","skewed","random","stacked",1,0,0,0,NA,5
504,21,5,"random","skewed","random","simple",0.408695652173913,0.591304347826087,0,0.591304347826087,0.570742777277959,5
504,21,5,"random","skewed","random","group",0.555555555555556,0.444444444444444,0,0.444444444444444,0.570742777277959,5
504,21,5,"random","skewed","random","dynamic",0.331736314435276,0.668263685564724,0,0.668263685564724,0.570742777277959,5
504,21,5,"random","skewed","random","calendar",0.331736314435276,0.668263685564724,0,0.668263685564724,0.570742777277959,5
504,21,5,"random","skewed","random","stacked",0.654337185146394,0.345662814853606,0,0.345662814853606,0.524887363545659,5
505,21,5,"random","skewed","random","simple",0.697452229299363,0.302547770700637,0,0,1.87680991261445,5
505,21,5,"random","skewed","random","group",0.722222222222222,0.277777777777778,0,0,1.87680991261445,5
505,21,5,"random","skewed","random","dynamic",0.698953619909502,0.301046380090498,0,0,1.87680991261445,5
505,21,5,"random","skewed","random","calendar",0.698953619909502,0.301046380090498,0,0,1.87680991261445,5
505,21,5,"random","skewed","random","stacked",0.784427265602071,0.215572734397929,0,0,1.77784383805991,5
506,21,5,"random","skewed","random","simple",0.564814814814815,0.435185185185185,0,0.157407407407407,1.03969471120323,5
506,21,5,"random","skewed","random","group",0.555555555555556,0.444444444444444,0,0.166666666666667,1.03969471120323,5
506,21,5,"random","skewed","random","dynamic",0.587958773252891,0.412041226747109,0,0.147303921568627,1.03969471120323,5
506,21,5,"random","skewed","random","calendar",0.587958773252891,0.412041226747109,0,0.147303921568627,1.03969471120323,5
506,21,5,"random","skewed","random","stacked",0.441090461959328,0.558909538040672,0,0.558909538040672,0.98487056326405,5
507,21,5,"random","skewed","random","simple",0.393364928909953,0.606635071090047,0,0.606635071090047,0.42225765384893,5
507,21,5,"random","skewed","random","group",0.555555555555556,0.444444444444444,0,0.444444444444444,0.42225765384893,5
507,21,5,"random","skewed","random","dynamic",0.316113624937154,0.683886375062846,0,0.683886375062846,0.42225765384893,5
507,21,5,"random","skewed","random","calendar",0.316113624937154,0.683886375062846,0,0.683886375062846,0.42225765384893,5
507,21,5,"random","skewed","random","stacked",0.604775451735287,0.395224548264713,0,0.395224548264713,0.388332039386984,5
508,21,5,"random","skewed","random","simple",0.207357859531773,0.792642140468227,0,0.284280936454849,1.5313674842078,5
508,21,5,"random","skewed","random","group",0.277777777777778,0.722222222222222,0,0.277777777777778,1.5313674842078,5
508,21,5,"random","skewed","random","dynamic",0.183071035431717,0.816928964568284,0,0.273717617951364,1.5313674842078,5
508,21,5,"random","skewed","random","calendar",0.183071035431717,0.816928964568283,0,0.273717617951364,1.5313674842078,5
508,21,5,"random","skewed","random","stacked",0.45285630974151,0.54714369025849,0,0.289411877936431,0.662604854918761,5
509,21,5,"random","skewed","random","simple",1,0,0,0,NA,5
509,21,5,"random","skewed","random","group",1,0,0,0,NA,5
509,21,5,"random","skewed","random","dynamic",1,0,0,0,NA,5
509,21,5,"random","skewed","random","calendar",1,0,0,0,NA,5
509,21,5,"random","skewed","random","stacked",1,0,0,0,NA,5
510,21,5,"random","skewed","random","simple",0.190812720848057,0.809187279151943,0,0.809187279151943,0.84833027763666,5
510,21,5,"random","skewed","random","group",0.277777777777778,0.722222222222222,0,0.722222222222222,0.84833027763666,5
510,21,5,"random","skewed","random","dynamic",0.177401053013798,0.822598946986202,0,0.822598946986202,0.84833027763666,5
510,21,5,"random","skewed","random","calendar",0.177401053013798,0.822598946986202,0,0.822598946986202,0.84833027763666,5
510,21,5,"random","skewed","random","stacked",0.355832974805475,0.644167025194525,0,0.644167025194525,0.780172541067144,5
511,21,5,"random","skewed","random","simple",0.379310344827586,0.620689655172414,0,0.620689655172414,0.84833027763666,5
511,21,5,"random","skewed","random","group",0.555555555555556,0.444444444444444,0,0.444444444444444,0.84833027763666,5
511,21,5,"random","skewed","random","dynamic",0.300304452265237,0.699695547734763,0,0.699695547734763,0.84833027763666,5
511,21,5,"random","skewed","random","calendar",0.300304452265237,0.699695547734763,0,0.699695547734763,0.84833027763666,5
511,21,5,"random","skewed","random","stacked",0.701596623193906,0.298403376806094,0,0.298403376806094,0.780172541067144,5
512,21,5,"random","skewed","random","simple",0.72972972972973,0.27027027027027,0,0.27027027027027,0.517509584468528,5
512,21,5,"random","skewed","random","group",0.722222222222222,0.277777777777778,0,0.277777777777778,0.517509584468528,5
512,21,5,"random","skewed","random","dynamic",0.753040158371041,0.246959841628959,0,0.246959841628959,0.517509584468528,5
512,21,5,"random","skewed","random","calendar",0.753040158371041,0.246959841628959,0,0.246959841628959,0.517509584468528,5
512,21,5,"random","skewed","random","stacked",0.637485886275888,0.362514113724112,0,0.362514113724112,0.490220783522322,5
513,21,5,"random","skewed","random","simple",0.449392712550607,0.550607287449393,0,0.550607287449393,0.570742777277959,5
513,21,5,"random","skewed","random","group",0.555555555555556,0.444444444444444,0,0.444444444444444,0.570742777277959,5
513,21,5,"random","skewed","random","dynamic",0.402877591458906,0.597122408541094,0,0.597122408541094,0.570742777277959,5
513,21,5,"random","skewed","random","calendar",0.402877591458906,0.597122408541094,0,0.597122408541094,0.570742777277959,5
513,21,5,"random","skewed","random","stacked",0.64577666891307,0.35422333108693,0,0.35422333108693,0.524887363545659,5
514,21,5,"random","skewed","random","simple",0.458333333333333,0,0.541666666666667,0.541666666666667,0.225928173885438,5
514,21,5,"random","skewed","random","group",0.555555555555556,0,0.444444444444444,0.444444444444444,0.225928173885438,5
514,21,5,"random","skewed","random","dynamic",0.416057547279267,0,0.583942452720733,0.583942452720733,0.225928173885438,5
514,21,5,"random","skewed","random","calendar",0.416057547279267,0,0.583942452720733,0.583942452720733,0.225928173885438,5
514,21,5,"random","skewed","random","stacked",0.548725462640792,0,0.451274537359208,0.451274537359208,0.207776336841245,5
515,21,5,"random","skewed","random","simple",0.432835820895522,0.567164179104478,0,0,1.5313674842078,5
515,21,5,"random","skewed","random","group",0.555555555555556,0.444444444444444,0,0,1.5313674842078,5
515,21,5,"random","skewed","random","dynamic",0.36946627503903,0.63053372496097,0,0,1.5313674842078,5
515,21,5,"random","skewed","random","calendar",0.36946627503903,0.63053372496097,0,0,1.5313674842078,5
515,21,5,"random","skewed","random","stacked",0.768631993344875,0.231368006655125,0,0,1.4083322179545,5
516,21,5,"random","skewed","random","simple",1,0,0,0,NA,5
516,21,5,"random","skewed","random","group",1,0,0,0,NA,5
516,21,5,"random","skewed","random","dynamic",1,0,0,0,NA,5
516,21,5,"random","skewed","random","calendar",1,0,0,0,NA,5
516,21,5,"random","skewed","random","stacked",1,0,0,0,NA,5
517,21,5,"random","skewed","random","simple",0.478260869565217,0,0.521739130434783,0.521739130434783,0.193397730187677,5
517,21,5,"random","skewed","random","group",0.555555555555556,0,0.444444444444444,0.444444444444444,0.193397730187677,5
517,21,5,"random","skewed","random","dynamic",0.451001340707223,0,0.548998659292777,0.548998659292777,0.193397730187677,5
517,21,5,"random","skewed","random","calendar",0.451001340707223,0,0.548998659292777,0.548998659292777,0.193397730187677,5
517,21,5,"random","skewed","random","stacked",0.537372086624098,0,0.462627913375902,0.462627913375902,0.177859499507055,5
518,21,5,"random","skewed","random","simple",0.454545454545455,0.545454545454546,0,0.545454545454546,0.330913823440591,5
518,21,5,"random","skewed","random","group",0.555555555555556,0.444444444444444,0,0.444444444444444,0.330913823440591,5
518,21,5,"random","skewed","random","dynamic",0.403569632981398,0.596430367018602,0,0.596430367018602,0.330913823440591,5
518,21,5,"random","skewed","random","calendar",0.403569632981398,0.596430367018602,0,0.596430367018602,0.330913823440591,5
518,21,5,"random","skewed","random","stacked",0.588059041334491,0.411940958665509,0,0.411940958665509,0.304327082639462,5
519,21,5,"random","skewed","random","simple",0.442622950819672,0.557377049180328,0,0.557377049180328,0.570742777277959,5
519,21,5,"random","skewed","random","group",0.555555555555556,0.444444444444444,0,0.444444444444444,0.570742777277959,5
519,21,5,"random","skewed","random","dynamic",0.38531038358028,0.61468961641972,0,0.61468961641972,0.570742777277959,5
519,21,5,"random","skewed","random","calendar",0.38531038358028,0.61468961641972,0,0.61468961641972,0.570742777277959,5
519,21,5,"random","skewed","random","stacked",0.650789454167136,0.349210545832864,0,0.349210545832864,0.524887363545659,5
520,21,5,"random","skewed","random","simple",0.161048689138577,0.838951310861423,0,0.838951310861423,0.84833027763666,5
520,21,5,"random","skewed","random","group",0.277777777777778,0.722222222222222,0,0.722222222222222,0.84833027763666,5
520,21,5,"random","skewed","random","dynamic",0.140840595497458,0.859159404502542,0,0.859159404502542,0.84833027763666,5
520,21,5,"random","skewed","random","calendar",0.140840595497458,0.859159404502542,0,0.859159404502542,0.84833027763666,5
520,21,5,"random","skewed","random","stacked",0.356303646134647,0.643696353865353,0,0.643696353865353,0.780172541067144,5
521,21,5,"random","skewed","random","simple",0.716981132075472,0.283018867924528,0,0.283018867924528,0.405560618505449,5
521,21,5,"random","skewed","random","group",0.722222222222222,0.277777777777778,0,0.277777777777778,0.405560618505449,5
521,21,5,"random","skewed","random","dynamic",0.745797197083962,0.254202802916038,0,0.254202802916038,0.405560618505449,5
521,21,5,"random","skewed","random","calendar",0.745797197083962,0.254202802916038,0,0.254202802916038,0.405560618505449,5
521,21,5,"random","skewed","random","stacked",0.560004158503956,0.439995841496044,0,0.439995841496044,0.384174999142706,5
522,21,5,"random","skewed","random","simple",1,0,0,0,NA,5
522,21,5,"random","skewed","random","group",1,0,0,0,NA,5
522,21,5,"random","skewed","random","dynamic",1,0,0,0,NA,5
522,21,5,"random","skewed","random","calendar",1,0,0,0,NA,5
522,21,5,"random","skewed","random","stacked",1,0,0,0,NA,5
523,21,5,"random","skewed","random","simple",0.298969072164949,0.701030927835052,0,0.701030927835052,0.570742777277959,5
523,21,5,"random","skewed","random","group",0.555555555555556,0.444444444444444,0,0.444444444444444,0.570742777277959,5
523,21,5,"random","skewed","random","dynamic",0.21993020435927,0.78006979564073,0,0.78006979564073,0.570742777277959,5
523,21,5,"random","skewed","random","calendar",0.21993020435927,0.78006979564073,0,0.78006979564073,0.570742777277959,5
523,21,5,"random","skewed","random","stacked",0.601830183419815,0.398169816580185,0,0.398169816580185,0.524887363545659,5
524,21,5,"random","skewed","random","simple",0.382113821138211,0.617886178861789,0,0,1.5313674842078,5
524,21,5,"random","skewed","random","group",0.555555555555556,0.444444444444444,0,0,1.5313674842078,5
524,21,5,"random","skewed","random","dynamic",0.309663676536742,0.690336323463258,0,0,1.5313674842078,5
524,21,5,"random","skewed","random","calendar",0.309663676536742,0.690336323463258,0,0,1.5313674842078,5
524,21,5,"random","skewed","random","stacked",0.757399211703026,0.242600788296974,0,0,1.4083322179545,5
525,21,5,"random","skewed","random","simple",0.542944785276074,0.457055214723926,0,0,1.87680991261445,5
525,21,5,"random","skewed","random","group",0.555555555555556,0.444444444444444,0,0,1.87680991261445,5
525,21,5,"random","skewed","random","dynamic",0.554788838612368,0.445211161387632,0,0,1.87680991261445,5
525,21,5,"random","skewed","random","calendar",0.554788838612368,0.445211161387632,0,0,1.87680991261445,5
525,21,5,"random","skewed","random","stacked",0.505612381908408,0.494387618091592,0,0,1.77784383805991,5
526,21,5,"random","skewed","random","simple",0.460674157303371,0.539325842696629,0,0.539325842696629,0.84833027763666,5
526,21,5,"random","skewed","random","group",0.555555555555556,0.444444444444444,0,0.444444444444444,0.84833027763666,5
526,21,5,"random","skewed","random","dynamic",0.402393721021172,0.597606278978828,0,0.597606278978828,0.84833027763666,5
526,21,5,"random","skewed","random","calendar",0.402393721021172,0.597606278978828,0,0.597606278978828,0.84833027763666,5
526,21,5,"random","skewed","random","stacked",0.704947846101663,0.295052153898337,0,0.295052153898337,0.780172541067144,5
527,21,5,"random","skewed","random","simple",0.418181818181818,0.581818181818182,0,0.581818181818182,0.42225765384893,5
527,21,5,"random","skewed","random","group",0.555555555555556,0.444444444444444,0,0.444444444444444,0.42225765384893,5
527,21,5,"random","skewed","random","dynamic",0.331432252388135,0.668567747611865,0,0.668567747611865,0.42225765384893,5
527,21,5,"random","skewed","random","calendar",0.331432252388135,0.668567747611865,0,0.668567747611865,0.42225765384893,5
527,21,5,"random","skewed","random","stacked",0.628402772994222,0.371597227005778,0,0.371597227005778,0.388332039386984,5
528,21,5,"random","skewed","random","simple",0.224358974358974,0.775641025641026,0,0,1.5313674842078,5
528,21,5,"random","skewed","random","group",0.277777777777778,0.722222222222222,0,0,1.5313674842078,5
528,21,5,"random","skewed","random","dynamic",0.210719814241486,0.789280185758514,0,0,1.5313674842078,5
528,21,5,"random","skewed","random","calendar",0.210719814241486,0.789280185758514,0,0,1.5313674842078,5
528,21,5,"random","skewed","random","stacked",0.442042767521882,0.557957232478118,0,0.263011675898805,1.4083322179545,5
529,21,5,"random","skewed","random","simple",0.36,0.64,0,0.64,0.84833027763666,5
529,21,5,"random","skewed","random","group",0.555555555555556,0.444444444444444,0,0.444444444444444,0.84833027763666,5
529,21,5,"random","skewed","random","dynamic",0.274160661415563,0.725839338584437,0,0.725839338584437,0.84833027763666,5
529,21,5,"random","skewed","random","calendar",0.274160661415563,0.725839338584437,0,0.725839338584437,0.84833027763666,5
529,21,5,"random","skewed","random","stacked",0.699932936831788,0.300067063168212,0,0.300067063168212,0.780172541067144,5
530,21,5,"random","skewed","random","simple",0.456603773584906,0.543396226415094,0,0.543396226415094,0.84833027763666,5
530,21,5,"random","skewed","random","group",0.555555555555556,0.444444444444444,0,0.444444444444444,0.84833027763666,5
530,21,5,"random","skewed","random","dynamic",0.399670409474331,0.600329590525669,0,0.600329590525669,0.84833027763666,5
530,21,5,"random","skewed","random","calendar",0.399670409474331,0.600329590525669,0,0.600329590525669,0.84833027763666,5
530,21,5,"random","skewed","random","stacked",0.700403702176569,0.299596297823431,0,0.299596297823431,0.780172541067144,5
531,21,5,"random","skewed","random","simple",0.44954128440367,0.55045871559633,0,0.55045871559633,0.330913823440591,5
531,21,5,"random","skewed","random","group",0.555555555555556,0.444444444444444,0,0.444444444444444,0.330913823440591,5
531,21,5,"random","skewed","random","dynamic",0.411865258924082,0.588134741075917,0,0.588134741075917,0.330913823440591,5
531,21,5,"random","skewed","random","calendar",0.411865258924082,0.588134741075918,0,0.588134741075918,0.330913823440591,5
531,21,5,"random","skewed","random","stacked",0.576855504755319,0.423144495244682,0,0.423144495244682,0.304327082639462,5
532,21,5,"random","skewed","random","simple",0.225490196078431,0.774509803921569,0,0.277777777777778,1.5313674842078,5
532,21,5,"random","skewed","random","group",0.277777777777778,0.722222222222222,0,0.277777777777778,1.5313674842078,5
532,21,5,"random","skewed","random","dynamic",0.205323357413141,0.794676642586859,0,0.265159032573893,1.5313674842078,5
532,21,5,"random","skewed","random","calendar",0.205323357413141,0.794676642586859,0,0.265159032573893,1.5313674842078,5
532,21,5,"random","skewed","random","stacked",0.430491610414073,0.569508389585927,0,0.301241694759831,0.662604854918761,5
533,21,5,"random","skewed","random","simple",0.185185185185185,0.814814814814815,0,0,1.5313674842078,5
533,21,5,"random","skewed","random","group",0.277777777777778,0.722222222222222,0,0,1.5313674842078,5
533,21,5,"random","skewed","random","dynamic",0.172063123495012,0.827936876504988,0,0,1.5313674842078,5
533,21,5,"random","skewed","random","calendar",0.172063123495012,0.827936876504988,0,0,1.5313674842078,5
533,21,5,"random","skewed","random","stacked",0.428566170178992,0.571433829821008,0,0.269364317725534,1.4083322179545,5
534,21,5,"random","skewed","random","simple",0.446808510638298,0,0.553191489361702,0.553191489361702,0.225928173885438,5
534,21,5,"random","skewed","random","group",0.555555555555556,0,0.444444444444444,0.444444444444444,0.225928173885438,5
534,21,5,"random","skewed","random","dynamic",0.391325366438489,0,0.608674633561511,0.608674633561511,0.225928173885438,5
534,21,5,"random","skewed","random","calendar",0.391325366438489,0,0.608674633561511,0.608674633561511,0.225928173885438,5
534,21,5,"random","skewed","random","stacked",0.543215280010316,0,0.456784719989684,0.456784719989684,0.207776336841245,5
535,21,5,"random","skewed","random","simple",0.298245614035088,0.701754385964912,0,0.701754385964912,0.330913823440591,5
535,21,5,"random","skewed","random","group",0.555555555555556,0.444444444444444,0,0.444444444444444,0.330913823440591,5
535,21,5,"random","skewed","random","dynamic",0.217881682587565,0.782118317412435,0,0.782118317412435,0.330913823440591,5
535,21,5,"random","skewed","random","calendar",0.217881682587565,0.782118317412435,0,0.782118317412435,0.330913823440591,5
535,21,5,"random","skewed","random","stacked",0.517439078249006,0.482560921750993,0,0.482560921750993,0.304327082639462,5
536,21,5,"random","skewed","random","simple",0.424,0.576,0,0.576,0.84833027763666,5
536,21,5,"random","skewed","random","group",0.555555555555556,0.444444444444444,0,0.444444444444444,0.84833027763666,5
536,21,5,"random","skewed","random","dynamic",0.359127981677001,0.640872018322999,0,0.640872018322999,0.84833027763666,5
536,21,5,"random","skewed","random","calendar",0.359127981677001,0.640872018322999,0,0.640872018322999,0.84833027763666,5
536,21,5,"random","skewed","random","stacked",0.702863024633615,0.297136975366385,0,0.297136975366385,0.780172541067144,5
537,21,5,"random","skewed","random","simple",0.34841628959276,0.65158371040724,0,0.65158371040724,0.84833027763666,5
537,21,5,"random","skewed","random","group",0.555555555555556,0.444444444444444,0,0.444444444444444,0.84833027763666,5
537,21,5,"random","skewed","random","dynamic",0.269677671638456,0.730322328361544,0,0.730322328361544,0.84833027763666,5
537,21,5,"random","skewed","random","calendar",0.269677671638456,0.730322328361544,0,0.730322328361544,0.84833027763666,5
537,21,5,"random","skewed","random","stacked",0.681616853446837,0.318383146553163,0,0.318383146553163,0.780172541067144,5
538,21,5,"random","skewed","random","simple",0.702970297029703,0.297029702970297,0,0,1.03969471120323,5
538,21,5,"random","skewed","random","group",0.722222222222222,0.277777777777778,0,0,1.03969471120323,5
538,21,5,"random","skewed","random","dynamic",0.714028720462544,0.285971279537456,0,0,1.03969471120323,5
538,21,5,"random","skewed","random","calendar",0.714028720462544,0.285971279537456,0,0,1.03969471120323,5
538,21,5,"random","skewed","random","stacked",0.696984778630445,0.303015221369555,0,0.303015221369555,0.98487056326405,5
539,21,5,"random","skewed","random","simple",0.423728813559322,0.576271186440678,0,0.576271186440678,0.570742777277959,5
539,21,5,"random","skewed","random","group",0.555555555555556,0.444444444444444,0,0.444444444444444,0.570742777277959,5
539,21,5,"random","skewed","random","dynamic",0.368852216603082,0.631147783396918,0,0.631147783396918,0.570742777277959,5
539,21,5,"random","skewed","random","calendar",0.368852216603082,0.631147783396918,0,0.631147783396918,0.570742777277959,5
539,21,5,"random","skewed","random","stacked",0.640064471266913,0.359935528733087,0,0.359935528733087,0.524887363545659,5
540,21,5,"random","skewed","random","simple",0.215613382899628,0.784386617100372,0,0.784386617100372,0.570742777277959,5
540,21,5,"random","skewed","random","group",0.277777777777778,0.722222222222222,0,0.722222222222222,0.570742777277959,5
540,21,5,"random","skewed","random","dynamic",0.194300269127259,0.805699730872741,0,0.805699730872741,0.570742777277959,5
540,21,5,"random","skewed","random","calendar",0.194300269127259,0.805699730872741,0,0.805699730872741,0.570742777277959,5
540,21,5,"random","skewed","random","stacked",0.347406025933277,0.652593974066723,0,0.652593974066723,0.524887363545659,5
541,21,5,"random","skewed","random","simple",0.5,0,0.5,0.5,0.269611852350941,5
541,21,5,"random","skewed","random","group",0.555555555555556,0,0.444444444444444,0.444444444444444,0.269611852350941,5
541,21,5,"random","skewed","random","dynamic",0.47581340228399,0,0.52418659771601,0.52418659771601,0.269611852350941,5
541,21,5,"random","skewed","random","calendar",0.47581340228399,0,0.52418659771601,0.52418659771601,0.269611852350941,5
541,21,5,"random","skewed","random","stacked",0.572551500001864,0,0.427448499998136,0.427448499998136,0.247950320170634,5
542,21,5,"random","skewed","random","simple",0.116731517509728,0.883268482490272,0,0.291828793774319,1.5313674842078,5
542,21,5,"random","skewed","random","group",0.277777777777778,0.722222222222222,0,0.277777777777778,1.5313674842078,5
542,21,5,"random","skewed","random","dynamic",0.0937607499140007,0.906239250085999,0,0.267581897806356,1.5313674842078,5
542,21,5,"random","skewed","random","calendar",0.0937607499140007,0.906239250085999,0,0.267581897806356,1.5313674842078,5
542,21,5,"random","skewed","random","stacked",0.354477715808512,0.645522284191488,0,0.385881812531243,0.384174999142706,5
543,21,5,"random","skewed","random","simple",0.25,0,0.75,0.75,0.193397730187677,5
543,21,5,"random","skewed","random","group",0.555555555555556,0,0.444444444444444,0.444444444444444,0.193397730187677,5
543,21,5,"random","skewed","random","dynamic",0.164131892073069,0,0.835868107926931,0.835868107926931,0.193397730187677,5
543,21,5,"random","skewed","random","calendar",0.164131892073069,0,0.835868107926931,0.835868107926931,0.193397730187677,5
543,21,5,"random","skewed","random","stacked",0.394535333118938,0,0.605464666881062,0.605464666881062,0.177859499507055,5
544,21,5,"random","skewed","random","simple",1,0,0,0,NA,5
544,21,5,"random","skewed","random","group",1,0,0,0,NA,5
544,21,5,"random","skewed","random","dynamic",1,0,0,0,NA,5
544,21,5,"random","skewed","random","calendar",1,0,0,0,NA,5
544,21,5,"random","skewed","random","stacked",1,0,0,0,NA,5
545,21,5,"random","skewed","random","simple",0.562874251497006,0.437125748502994,0,0.152694610778443,1.87680991261445,5
545,21,5,"random","skewed","random","group",0.555555555555556,0.444444444444444,0,0.166666666666667,1.87680991261445,5
545,21,5,"random","skewed","random","dynamic",0.575754147812972,0.424245852187029,0,0.144669117647059,1.87680991261445,5
545,21,5,"random","skewed","random","calendar",0.575754147812972,0.424245852187029,0,0.144669117647059,1.87680991261445,5
545,21,5,"random","skewed","random","stacked",0.468922830370426,0.531077169629574,0,0.275329926630785,0.854271745308325,5
546,21,5,"random","skewed","random","simple",0.492063492063492,0.507936507936508,0,0.507936507936508,0.42225765384893,5
546,21,5,"random","skewed","random","group",0.555555555555556,0.444444444444444,0,0.444444444444444,0.42225765384893,5
546,21,5,"random","skewed","random","dynamic",0.456840749120161,0.543159250879839,0,0.543159250879839,0.42225765384893,5
546,21,5,"random","skewed","random","calendar",0.456840749120161,0.543159250879839,0,0.543159250879839,0.42225765384893,5
546,21,5,"random","skewed","random","stacked",0.609246148633012,0.390753851366988,0,0.390753851366988,0.388332039386984,5
547,21,5,"random","skewed","random","simple",1,0,0,0,NA,5
547,21,5,"random","skewed","random","group",1,0,0,0,NA,5
547,21,5,"random","skewed","random","dynamic",1,0,0,0,NA,5
547,21,5,"random","skewed","random","calendar",1,0,0,0,NA,5
547,21,5,"random","skewed","random","stacked",1,0,0,0,NA,5
548,21,5,"random","skewed","random","simple",0.178988326848249,0.821011673151751,0,0.821011673151751,0.570742777277959,5
548,21,5,"random","skewed","random","group",0.277777777777778,0.722222222222222,0,0.722222222222222,0.570742777277959,5
548,21,5,"random","skewed","random","dynamic",0.156310073048827,0.843689926951173,0,0.843689926951173,0.570742777277959,5
548,21,5,"random","skewed","random","calendar",0.156310073048827,0.843689926951173,0,0.843689926951173,0.570742777277959,5
548,21,5,"random","skewed","random","stacked",0.342162880205826,0.657837119794174,0,0.657837119794174,0.524887363545659,5
549,21,5,"random","skewed","random","simple",0.71264367816092,0.28735632183908,0,0.28735632183908,0.405560618505449,5
549,21,5,"random","skewed","random","group",0.722222222222222,0.277777777777778,0,0.277777777777778,0.405560618505449,5
549,21,5,"random","skewed","random","dynamic",0.741272310206134,0.258727689793866,0,0.258727689793866,0.405560618505449,5
549,21,5,"random","skewed","random","calendar",0.741272310206134,0.258727689793866,0,0.258727689793866,0.405560618505449,5
549,21,5,"random","skewed","random","stacked",0.546656072465391,0.453343927534609,0,0.453343927534609,0.384174999142706,5
550,21,5,"random","skewed","random","simple",1,0,0,0,NA,5
550,21,5,"random","skewed","random","group",1,0,0,0,NA,5
550,21,5,"random","skewed","random","dynamic",1,0,0,0,NA,5
550,21,5,"random","skewed","random","calendar",1,0,0,0,NA,5
550,21,5,"random","skewed","random","stacked",1,0,0,0,NA,5
551,21,5,"random","skewed","random","simple",0.474903474903475,0.525096525096525,0,0.525096525096525,0.570742777277959,5
551,21,5,"random","skewed","random","group",0.555555555555556,0.444444444444444,0,0.444444444444444,0.570742777277959,5
551,21,5,"random","skewed","random","dynamic",0.42606393990477,0.57393606009523,0,0.57393606009523,0.570742777277959,5
551,21,5,"random","skewed","random","calendar",0.42606393990477,0.57393606009523,0,0.57393606009523,0.570742777277959,5
551,21,5,"random","skewed","random","stacked",0.654854731538112,0.345145268461888,0,0.345145268461888,0.524887363545659,5
552,21,5,"random","skewed","random","simple",0.695512820512821,0.30448717948718,0,0,1.87680991261445,5
552,21,5,"random","skewed","random","group",0.722222222222222,0.277777777777778,0,0,1.87680991261445,5
552,21,5,"random","skewed","random","dynamic",0.699322838109603,0.300677161890397,0,0,1.87680991261445,5
552,21,5,"random","skewed","random","calendar",0.699322838109603,0.300677161890397,0,0,1.87680991261445,5
552,21,5,"random","skewed","random","stacked",0.760407209595986,0.239592790404014,0,0,1.77784383805991,5
553,21,5,"random","skewed","random","simple",0.185185185185185,0.814814814814815,0,0,1.5313674842078,5
553,21,5,"random","skewed","random","group",0.277777777777778,0.722222222222222,0,0,1.5313674842078,5
553,21,5,"random","skewed","random","dynamic",0.163699690402477,0.836300309597523,0,0,1.5313674842078,5
553,21,5,"random","skewed","random","calendar",0.163699690402477,0.836300309597523,0,0,1.5313674842078,5
553,21,5,"random","skewed","random","stacked",0.487134906832228,0.512865093167772,0,0.241755998152318,1.4083322179545,5
554,21,5,"random","skewed","random","simple",1,0,0,0,NA,5
554,21,5,"random","skewed","random","group",1,0,0,0,NA,5
554,21,5,"random","skewed","random","dynamic",1,0,0,0,NA,5
554,21,5,"random","skewed","random","calendar",1,0,0,0,NA,5
554,21,5,"random","skewed","random","stacked",1,0,0,0,NA,5
555,21,5,"random","skewed","random","simple",0.568807339449541,0.431192660550459,0,0.155963302752294,1.03969471120323,5
555,21,5,"random","skewed","random","group",0.555555555555556,0.444444444444444,0,0.166666666666667,1.03969471120323,5
555,21,5,"random","skewed","random","dynamic",0.592370537958773,0.407629462041227,0,0.145649509803922,1.03969471120323,5
555,21,5,"random","skewed","random","calendar",0.592370537958773,0.407629462041227,0,0.145649509803922,1.03969471120323,5
555,21,5,"random","skewed","random","stacked",0.424742273175734,0.575257726824266,0,0.575257726824266,0.98487056326405,5
556,21,5,"random","skewed","random","simple",0.469387755102041,0,0.530612244897959,0.530612244897959,0.225928173885438,5
556,21,5,"random","skewed","random","group",0.555555555555556,0,0.444444444444444,0.444444444444444,0.225928173885438,5
556,21,5,"random","skewed","random","dynamic",0.427195730363151,0,0.572804269636849,0.572804269636849,0.225928173885438,5
556,21,5,"random","skewed","random","calendar",0.427195730363151,0,0.572804269636849,0.572804269636849,0.225928173885438,5
556,21,5,"random","skewed","random","stacked",0.553605722967365,0,0.446394277032635,0.446394277032635,0.207776336841245,5
557,21,5,"random","skewed","random","simple",1,0,0,0,NA,5
557,21,5,"random","skewed","random","group",1,0,0,0,NA,5
557,21,5,"random","skewed","random","dynamic",1,0,0,0,NA,5
557,21,5,"random","skewed","random","calendar",1,0,0,0,NA,5
557,21,5,"random","skewed","random","stacked",1,0,0,0,NA,5
558,21,5,"random","skewed","random","simple",0.459915611814346,0.540084388185654,0,0.540084388185654,0.42225765384893,5
558,21,5,"random","skewed","random","group",0.555555555555556,0.444444444444444,0,0.444444444444444,0.42225765384893,5
558,21,5,"random","skewed","random","dynamic",0.428387380593263,0.571612619406737,0,0.571612619406737,0.42225765384893,5
558,21,5,"random","skewed","random","calendar",0.428387380593263,0.571612619406737,0,0.571612619406737,0.42225765384893,5
558,21,5,"random","skewed","random","stacked",0.578029888398761,0.421970111601239,0,0.421970111601239,0.388332039386984,5
559,21,5,"random","skewed","random","simple",0.376146788990826,0.623853211009174,0,0.623853211009174,0.570742777277959,5
559,21,5,"random","skewed","random","group",0.555555555555556,0.444444444444444,0,0.444444444444444,0.570742777277959,5
559,21,5,"random","skewed","random","dynamic",0.318945376038802,0.681054623961198,0,0.681054623961198,0.570742777277959,5
559,21,5,"random","skewed","random","calendar",0.318945376038802,0.681054623961198,0,0.681054623961198,0.570742777277959,5
559,21,5,"random","skewed","random","stacked",0.620293156172889,0.379706843827111,0,0.379706843827111,0.524887363545659,5
560,21,5,"random","skewed","random","simple",0.540123456790123,0.459876543209877,0,0,1.87680991261445,5
560,21,5,"random","skewed","random","group",0.555555555555556,0.444444444444444,0,0,1.87680991261445,5
560,21,5,"random","skewed","random","dynamic",0.552664655605832,0.447335344394168,0,0,1.87680991261445,5
560,21,5,"random","skewed","random","calendar",0.552664655605832,0.447335344394168,0,0,1.87680991261445,5
560,21,5,"random","skewed","random","stacked",0.44096082719493,0.55903917280507,0,0,1.77784383805991,5
561,21,5,"random","skewed","random","simple",0.701986754966887,0.298013245033113,0,0,1.03969471120323,5
561,21,5,"random","skewed","random","group",0.722222222222222,0.277777777777778,0,0,1.03969471120323,5
561,21,5,"random","skewed","random","dynamic",0.71511280794369,0.28488719205631,0,0,1.03969471120323,5
561,21,5,"random","skewed","random","calendar",0.71511280794369,0.28488719205631,0,0,1.03969471120323,5
561,21,5,"random","skewed","random","stacked",0.637293351763876,0.362706648236124,0,0.362706648236124,0.98487056326405,5
562,21,5,"random","skewed","random","simple",0.742268041237113,0.257731958762887,0,0.257731958762887,0.405560618505449,5
562,21,5,"random","skewed","random","group",0.722222222222222,0.277777777777778,0,0.277777777777778,0.405560618505449,5
562,21,5,"random","skewed","random","dynamic",0.773425716440422,0.226574283559578,0,0.226574283559578,0.405560618505449,5
562,21,5,"random","skewed","random","calendar",0.773425716440422,0.226574283559578,0,0.226574283559578,0.405560618505449,5
562,21,5,"random","skewed","random","stacked",0.59938608938674,0.40061391061326,0,0.40061391061326,0.384174999142706,5
563,21,5,"random","skewed","random","simple",0.435294117647059,0.564705882352941,0,0.564705882352941,0.84833027763666,5
563,21,5,"random","skewed","random","group",0.555555555555556,0.444444444444444,0,0.444444444444444,0.84833027763666,5
563,21,5,"random","skewed","random","dynamic",0.368443103737221,0.631556896262779,0,0.631556896262779,0.84833027763666,5
563,21,5,"random","skewed","random","calendar",0.368443103737221,0.631556896262779,0,0.631556896262779,0.84833027763666,5
563,21,5,"random","skewed","random","stacked",0.707333427532701,0.292666572467299,0,0.292666572467299,0.780172541067144,5
564,21,5,"random","skewed","random","simple",0.0608974358974359,0.939102564102564,0,0.163461538461538,1.5313674842078,5
564,21,5,"random","skewed","random","group",0.111111111111111,0.888888888888889,0,0.166666666666667,1.03969471120323,5
564,21,5,"random","skewed","random","dynamic",0.0577915376676987,0.942208462332301,0,0.156927244582043,1.5313674842078,5
564,21,5,"random","skewed","random","calendar",0.0577915376676987,0.942208462332301,0,0.156927244582043,1.5313674842078,5
564,21,5,"random","skewed","random","stacked",0.147713292914656,0.852286707085344,0,0.520307829216612,0.98487056326405,5
565,21,5,"random","skewed","random","simple",0.713804713804714,0.286195286195286,0,0.286195286195286,0.699489647648167,5
565,21,5,"random","skewed","random","group",0.722222222222222,0.277777777777778,0,0.277777777777778,0.699489647648167,5
565,21,5,"random","skewed","random","dynamic",0.731491955756662,0.268508044243338,0,0.268508044243338,0.699489647648167,5
565,21,5,"random","skewed","random","calendar",0.731491955756662,0.268508044243338,0,0.268508044243338,0.699489647648167,5
565,21,5,"random","skewed","random","stacked",0.656269368492383,0.343730631507616,0,0.343730631507616,0.662604854918761,5
566,21,5,"random","skewed","random","simple",0.723127035830619,0.276872964169381,0,0.276872964169381,0.699489647648167,5
566,21,5,"random","skewed","random","group",0.722222222222222,0.277777777777778,0,0.277777777777778,0.699489647648167,5
566,21,5,"random","skewed","random","dynamic",0.743126256913022,0.256873743086978,0,0.256873743086978,0.699489647648167,5
566,21,5,"random","skewed","random","calendar",0.743126256913022,0.256873743086978,0,0.256873743086978,0.699489647648167,5
566,21,5,"random","skewed","random","stacked",0.634022075906604,0.365977924093396,0,0.365977924093396,0.662604854918761,5
567,21,5,"random","skewed","random","simple",0.423423423423423,0.576576576576577,0,0.576576576576577,0.42225765384893,5
567,21,5,"random","skewed","random","group",0.555555555555556,0.444444444444444,0,0.444444444444444,0.42225765384893,5
567,21,5,"random","skewed","random","dynamic",0.37897498743087,0.62102501256913,0,0.62102501256913,0.42225765384893,5
567,21,5,"random","skewed","random","calendar",0.37897498743087,0.62102501256913,0,0.62102501256913,0.42225765384893,5
567,21,5,"random","skewed","random","stacked",0.592111396561741,0.407888603438259,0,0.407888603438259,0.388332039386984,5
568,21,5,"random","skewed","random","simple",0.719626168224299,0.280373831775701,0,0,1.03969471120323,5
568,21,5,"random","skewed","random","group",0.722222222222222,0.277777777777778,0,0,1.03969471120323,5
568,21,5,"random","skewed","random","dynamic",0.731861173956762,0.268138826043238,0,0,1.03969471120323,5
568,21,5,"random","skewed","random","calendar",0.731861173956762,0.268138826043238,0,0,1.03969471120323,5
568,21,5,"random","skewed","random","stacked",0.687879359850448,0.312120640149552,0,0.312120640149552,0.98487056326405,5
569,21,5,"random","skewed","random","simple",0.484978540772532,0.515021459227468,0,0.515021459227468,0.330913823440591,5
569,21,5,"random","skewed","random","group",0.555555555555556,0.444444444444444,0,0.444444444444444,0.330913823440591,5
569,21,5,"random","skewed","random","dynamic",0.448298977710742,0.551701022289258,0,0.551701022289258,0.330913823440591,5
569,21,5,"random","skewed","random","calendar",0.448298977710742,0.551701022289258,0,0.551701022289258,0.330913823440591,5
569,21,5,"random","skewed","random","stacked",0.586656161793715,0.413343838206285,0,0.413343838206285,0.304327082639462,5
570,21,5,"random","skewed","random","simple",0.179661016949153,0.820338983050847,0,0,1.5313674842078,5
570,21,5,"random","skewed","random","group",0.277777777777778,0.722222222222222,0,0,1.5313674842078,5
570,21,5,"random","skewed","random","dynamic",0.161829205366357,0.838170794633643,0,0,1.5313674842078,5
570,21,5,"random","skewed","random","calendar",0.161829205366357,0.838170794633643,0,0,1.5313674842078,5
570,21,5,"random","skewed","random","stacked",0.469973243270057,0.530026756729943,0,0.249845718353006,1.4083322179545,5
571,21,5,"random","skewed","random","simple",0.473684210526316,0.526315789473684,0,0.526315789473684,0.330913823440591,5
571,21,5,"random","skewed","random","group",0.555555555555556,0.444444444444444,0,0.444444444444444,0.330913823440591,5
571,21,5,"random","skewed","random","dynamic",0.450930115635998,0.549069884364002,0,0.549069884364002,0.330913823440591,5
571,21,5,"random","skewed","random","calendar",0.450930115635998,0.549069884364002,0,0.549069884364002,0.330913823440591,5
571,21,5,"random","skewed","random","stacked",0.571288832580105,0.428711167419895,0,0.428711167419895,0.304327082639462,5
572,21,5,"random","skewed","random","simple",0.659498207885305,0.340501792114695,0,0,1.87680991261445,5
572,21,5,"random","skewed","random","group",0.722222222222222,0.277777777777778,0,0,1.87680991261445,5
572,21,5,"random","skewed","random","dynamic",0.661662581699346,0.338337418300654,0,0,1.87680991261445,5
572,21,5,"random","skewed","random","calendar",0.661662581699346,0.338337418300654,0,0,1.87680991261445,5
572,21,5,"random","skewed","random","stacked",0.736339629778749,0.263660370221251,0,0,1.77784383805991,5
573,21,5,"random","skewed","random","simple",1,0,0,0,NA,5
573,21,5,"random","skewed","random","group",1,0,0,0,NA,5
573,21,5,"random","skewed","random","dynamic",1,0,0,0,NA,5
573,21,5,"random","skewed","random","calendar",1,0,0,0,NA,5
573,21,5,"random","skewed","random","stacked",1,0,0,0,NA,5
574,21,5,"random","skewed","random","simple",0.414634146341463,0.585365853658537,0,0.585365853658537,0.84833027763666,5
574,21,5,"random","skewed","random","group",0.555555555555556,0.444444444444444,0,0.444444444444444,0.84833027763666,5
574,21,5,"random","skewed","random","dynamic",0.351265292441763,0.648734707558237,0,0.648734707558237,0.84833027763666,5
574,21,5,"random","skewed","random","calendar",0.351265292441763,0.648734707558237,0,0.648734707558237,0.84833027763666,5
574,21,5,"random","skewed","random","stacked",0.698682265236739,0.301317734763261,0,0.301317734763261,0.780172541067144,5
575,21,5,"random","skewed","random","simple",0.483870967741935,0.516129032258065,0,0.516129032258065,0.42225765384893,5
575,21,5,"random","skewed","random","group",0.555555555555556,0.444444444444444,0,0.444444444444444,0.42225765384893,5
575,21,5,"random","skewed","random","dynamic",0.432330945198592,0.567669054801408,0,0.567669054801408,0.42225765384893,5
575,21,5,"random","skewed","random","calendar",0.432330945198592,0.567669054801408,0,0.567669054801408,0.42225765384893,5
575,21,5,"random","skewed","random","stacked",0.624476490911323,0.375523509088677,0,0.375523509088677,0.388332039386984,5
576,21,5,"random","skewed","random","simple",0.352380952380952,0.647619047619048,0,0.647619047619048,0.570742777277959,5
576,21,5,"random","skewed","random","group",0.555555555555556,0.444444444444444,0,0.444444444444444,0.570742777277959,5
576,21,5,"random","skewed","random","dynamic",0.27696448111673,0.72303551888327,0,0.72303551888327,0.570742777277959,5
576,21,5,"random","skewed","random","calendar",0.27696448111673,0.72303551888327,0,0.72303551888327,0.570742777277959,5
576,21,5,"random","skewed","random","stacked",0.631193019788351,0.368806980211649,0,0.368806980211649,0.524887363545659,5
577,21,5,"random","skewed","random","simple",0.719298245614035,0.280701754385965,0,0.280701754385965,0.517509584468528,5
577,21,5,"random","skewed","random","group",0.722222222222222,0.277777777777778,0,0.277777777777778,0.517509584468528,5
577,21,5,"random","skewed","random","dynamic",0.741437280040221,0.258562719959779,0,0.258562719959779,0.517509584468528,5
577,21,5,"random","skewed","random","calendar",0.741437280040221,0.258562719959779,0,0.258562719959779,0.517509584468528,5
577,21,5,"random","skewed","random","stacked",0.634146963108612,0.365853036891388,0,0.365853036891388,0.490220783522322,5
578,21,5,"random","skewed","random","simple",0.37117903930131,0.62882096069869,0,0.62882096069869,0.84833027763666,5
578,21,5,"random","skewed","random","group",0.555555555555556,0.444444444444444,0,0.444444444444444,0.84833027763666,5
578,21,5,"random","skewed","random","dynamic",0.282023350650802,0.717976649349198,0,0.717976649349198,0.84833027763666,5
578,21,5,"random","skewed","random","calendar",0.282023350650802,0.717976649349198,0,0.717976649349198,0.84833027763666,5
578,21,5,"random","skewed","random","stacked",0.706104924041224,0.293895075958776,0,0.293895075958776,0.780172541067144,5
579,21,5,"random","skewed","random","simple",0.732441471571906,0.267558528428094,0,0.267558528428094,0.517509584468528,5
579,21,5,"random","skewed","random","group",0.722222222222222,0.277777777777778,0,0.277777777777778,0.517509584468528,5
579,21,5,"random","skewed","random","dynamic",0.758004964806435,0.241995035193565,0,0.241995035193565,0.517509584468528,5
579,21,5,"random","skewed","random","calendar",0.758004964806435,0.241995035193565,0,0.241995035193565,0.517509584468528,5
579,21,5,"random","skewed","random","stacked",0.610545148981819,0.389454851018181,0,0.389454851018181,0.490220783522322,5
580,21,5,"random","skewed","random","simple",0.464285714285714,0.535714285714286,0,0.535714285714286,0.330913823440591,5
580,21,5,"random","skewed","random","group",0.555555555555556,0.444444444444444,0,0.444444444444444,0.330913823440591,5
580,21,5,"random","skewed","random","dynamic",0.429277693983576,0.570722306016424,0,0.570722306016424,0.330913823440591,5
580,21,5,"random","skewed","random","calendar",0.429277693983576,0.570722306016424,0,0.570722306016424,0.330913823440591,5
580,21,5,"random","skewed","random","stacked",0.571762213208985,0.428237786791015,0,0.428237786791015,0.304327082639462,5
581,21,5,"random","skewed","random","simple",1,0,0,0,NA,5
581,21,5,"random","skewed","random","group",1,0,0,0,NA,5
581,21,5,"random","skewed","random","dynamic",1,0,0,0,NA,5
581,21,5,"random","skewed","random","calendar",1,0,0,0,NA,5
581,21,5,"random","skewed","random","stacked",1,0,0,0,NA,5
582,21,5,"random","skewed","random","simple",0.451612903225806,0.548387096774194,0,0.548387096774194,0.570742777277959,5
582,21,5,"random","skewed","random","group",0.555555555555556,0.444444444444444,0,0.444444444444444,0.570742777277959,5
582,21,5,"random","skewed","random","dynamic",0.39382781770325,0.60617218229675,0,0.60617218229675,0.570742777277959,5
582,21,5,"random","skewed","random","calendar",0.39382781770325,0.60617218229675,0,0.60617218229675,0.570742777277959,5
582,21,5,"random","skewed","random","stacked",0.651245076532257,0.348754923467743,0,0.348754923467743,0.524887363545659,5
583,21,5,"random","skewed","random","simple",0.410852713178295,0.589147286821705,0,0,1.5313674842078,5
583,21,5,"random","skewed","random","group",0.555555555555556,0.444444444444444,0,0,1.5313674842078,5
583,21,5,"random","skewed","random","dynamic",0.328980445079516,0.671019554920484,0,0,1.5313674842078,5
583,21,5,"random","skewed","random","calendar",0.328980445079516,0.671019554920484,0,0,1.5313674842078,5
583,21,5,"random","skewed","random","stacked",0.777146550719693,0.222853449280307,0,0,1.4083322179545,5
584,21,5,"random","skewed","random","simple",1,0,0,0,NA,5
584,21,5,"random","skewed","random","group",1,0,0,0,NA,5
584,21,5,"random","skewed","random","dynamic",1,0,0,0,NA,5
584,21,5,"random","skewed","random","calendar",1,0,0,0,NA,5
584,21,5,"random","skewed","random","stacked",1,0,0,0,NA,5
585,21,5,"random","skewed","random","simple",0.203636363636364,0.796363636363636,0,0.796363636363636,0.84833027763666,5
585,21,5,"random","skewed","random","group",0.277777777777778,0.722222222222222,0,0.722222222222222,0.84833027763666,5
585,21,5,"random","skewed","random","dynamic",0.182711510530138,0.817288489469862,0,0.817288489469862,0.84833027763666,5
585,21,5,"random","skewed","random","calendar",0.182711510530138,0.817288489469862,0,0.817288489469862,0.84833027763666,5
585,21,5,"random","skewed","random","stacked",0.322728010451588,0.677271989548412,0,0.677271989548412,0.384174999142706,5
586,21,5,"random","skewed","random","simple",0.444897959183673,0.555102040816327,0,0.555102040816327,0.570742777277959,5
586,21,5,"random","skewed","random","group",0.555555555555556,0.444444444444444,0,0.444444444444444,0.570742777277959,5
586,21,5,"random","skewed","random","dynamic",0.399609617602697,0.600390382397303,0,0.600390382397303,0.570742777277959,5
586,21,5,"random","skewed","random","calendar",0.399609617602697,0.600390382397303,0,0.600390382397303,0.570742777277959,5
586,21,5,"random","skewed","random","stacked",0.640579319458263,0.359420680541737,0,0.359420680541737,0.524887363545659,5
587,21,5,"random","skewed","random","simple",0.190635451505017,0.809364548494983,0,0,1.5313674842078,5
587,21,5,"random","skewed","random","group",0.277777777777778,0.722222222222222,0,0,1.5313674842078,5
587,21,5,"random","skewed","random","dynamic",0.179975060199518,0.820024939800482,0,0,1.5313674842078,5
587,21,5,"random","skewed","random","calendar",0.179975060199518,0.820024939800482,0,0,1.5313674842078,5
587,21,5,"random","skewed","random","stacked",0.397173150112879,0.602826849887121,0,0.284162460555302,1.4083322179545,5
588,21,5,"random","skewed","random","simple",0.233962264150943,0.766037735849057,0,0.766037735849057,0.42225765384893,5
588,21,5,"random","skewed","random","group",0.277777777777778,0.722222222222222,0,0.722222222222222,0.42225765384893,5
588,21,5,"random","skewed","random","dynamic",0.220818014705882,0.779181985294118,0,0.779181985294118,0.42225765384893,5
588,21,5,"random","skewed","random","calendar",0.220818014705882,0.779181985294118,0,0.779181985294118,0.42225765384893,5
588,21,5,"random","skewed","random","stacked",0.320947201542715,0.679052798457285,0,0.679052798457285,0.388332039386984,5
589,21,5,"random","skewed","random","simple",1,0,0,0,NA,5
589,21,5,"random","skewed","random","group",1,0,0,0,NA,5
589,21,5,"random","skewed","random","dynamic",1,0,0,0,NA,5
589,21,5,"random","skewed","random","calendar",1,0,0,0,NA,5
589,21,5,"random","skewed","random","stacked",1,0,0,0,NA,5
590,21,5,"random","skewed","random","simple",0.40495867768595,0.59504132231405,0,0.59504132231405,0.84833027763666,5
590,21,5,"random","skewed","random","group",0.555555555555556,0.444444444444444,0,0.444444444444444,0.84833027763666,5
590,21,5,"random","skewed","random","dynamic",0.346600748561533,0.653399251438467,0,0.653399251438467,0.84833027763666,5
590,21,5,"random","skewed","random","calendar",0.346600748561533,0.653399251438467,0,0.653399251438467,0.84833027763666,5
590,21,5,"random","skewed","random","stacked",0.678776033076258,0.321223966923742,0,0.321223966923742,0.780172541067144,5
591,21,5,"random","skewed","random","simple",0.459459459459459,0.540540540540541,0,0.540540540540541,0.330913823440591,5
591,21,5,"random","skewed","random","group",0.555555555555556,0.444444444444444,0,0.444444444444444,0.330913823440591,5
591,21,5,"random","skewed","random","dynamic",0.435545500251383,0.564454499748617,0,0.564454499748617,0.330913823440591,5
591,21,5,"random","skewed","random","calendar",0.435545500251383,0.564454499748617,0,0.564454499748617,0.330913823440591,5
591,21,5,"random","skewed","random","stacked",0.566612666780794,0.433387333219206,0,0.433387333219206,0.304327082639462,5
592,21,5,"random","skewed","random","simple",0.138461538461538,0.861538461538462,0,0.861538461538462,0.84833027763666,5
592,21,5,"random","skewed","random","group",0.277777777777778,0.722222222222222,0,0.722222222222222,0.84833027763666,5
592,21,5,"random","skewed","random","dynamic",0.117352033405955,0.882647966594045,0,0.882647966594045,0.84833027763666,5
592,21,5,"random","skewed","random","calendar",0.117352033405955,0.882647966594045,0,0.882647966594045,0.84833027763666,5
592,21,5,"random","skewed","random","stacked",0.351255060482171,0.648744939517829,0,0.648744939517829,0.780172541067144,5
593,21,5,"random","skewed","random","simple",0.426294820717131,0.573705179282869,0,0.573705179282869,0.84833027763666,5
593,21,5,"random","skewed","random","group",0.555555555555556,0.444444444444444,0,0.444444444444444,0.84833027763666,5
593,21,5,"random","skewed","random","dynamic",0.360761968605106,0.639238031394894,0,0.639238031394894,0.84833027763666,5
593,21,5,"random","skewed","random","calendar",0.360761968605106,0.639238031394894,0,0.639238031394894,0.84833027763666,5
593,21,5,"random","skewed","random","stacked",0.704095713209469,0.295904286790531,0,0.295904286790531,0.780172541067144,5
594,21,5,"random","skewed","random","simple",0.103703703703704,0.896296296296296,0,0,1.5313674842078,5
594,21,5,"random","skewed","random","group",0.277777777777778,0.722222222222222,0,0,1.5313674842078,5
594,21,5,"random","skewed","random","dynamic",0.0864078087375301,0.91359219126247,0,0,1.5313674842078,5
594,21,5,"random","skewed","random","calendar",0.0864078087375301,0.91359219126247,0,0,1.5313674842078,5
594,21,5,"random","skewed","random","stacked",0.414432154210453,0.585567845789547,0,0.276026855659769,1.4083322179545,5
595,21,5,"random","skewed","random","simple",0.430830039525692,0.569169960474308,0,0.569169960474308,0.84833027763666,5
595,21,5,"random","skewed","random","group",0.555555555555556,0.444444444444444,0,0.444444444444444,0.84833027763666,5
595,21,5,"random","skewed","random","dynamic",0.365538238087258,0.634461761912742,0,0.634461761912742,0.84833027763666,5
595,21,5,"random","skewed","random","calendar",0.365538238087258,0.634461761912742,0,0.634461761912742,0.84833027763666,5
595,21,5,"random","skewed","random","stacked",0.702863024633615,0.297136975366385,0,0.297136975366385,0.780172541067144,5
596,21,5,"random","skewed","random","simple",0.704918032786885,0.295081967213115,0,0,1.03969471120323,5
596,21,5,"random","skewed","random","group",0.722222222222222,0.277777777777778,0,0,1.03969471120323,5
596,21,5,"random","skewed","random","dynamic",0.717021744595274,0.282978255404726,0,0,1.03969471120323,5
596,21,5,"random","skewed","random","calendar",0.717021744595274,0.282978255404726,0,0,1.03969471120323,5
596,21,5,"random","skewed","random","stacked",0.674217964027392,0.325782035972608,0,0.325782035972608,0.98487056326405,5
597,21,5,"random","skewed","random","simple",0.702970297029703,0.297029702970297,0,0,1.03969471120323,5
597,21,5,"random","skewed","random","group",0.722222222222222,0.277777777777778,0,0,1.03969471120323,5
597,21,5,"random","skewed","random","dynamic",0.712025515334339,0.287974484665661,0,0,1.03969471120323,5
597,21,5,"random","skewed","random","calendar",0.712025515334339,0.287974484665661,0,0,1.03969471120323,5
597,21,5,"random","skewed","random","stacked",0.719728441751864,0.280271558248136,0,0.280271558248136,0.98487056326405,5
598,21,5,"random","skewed","random","simple",0.466666666666667,0.533333333333333,0,0.533333333333333,0.330913823440591,5
598,21,5,"random","skewed","random","group",0.555555555555556,0.444444444444444,0,0.444444444444444,0.330913823440591,5
598,21,5,"random","skewed","random","dynamic",0.441209988268812,0.558790011731188,0,0.558790011731188,0.330913823440591,5
598,21,5,"random","skewed","random","calendar",0.441209988268812,0.558790011731188,0,0.558790011731188,0.330913823440591,5
598,21,5,"random","skewed","random","stacked",0.574878463396132,0.425121536603868,0,0.425121536603868,0.304327082639462,5
599,21,5,"random","skewed","random","simple",0.721189591078067,0.278810408921933,0,0.278810408921933,0.405560618505449,5
599,21,5,"random","skewed","random","group",0.722222222222222,0.277777777777778,0,0.277777777777778,0.405560618505449,5
599,21,5,"random","skewed","random","dynamic",0.751170500251383,0.248829499748617,0,0.248829499748617,0.405560618505449,5
599,21,5,"random","skewed","random","calendar",0.751170500251383,0.248829499748617,0,0.248829499748617,0.405560618505449,5
599,21,5,"random","skewed","random","stacked",0.556495200581893,0.443504799418107,0,0.443504799418107,0.384174999142706,5
600,21,5,"random","skewed","random","simple",0.506172839506173,0.493827160493827,0,0.493827160493827,0.330913823440591,5
600,21,5,"random","skewed","random","group",0.555555555555556,0.444444444444444,0,0.444444444444444,0.330913823440591,5
600,21,5,"random","skewed","random","dynamic",0.483090330149154,0.516909669850846,0,0.516909669850846,0.330913823440591,5
600,21,5,"random","skewed","random","calendar",0.483090330149154,0.516909669850846,0,0.516909669850846,0.330913823440591,5
600,21,5,"random","skewed","random","stacked",0.5881266507519,0.4118733492481,0,0.4118733492481,0.304327082639462,5
601,21,5,"random","skewed","random","simple",0.711864406779661,0.288135593220339,0,0.288135593220339,0.699489647648167,5
601,21,5,"random","skewed","random","group",0.722222222222222,0.277777777777778,0,0.277777777777778,0.699489647648167,5
601,21,5,"random","skewed","random","dynamic",0.729960093011564,0.270039906988436,0,0.270039906988436,0.699489647648167,5
601,21,5,"random","skewed","random","calendar",0.729960093011564,0.270039906988436,0,0.270039906988436,0.699489647648167,5
601,21,5,"random","skewed","random","stacked",0.639409818846392,0.360590181153608,0,0.360590181153608,0.662604854918761,5
602,21,5,"random","skewed","random","simple",0.736842105263158,0.263157894736842,0,0.263157894736842,0.405560618505449,5
602,21,5,"random","skewed","random","group",0.722222222222222,0.277777777777778,0,0.277777777777778,0.405560618505449,5
602,21,5,"random","skewed","random","dynamic",0.769065799396682,0.230934200603318,0,0.230934200603318,0.405560618505449,5
602,21,5,"random","skewed","random","calendar",0.769065799396682,0.230934200603318,0,0.230934200603318,0.405560618505449,5
602,21,5,"random","skewed","random","stacked",0.566837811325002,0.433162188674998,0,0.433162188674998,0.384174999142706,5
603,21,5,"random","skewed","random","simple",1,0,0,0,NA,5
603,21,5,"random","skewed","random","group",1,0,0,0,NA,5
603,21,5,"random","skewed","random","dynamic",1,0,0,0,NA,5
603,21,5,"random","skewed","random","calendar",1,0,0,0,NA,5
603,21,5,"random","skewed","random","stacked",1,0,0,0,NA,5
604,21,5,"random","skewed","random","simple",0.225806451612903,0.774193548387097,0,0.774193548387097,0.570742777277959,5
604,21,5,"random","skewed","random","group",0.277777777777778,0.722222222222222,0,0.722222222222222,0.570742777277959,5
604,21,5,"random","skewed","random","dynamic",0.210640138408305,0.789359861591696,0,0.789359861591696,0.570742777277959,5
604,21,5,"random","skewed","random","calendar",0.210640138408305,0.789359861591696,0,0.789359861591696,0.570742777277959,5
604,21,5,"random","skewed","random","stacked",0.352155215222058,0.647844784777942,0,0.647844784777942,0.524887363545659,5
605,21,5,"random","skewed","random","simple",1,0,0,0,NA,5
605,21,5,"random","skewed","random","group",1,0,0,0,NA,5
605,21,5,"random","skewed","random","dynamic",1,0,0,0,NA,5
605,21,5,"random","skewed","random","calendar",1,0,0,0,NA,5
605,21,5,"random","skewed","random","stacked",1,0,0,0,NA,5
606,21,5,"random","skewed","random","simple",0.690721649484536,0.309278350515464,0,0,1.03969471120323,5
606,21,5,"random","skewed","random","group",0.722222222222222,0.277777777777778,0,0,1.03969471120323,5
606,21,5,"random","skewed","random","dynamic",0.701608848667672,0.298391151332328,0,0,1.03969471120323,5
606,21,5,"random","skewed","random","calendar",0.701608848667672,0.298391151332328,0,0,1.03969471120323,5
606,21,5,"random","skewed","random","stacked",0.679602995093531,0.320397004906469,0,0.320397004906469,0.98487056326405,5
607,21,5,"random","skewed","random","simple",0.496062992125984,0.503937007874016,0,0.503937007874016,0.42225765384893,5
607,21,5,"random","skewed","random","group",0.555555555555556,0.444444444444444,0,0.444444444444444,0.42225765384893,5
607,21,5,"random","skewed","random","dynamic",0.460312971342383,0.539687028657617,0,0.539687028657617,0.42225765384893,5
607,21,5,"random","skewed","random","calendar",0.460312971342383,0.539687028657617,0,0.539687028657617,0.42225765384893,5
607,21,5,"random","skewed","random","stacked",0.611639663198695,0.388360336801305,0,0.388360336801305,0.388332039386984,5
608,21,5,"random","skewed","random","simple",0.43859649122807,0.56140350877193,0,0.56140350877193,0.42225765384893,5
608,21,5,"random","skewed","random","group",0.555555555555556,0.444444444444444,0,0.444444444444444,0.42225765384893,5
608,21,5,"random","skewed","random","dynamic",0.39360231271996,0.60639768728004,0,0.60639768728004,0.42225765384893,5
608,21,5,"random","skewed","random","calendar",0.39360231271996,0.60639768728004,0,0.60639768728004,0.42225765384893,5
608,21,5,"random","skewed","random","stacked",0.595739877374834,0.404260122625166,0,0.404260122625166,0.388332039386984,5
609,21,5,"random","skewed","random","simple",1,0,0,0,NA,5
609,21,5,"random","skewed","random","group",1,0,0,0,NA,5
609,21,5,"random","skewed","random","dynamic",1,0,0,0,NA,5
609,21,5,"random","skewed","random","calendar",1,0,0,0,NA,5
609,21,5,"random","skewed","random","stacked",1,0,0,0,NA,5
610,21,5,"random","skewed","random","simple",0.276190476190476,0.723809523809524,0,0,1.5313674842078,5
610,21,5,"random","skewed","random","group",0.555555555555556,0.444444444444444,0,0,1.5313674842078,5
610,21,5,"random","skewed","random","dynamic",0.185533592654336,0.814466407345664,0,0,1.5313674842078,5
610,21,5,"random","skewed","random","calendar",0.185533592654336,0.814466407345664,0,0,1.5313674842078,5
610,21,5,"random","skewed","random","stacked",0.738078466961776,0.261921533038224,0,0,1.4083322179545,5
611,21,5,"random","skewed","random","simple",1,0,0,0,NA,5
611,21,5,"random","skewed","random","group",1,0,0,0,NA,5
611,21,5,"random","skewed","random","dynamic",1,0,0,0,NA,5
611,21,5,"random","skewed","random","calendar",1,0,0,0,NA,5
611,21,5,"random","skewed","random","stacked",1,0,0,0,NA,5
612,21,5,"random","skewed","random","simple",0.199324324324324,0.800675675675676,0,0.287162162162162,1.5313674842078,5
612,21,5,"random","skewed","random","group",0.277777777777778,0.722222222222222,0,0.277777777777778,1.5313674842078,5
612,21,5,"random","skewed","random","dynamic",0.176363089095287,0.823636910904713,0,0.276297597311529,1.5313674842078,5
612,21,5,"random","skewed","random","calendar",0.176363089095287,0.823636910904713,0,0.276297597311529,1.5313674842078,5
612,21,5,"random","skewed","random","stacked",0.450032335293595,0.549967664706405,0,0.290905620371493,0.662604854918761,5
613,21,5,"random","skewed","random","simple",0.371900826446281,0.628099173553719,0,0,1.5313674842078,5
613,21,5,"random","skewed","random","group",0.555555555555556,0.444444444444444,0,0,1.5313674842078,5
613,21,5,"random","skewed","random","dynamic",0.290968749173084,0.709031250826916,0,0,1.5313674842078,5
613,21,5,"random","skewed","random","calendar",0.290968749173084,0.709031250826916,0,0,1.5313674842078,5
613,21,5,"random","skewed","random","stacked",0.761990460039774,0.238009539960226,0,0,1.4083322179545,5
614,21,5,"random","skewed","random","simple",1,0,0,0,NA,5
614,21,5,"random","skewed","random","group",1,0,0,0,NA,5
614,21,5,"random","skewed","random","dynamic",1,0,0,0,NA,5
614,21,5,"random","skewed","random","calendar",1,0,0,0,NA,5
614,21,5,"random","skewed","random","stacked",1,0,0,0,NA,5
615,21,5,"random","skewed","random","simple",0.162790697674419,0.837209302325581,0,0.837209302325581,0.570742777277959,5
615,21,5,"random","skewed","random","group",0.277777777777778,0.722222222222222,0,0.722222222222222,0.570742777277959,5
615,21,5,"random","skewed","random","dynamic",0.148909073433295,0.851090926566705,0,0.851090926566705,0.570742777277959,5
615,21,5,"random","skewed","random","calendar",0.148909073433295,0.851090926566705,0,0.851090926566705,0.570742777277959,5
615,21,5,"random","skewed","random","stacked",0.31114713303274,0.68885286696726,0,0.68885286696726,0.524887363545659,5
616,21,5,"random","skewed","random","simple",0.67687074829932,0.32312925170068,0,0,1.87680991261445,5
616,21,5,"random","skewed","random","group",0.722222222222222,0.277777777777778,0,0,1.87680991261445,5
616,21,5,"random","skewed","random","dynamic",0.678638763197587,0.321361236802413,0,0,1.87680991261445,5
616,21,5,"random","skewed","random","calendar",0.678638763197587,0.321361236802413,0,0,1.87680991261445,5
616,21,5,"random","skewed","random","stacked",0.769703256832955,0.230296743167045,0,0,1.77784383805991,5
617,21,5,"random","skewed","random","simple",0.411764705882353,0.588235294117647,0,0.588235294117647,0.330913823440591,5
617,21,5,"random","skewed","random","group",0.555555555555556,0.444444444444444,0,0.444444444444444,0.330913823440591,5
617,21,5,"random","skewed","random","dynamic",0.339148650913357,0.660851349086643,0,0.660851349086643,0.330913823440591,5
617,21,5,"random","skewed","random","calendar",0.339148650913357,0.660851349086643,0,0.660851349086643,0.330913823440591,5
617,21,5,"random","skewed","random","stacked",0.578806219599475,0.421193780400525,0,0.421193780400525,0.304327082639462,5
618,21,5,"random","skewed","random","simple",0.452631578947368,0,0.547368421052632,0.547368421052632,0.225928173885438,5
618,21,5,"random","skewed","random","group",0.555555555555556,0,0.444444444444444,0.444444444444444,0.225928173885438,5
618,21,5,"random","skewed","random","dynamic",0.395347488107669,0,0.604652511892331,0.604652511892331,0.225928173885438,5
618,21,5,"random","skewed","random","calendar",0.395347488107669,0,0.604652511892331,0.604652511892331,0.225928173885438,5
618,21,5,"random","skewed","random","stacked",0.551663193636252,0,0.448336806363748,0.448336806363748,0.207776336841245,5
619,21,5,"random","skewed","random","simple",0.440860215053763,0,0.559139784946237,0.559139784946237,0.225928173885438,5
619,21,5,"random","skewed","random","group",0.555555555555556,0,0.444444444444444,0.444444444444444,0.225928173885438,5
619,21,5,"random","skewed","random","dynamic",0.400897242526202,0,0.599102757473798,0.599102757473798,0.225928173885438,5
619,21,5,"random","skewed","random","calendar",0.400897242526202,0,0.599102757473798,0.599102757473798,0.225928173885438,5
619,21,5,"random","skewed","random","stacked",0.532881073597448,0,0.467118926402552,0.467118926402552,0.207776336841245,5
620,21,5,"random","skewed","random","simple",0.710144927536232,0.289855072463768,0,0.289855072463768,0.517509584468528,5
620,21,5,"random","skewed","random","group",0.722222222222222,0.277777777777778,0,0.277777777777778,0.517509584468528,5
620,21,5,"random","skewed","random","dynamic",0.733777966314731,0.266222033685269,0,0.266222033685269,0.517509584468528,5
620,21,5,"random","skewed","random","calendar",0.733777966314731,0.266222033685269,0,0.266222033685269,0.517509584468528,5
620,21,5,"random","skewed","random","stacked",0.596279850377279,0.403720149622721,0,0.403720149622721,0.490220783522322,5
621,21,5,"random","skewed","random","simple",0.693548387096774,0.306451612903226,0,0,1.87680991261445,5
621,21,5,"random","skewed","random","group",0.722222222222222,0.277777777777778,0,0,1.87680991261445,5
621,21,5,"random","skewed","random","dynamic",0.697688851181498,0.302311148818502,0,0,1.87680991261445,5
621,21,5,"random","skewed","random","calendar",0.697688851181498,0.302311148818502,0,0,1.87680991261445,5
621,21,5,"random","skewed","random","stacked",0.750934144637692,0.249065855362308,0,0,1.77784383805991,5
622,21,5,"random","skewed","random","simple",0.101769911504425,0.898230088495575,0,0.898230088495575,0.42225765384893,5
622,21,5,"random","skewed","random","group",0.277777777777778,0.722222222222222,0,0.722222222222222,0.42225765384893,5
622,21,5,"random","skewed","random","dynamic",0.0845843545751634,0.915415645424837,0,0.915415645424837,0.42225765384893,5
622,21,5,"random","skewed","random","calendar",0.0845843545751634,0.915415645424837,0,0.915415645424837,0.42225765384893,5
622,21,5,"random","skewed","random","stacked",0.250384085589884,0.749615914410116,0,0.749615914410116,0.388332039386984,5
623,21,5,"random","skewed","random","simple",0.445255474452555,0.554744525547445,0,0,1.5313674842078,5
623,21,5,"random","skewed","random","group",0.555555555555556,0.444444444444444,0,0,1.5313674842078,5
623,21,5,"random","skewed","random","dynamic",0.380183112381255,0.619816887618745,0,0,1.5313674842078,5
623,21,5,"random","skewed","random","calendar",0.380183112381255,0.619816887618745,0,0,1.5313674842078,5
623,21,5,"random","skewed","random","stacked",0.768634860253609,0.231365139746391,0,0,1.4083322179545,5
624,21,5,"random","skewed","random","simple",0.408560311284047,0.591439688715953,0,0,1.5313674842078,5
624,21,5,"random","skewed","random","group",0.555555555555556,0.444444444444444,0,0,1.5313674842078,5
624,21,5,"random","skewed","random","dynamic",0.348323674949062,0.651676325050938,0,0,1.5313674842078,5
624,21,5,"random","skewed","random","calendar",0.348323674949062,0.651676325050938,0,0,1.5313674842078,5
624,21,5,"random","skewed","random","stacked",0.76206005672454,0.237939943275461,0,0,1.4083322179545,5
625,21,5,"random","skewed","random","simple",0.203921568627451,0.796078431372549,0,0.796078431372549,0.42225765384893,5
625,21,5,"random","skewed","random","group",0.277777777777778,0.722222222222222,0,0.722222222222222,0.42225765384893,5
625,21,5,"random","skewed","random","dynamic",0.190180759803922,0.809819240196078,0,0.809819240196078,0.42225765384893,5
625,21,5,"random","skewed","random","calendar",0.190180759803922,0.809819240196078,0,0.809819240196078,0.42225765384893,5
625,21,5,"random","skewed","random","stacked",0.305223103873166,0.694776896126834,0,0.694776896126834,0.388332039386984,5
626,21,5,"random","skewed","random","simple",0.197718631178707,0.802281368821293,0,0.802281368821293,0.570742777277959,5
626,21,5,"random","skewed","random","group",0.277777777777778,0.722222222222222,0,0.722222222222222,0.570742777277959,5
626,21,5,"random","skewed","random","dynamic",0.181588811995386,0.818411188004614,0,0.818411188004614,0.570742777277959,5
626,21,5,"random","skewed","random","calendar",0.181588811995386,0.818411188004614,0,0.818411188004614,0.570742777277959,5
626,21,5,"random","skewed","random","stacked",0.310963001491212,0.689036998508787,0,0.689036998508787,0.524887363545659,5
627,21,5,"random","skewed","random","simple",0.196013289036545,0.803986710963455,0,0,1.5313674842078,5
627,21,5,"random","skewed","random","group",0.277777777777778,0.722222222222222,0,0,1.5313674842078,5
627,21,5,"random","skewed","random","dynamic",0.184447024423805,0.815552975576195,0,0,1.5313674842078,5
627,21,5,"random","skewed","random","calendar",0.184447024423805,0.815552975576195,0,0,1.5313674842078,5
627,21,5,"random","skewed","random","stacked",0.415720413139339,0.584279586860661,0,0.275419592019914,1.4083322179545,5
628,21,5,"random","skewed","random","simple",0.468879668049793,0.531120331950207,0,0.531120331950207,0.42225765384893,5
628,21,5,"random","skewed","random","group",0.555555555555556,0.444444444444444,0,0.444444444444444,0.42225765384893,5
628,21,5,"random","skewed","random","dynamic",0.431325414781297,0.568674585218703,0,0.568674585218703,0.42225765384893,5
628,21,5,"random","skewed","random","calendar",0.431325414781297,0.568674585218703,0,0.568674585218703,0.42225765384893,5
628,21,5,"random","skewed","random","stacked",0.613050321970597,0.386949678029404,0,0.386949678029404,0.388332039386984,5
629,21,5,"random","skewed","random","simple",0.147482014388489,0.852517985611511,0,0.305755395683453,1.5313674842078,5
629,21,5,"random","skewed","random","group",0.277777777777778,0.722222222222222,0,0.277777777777778,1.5313674842078,5
629,21,5,"random","skewed","random","dynamic",0.124957000343997,0.875042999656003,0,0.296069169908179,1.5313674842078,5
629,21,5,"random","skewed","random","calendar",0.124957000343997,0.875042999656003,0,0.296069169908179,1.5313674842078,5
629,21,5,"random","skewed","random","stacked",0.438414916787048,0.561585083212953,0,0.297050658624909,0.662604854918761,5
630,21,5,"random","skewed","random","simple",0.458937198067633,0,0.541062801932367,0.541062801932367,0.269611852350941,5
630,21,5,"random","skewed","random","group",0.555555555555556,0,0.444444444444444,0.444444444444444,0.269611852350941,5
630,21,5,"random","skewed","random","dynamic",0.405390361272714,0,0.594609638727286,0.594609638727286,0.269611852350941,5
630,21,5,"random","skewed","random","calendar",0.405390361272714,0,0.594609638727286,0.594609638727286,0.269611852350941,5
630,21,5,"random","skewed","random","stacked",0.563871925880686,0,0.436128074119314,0.436128074119314,0.247950320170634,5
631,21,5,"random","skewed","random","simple",0.126923076923077,0.873076923076923,0,0.288461538461538,1.5313674842078,5
631,21,5,"random","skewed","random","group",0.277777777777778,0.722222222222222,0,0.277777777777778,1.5313674842078,5
631,21,5,"random","skewed","random","dynamic",0.100748194014448,0.899251805985552,0,0.264894419306184,1.5313674842078,5
631,21,5,"random","skewed","random","calendar",0.100748194014448,0.899251805985552,0,0.264894419306184,1.5313674842078,5
631,21,5,"random","skewed","random","stacked",0.378070047626614,0.621929952373386,0,0.371778733541166,0.384174999142706,5
632,21,5,"random","skewed","random","simple",0.475409836065574,0.524590163934426,0,0.524590163934426,0.42225765384893,5
632,21,5,"random","skewed","random","group",0.555555555555556,0.444444444444444,0,0.444444444444444,0.42225765384893,5
632,21,5,"random","skewed","random","dynamic",0.441255027652087,0.558744972347914,0,0.558744972347914,0.42225765384893,5
632,21,5,"random","skewed","random","calendar",0.441255027652086,0.558744972347914,0,0.558744972347914,0.42225765384893,5
632,21,5,"random","skewed","random","stacked",0.596813688103545,0.403186311896455,0,0.403186311896455,0.388332039386984,5
633,21,5,"random","skewed","random","simple",0.541538461538462,0.458461538461538,0,0,1.87680991261445,5
633,21,5,"random","skewed","random","group",0.555555555555556,0.444444444444444,0,0,1.87680991261445,5
633,21,5,"random","skewed","random","dynamic",0.553154851684263,0.446845148315737,0,0,1.87680991261445,5
633,21,5,"random","skewed","random","calendar",0.553154851684263,0.446845148315737,0,0,1.87680991261445,5
633,21,5,"random","skewed","random","stacked",0.509760796644157,0.490239203355843,0,0,1.77784383805991,5
634,21,5,"random","skewed","random","simple",0.344827586206897,0.655172413793103,0,0,1.5313674842078,5
634,21,5,"random","skewed","random","group",0.555555555555556,0.444444444444444,0,0,1.5313674842078,5
634,21,5,"random","skewed","random","dynamic",0.25995607419756,0.74004392580244,0,0,1.5313674842078,5
634,21,5,"random","skewed","random","calendar",0.25995607419756,0.74004392580244,0,0,1.5313674842078,5
634,21,5,"random","skewed","random","stacked",0.761999561393976,0.238000438606024,0,0,1.4083322179545,5
635,21,5,"random","skewed","random","simple",0.450643776824034,0.549356223175966,0,0.549356223175966,0.42225765384893,5
635,21,5,"random","skewed","random","group",0.555555555555556,0.444444444444444,0,0.444444444444444,0.42225765384893,5
635,21,5,"random","skewed","random","dynamic",0.404490321769734,0.595509678230266,0,0.595509678230266,0.42225765384893,5
635,21,5,"random","skewed","random","calendar",0.404490321769733,0.595509678230266,0,0.595509678230266,0.42225765384893,5
635,21,5,"random","skewed","random","stacked",0.601332205891897,0.398667794108103,0,0.398667794108103,0.388332039386984,5
636,21,5,"random","skewed","random","simple",0.441860465116279,0.558139534883721,0,0.558139534883721,0.84833027763666,5
636,21,5,"random","skewed","random","group",0.555555555555556,0.444444444444444,0,0.444444444444444,0.84833027763666,5
636,21,5,"random","skewed","random","dynamic",0.385215909725714,0.614784090274286,0,0.614784090274286,0.84833027763666,5
636,21,5,"random","skewed","random","calendar",0.385215909725714,0.614784090274286,0,0.614784090274286,0.84833027763666,5
636,21,5,"random","skewed","random","stacked",0.70123692812808,0.29876307187192,0,0.29876307187192,0.780172541067144,5
637,21,5,"random","skewed","random","simple",0.336585365853659,0.663414634146341,0,0.663414634146341,0.570742777277959,5
637,21,5,"random","skewed","random","group",0.555555555555556,0.444444444444444,0,0.444444444444444,0.570742777277959,5
637,21,5,"random","skewed","random","dynamic",0.266909176943779,0.733090823056221,0,0.733090823056221,0.570742777277959,5
637,21,5,"random","skewed","random","calendar",0.266909176943779,0.733090823056221,0,0.733090823056221,0.570742777277959,5
637,21,5,"random","skewed","random","stacked",0.614873476650009,0.385126523349991,0,0.385126523349991,0.524887363545659,5
638,21,5,"random","skewed","random","simple",0.459915611814346,0.540084388185654,0,0.540084388185654,0.42225765384893,5
638,21,5,"random","skewed","random","group",0.555555555555556,0.444444444444444,0,0.444444444444444,0.42225765384893,5
638,21,5,"random","skewed","random","dynamic",0.426690548014077,0.573309451985923,0,0.573309451985923,0.42225765384893,5
638,21,5,"random","skewed","random","calendar",0.426690548014077,0.573309451985923,0,0.573309451985923,0.42225765384893,5
638,21,5,"random","skewed","random","stacked",0.591088710650146,0.408911289349854,0,0.408911289349854,0.388332039386984,5
639,21,5,"random","skewed","random","simple",0.464435146443515,0.535564853556485,0,0.535564853556485,0.42225765384893,5
639,21,5,"random","skewed","random","group",0.555555555555556,0.444444444444444,0,0.444444444444444,0.42225765384893,5
639,21,5,"random","skewed","random","dynamic",0.415111236802413,0.584888763197587,0,0.584888763197587,0.42225765384893,5
639,21,5,"random","skewed","random","calendar",0.415111236802413,0.584888763197587,0,0.584888763197587,0.42225765384893,5
639,21,5,"random","skewed","random","stacked",0.614424398799331,0.385575601200669,0,0.385575601200669,0.388332039386984,5
640,21,5,"random","skewed","random","simple",0.469387755102041,0,0.530612244897959,0.530612244897959,0.225928173885438,5
640,21,5,"random","skewed","random","group",0.555555555555556,0,0.444444444444444,0.444444444444444,0.225928173885438,5
640,21,5,"random","skewed","random","dynamic",0.443883667865568,0,0.556116332134432,0.556116332134432,0.225928173885438,5
640,21,5,"random","skewed","random","calendar",0.443883667865568,0,0.556116332134432,0.556116332134432,0.225928173885438,5
640,21,5,"random","skewed","random","stacked",0.539665548881579,0,0.460334451118421,0.460334451118421,0.207776336841245,5
641,21,5,"random","skewed","random","simple",1,0,0,0,NA,5
641,21,5,"random","skewed","random","group",1,0,0,0,NA,5
641,21,5,"random","skewed","random","dynamic",1,0,0,0,NA,5
641,21,5,"random","skewed","random","calendar",1,0,0,0,NA,5
641,21,5,"random","skewed","random","stacked",1,0,0,0,NA,5
642,21,5,"random","skewed","random","simple",0.0972762645914397,0.90272373540856,0,0.311284046692607,1.5313674842078,5
642,21,5,"random","skewed","random","group",0.277777777777778,0.722222222222222,0,0.277777777777778,1.5313674842078,5
642,21,5,"random","skewed","random","dynamic",0.0759803921568628,0.924019607843137,0,0.294663411923474,1.5313674842078,5
642,21,5,"random","skewed","random","calendar",0.0759803921568628,0.924019607843137,0,0.294663411923474,1.5313674842078,5
642,21,5,"random","skewed","random","stacked",0.358872230007126,0.641127769992874,0,0.364908279677697,0.490220783522322,5
643,21,5,"random","skewed","random","simple",0.167272727272727,0.832727272727273,0,0.832727272727273,0.84833027763666,5
643,21,5,"random","skewed","random","group",0.277777777777778,0.722222222222222,0,0.722222222222222,0.84833027763666,5
643,21,5,"random","skewed","random","dynamic",0.148216230936819,0.851783769063181,0,0.851783769063181,0.84833027763666,5
643,21,5,"random","skewed","random","calendar",0.148216230936819,0.851783769063181,0,0.851783769063181,0.84833027763666,5
643,21,5,"random","skewed","random","stacked",0.391591771643736,0.608408228356264,0,0.608408228356264,0.780172541067144,5
644,21,5,"random","skewed","random","simple",0.458167330677291,0.541832669322709,0,0.541832669322709,0.570742777277959,5
644,21,5,"random","skewed","random","group",0.555555555555556,0.444444444444444,0,0.444444444444444,0.570742777277959,5
644,21,5,"random","skewed","random","dynamic",0.412992044479934,0.587007955520066,0,0.587007955520066,0.570742777277959,5
644,21,5,"random","skewed","random","calendar",0.412992044479934,0.587007955520066,0,0.587007955520066,0.570742777277959,5
644,21,5,"random","skewed","random","stacked",0.640103136818505,0.359896863181495,0,0.359896863181495,0.524887363545659,5
645,21,5,"random","skewed","random","simple",0.2,0.8,0,0.275862068965517,1.5313674842078,5
645,21,5,"random","skewed","random","group",0.277777777777778,0.722222222222222,0,0.277777777777778,1.5313674842078,5
645,21,5,"random","skewed","random","dynamic",0.179050567595459,0.820949432404541,0,0.255021036754783,1.5313674842078,5
645,21,5,"random","skewed","random","calendar",0.179050567595459,0.820949432404541,0,0.255021036754783,1.5313674842078,5
645,21,5,"random","skewed","random","stacked",0.395467284045038,0.604532715954962,0,0.34407961051268,0.490220783522322,5
646,21,5,"random","skewed","random","simple",0.365638766519824,0.634361233480176,0,0.634361233480176,0.84833027763666,5
646,21,5,"random","skewed","random","group",0.555555555555556,0.444444444444444,0,0.444444444444444,0.84833027763666,5
646,21,5,"random","skewed","random","dynamic",0.292679179934082,0.707320820065918,0,0.707320820065918,0.84833027763666,5
646,21,5,"random","skewed","random","calendar",0.292679179934082,0.707320820065918,0,0.707320820065918,0.84833027763666,5
646,21,5,"random","skewed","random","stacked",0.685362056029996,0.314637943970004,0,0.314637943970004,0.780172541067144,5
647,21,5,"random","skewed","random","simple",0.210884353741497,0.789115646258503,0,0.272108843537415,1.5313674842078,5
647,21,5,"random","skewed","random","group",0.277777777777778,0.722222222222222,0,0.277777777777778,1.5313674842078,5
647,21,5,"random","skewed","random","dynamic",0.185952012383901,0.814047987616099,0,0.252366634913075,1.5313674842078,5
647,21,5,"random","skewed","random","calendar",0.185952012383901,0.814047987616099,0,0.252366634913074,1.5313674842078,5
647,21,5,"random","skewed","random","stacked",0.422409214113804,0.577590785886196,0,0.328745173583362,0.490220783522322,5
648,21,5,"random","skewed","random","simple",0.0487012987012987,0.951298701298701,0,0.165584415584416,1.5313674842078,5
648,21,5,"random","skewed","random","group",0.111111111111111,0.888888888888889,0,0.166666666666667,1.03969471120323,5
648,21,5,"random","skewed","random","dynamic",0.0457516339869281,0.954248366013072,0,0.159184726522188,1.5313674842078,5
648,21,5,"random","skewed","random","calendar",0.0457516339869281,0.954248366013072,0,0.159184726522188,1.5313674842078,5
648,21,5,"random","skewed","random","stacked",0.155163654619145,0.844836345380855,0,0.515759498833051,0.98487056326405,5
649,21,5,"random","skewed","random","simple",0.124,0.876,0,0.876,0.84833027763666,5
649,21,5,"random","skewed","random","group",0.277777777777778,0.722222222222222,0,0.722222222222222,0.84833027763666,5
649,21,5,"random","skewed","random","dynamic",0.0982888525780683,0.901711147421932,0,0.901711147421932,0.84833027763666,5
649,21,5,"random","skewed","random","calendar",0.0982888525780683,0.901711147421932,0,0.901711147421932,0.84833027763666,5
649,21,5,"random","skewed","random","stacked",0.340084018782996,0.659915981217003,0,0.659915981217003,0.384174999142706,5
650,21,5,"random","skewed","random","simple",0.440329218106996,0.559670781893004,0,0.559670781893004,0.570742777277959,5
650,21,5,"random","skewed","random","group",0.555555555555556,0.444444444444444,0,0.444444444444444,0.570742777277959,5
650,21,5,"random","skewed","random","dynamic",0.382175494632242,0.617824505367758,0,0.617824505367758,0.570742777277959,5
650,21,5,"random","skewed","random","calendar",0.382175494632242,0.617824505367758,0,0.617824505367758,0.570742777277959,5
650,21,5,"random","skewed","random","stacked",0.65169224988926,0.34830775011074,0,0.34830775011074,0.524887363545659,5
651,21,5,"random","skewed","random","simple",0.421686746987952,0.578313253012048,0,0.578313253012048,0.84833027763666,5
651,21,5,"random","skewed","random","group",0.555555555555556,0.444444444444444,0,0.444444444444444,0.84833027763666,5
651,21,5,"random","skewed","random","dynamic",0.371236243785263,0.628763756214737,0,0.628763756214737,0.84833027763666,5
651,21,5,"random","skewed","random","calendar",0.371236243785263,0.628763756214737,0,0.628763756214737,0.84833027763666,5
651,21,5,"random","skewed","random","stacked",0.678814812382343,0.321185187617657,0,0.321185187617657,0.780172541067144,5
652,21,5,"random","skewed","random","simple",0.443850267379679,0,0.556149732620321,0.556149732620321,0.225928173885438,5
652,21,5,"random","skewed","random","group",0.555555555555556,0,0.444444444444444,0.444444444444444,0.225928173885438,5
652,21,5,"random","skewed","random","dynamic",0.386723131067022,0,0.613276868932978,0.613276868932978,0.225928173885438,5
652,21,5,"random","skewed","random","calendar",0.386723131067022,0,0.613276868932978,0.613276868932978,0.225928173885438,5
652,21,5,"random","skewed","random","stacked",0.546740132801763,0,0.453259867198237,0.453259867198237,0.207776336841245,5
653,21,5,"random","skewed","random","simple",0.556603773584906,0.443396226415094,0,0.160377358490566,1.03969471120323,5
653,21,5,"random","skewed","random","group",0.555555555555556,0.444444444444444,0,0.166666666666667,1.03969471120323,5
653,21,5,"random","skewed","random","dynamic",0.58044243338361,0.41955756661639,0,0.150122549019608,1.03969471120323,5
653,21,5,"random","skewed","random","calendar",0.58044243338361,0.41955756661639,0,0.150122549019608,1.03969471120323,5
653,21,5,"random","skewed","random","stacked",0.377721078258924,0.622278921741076,0,0.622278921741076,0.98487056326405,5
654,21,5,"random","skewed","random","simple",0.469387755102041,0,0.530612244897959,0.530612244897959,0.225928173885438,5
654,21,5,"random","skewed","random","group",0.555555555555556,0,0.444444444444444,0.444444444444444,0.225928173885438,5
654,21,5,"random","skewed","random","dynamic",0.443380902656921,0,0.556619097343079,0.556619097343079,0.225928173885438,5
654,21,5,"random","skewed","random","calendar",0.443380902656921,0,0.556619097343079,0.556619097343079,0.225928173885438,5
654,21,5,"random","skewed","random","stacked",0.543742709905684,0,0.456257290094316,0.456257290094316,0.207776336841245,5
655,21,5,"random","skewed","random","simple",0.496062992125984,0.503937007874016,0,0.503937007874016,0.42225765384893,5
655,21,5,"random","skewed","random","group",0.555555555555556,0.444444444444444,0,0.444444444444444,0.42225765384893,5
655,21,5,"random","skewed","random","dynamic",0.460312971342383,0.539687028657617,0,0.539687028657617,0.42225765384893,5
655,21,5,"random","skewed","random","calendar",0.460312971342383,0.539687028657617,0,0.539687028657617,0.42225765384893,5
655,21,5,"random","skewed","random","stacked",0.611639663198695,0.388360336801305,0,0.388360336801305,0.388332039386984,5
656,21,5,"random","skewed","random","simple",0.161172161172161,0.838827838827839,0,0.838827838827839,0.84833027763666,5
656,21,5,"random","skewed","random","group",0.277777777777778,0.722222222222222,0,0.722222222222222,0.84833027763666,5
656,21,5,"random","skewed","random","dynamic",0.145356753812636,0.854643246187364,0,0.854643246187364,0.84833027763666,5
656,21,5,"random","skewed","random","calendar",0.145356753812636,0.854643246187364,0,0.854643246187364,0.84833027763666,5
656,21,5,"random","skewed","random","stacked",0.373694734709986,0.626305265290014,0,0.626305265290014,0.780172541067144,5
657,21,5,"random","skewed","random","simple",0.139830508474576,0.860169491525424,0,0.860169491525424,0.42225765384893,5
657,21,5,"random","skewed","random","group",0.277777777777778,0.722222222222222,0,0.722222222222222,0.42225765384893,5
657,21,5,"random","skewed","random","dynamic",0.119970383986928,0.880029616013072,0,0.880029616013072,0.42225765384893,5
657,21,5,"random","skewed","random","calendar",0.119970383986928,0.880029616013072,0,0.880029616013072,0.42225765384893,5
657,21,5,"random","skewed","random","stacked",0.292497978559717,0.707502021440283,0,0.707502021440283,0.388332039386984,5
658,21,5,"random","skewed","random","simple",0.401574803149606,0.598425196850394,0,0,1.5313674842078,5
658,21,5,"random","skewed","random","group",0.555555555555556,0.444444444444444,0,0,1.5313674842078,5
658,21,5,"random","skewed","random","dynamic",0.323304490487153,0.676695509512847,0,0,1.5313674842078,5
658,21,5,"random","skewed","random","calendar",0.323304490487153,0.676695509512847,0,0,1.5313674842078,5
658,21,5,"random","skewed","random","stacked",0.768939431070264,0.231060568929736,0,0,1.4083322179545,5
659,21,5,"random","skewed","random","simple",0.39622641509434,0,0.60377358490566,0.60377358490566,0.193397730187677,5
659,21,5,"random","skewed","random","group",0.555555555555556,0,0.444444444444444,0.444444444444444,0.193397730187677,5
659,21,5,"random","skewed","random","dynamic",0.326085134908664,0,0.673914865091336,0.673914865091336,0.193397730187677,5
659,21,5,"random","skewed","random","calendar",0.326085134908664,0,0.673914865091336,0.673914865091336,0.193397730187677,5
659,21,5,"random","skewed","random","stacked",0.505363105572466,0,0.494636894427534,0.494636894427534,0.177859499507055,5
660,21,5,"random","skewed","random","simple",0.149606299212598,0.850393700787402,0,0.850393700787402,0.570742777277959,5
660,21,5,"random","skewed","random","group",0.277777777777778,0.722222222222222,0,0.722222222222222,0.570742777277959,5
660,21,5,"random","skewed","random","dynamic",0.134755863129566,0.865244136870434,0,0.865244136870434,0.570742777277959,5
660,21,5,"random","skewed","random","calendar",0.134755863129566,0.865244136870434,0,0.865244136870434,0.570742777277959,5
660,21,5,"random","skewed","random","stacked",0.310124353292603,0.689875646707397,0,0.689875646707397,0.524887363545659,5
661,21,5,"random","skewed","random","simple",0.241721854304636,0.758278145695364,0,0.758278145695364,0.84833027763666,5
661,21,5,"random","skewed","random","group",0.277777777777778,0.722222222222222,0,0.722222222222222,0.84833027763666,5
661,21,5,"random","skewed","random","dynamic",0.229507080610022,0.770492919389978,0,0.770492919389978,0.84833027763666,5
661,21,5,"random","skewed","random","calendar",0.229507080610022,0.770492919389978,0,0.770492919389978,0.84833027763666,5
661,21,5,"random","skewed","random","stacked",0.370724365544887,0.629275634455113,0,0.629275634455113,0.780172541067144,5
662,21,5,"random","skewed","random","simple",0.697508896797153,0.302491103202847,0,0.302491103202847,0.699489647648167,5
662,21,5,"random","skewed","random","group",0.722222222222222,0.277777777777778,0,0.277777777777778,0.699489647648167,5
662,21,5,"random","skewed","random","dynamic",0.715395613373555,0.284604386626446,0,0.284604386626446,0.699489647648167,5
662,21,5,"random","skewed","random","calendar",0.715395613373555,0.284604386626445,0,0.284604386626445,0.699489647648167,5
662,21,5,"random","skewed","random","stacked",0.617357953557394,0.382642046442607,0,0.382642046442607,0.662604854918761,5
663,21,5,"random","skewed","random","simple",0.433628318584071,0.566371681415929,0,0.566371681415929,0.42225765384893,5
663,21,5,"random","skewed","random","group",0.555555555555556,0.444444444444444,0,0.444444444444444,0.42225765384893,5
663,21,5,"random","skewed","random","dynamic",0.399274132730015,0.600725867269985,0,0.600725867269985,0.42225765384893,5
663,21,5,"random","skewed","random","calendar",0.399274132730015,0.600725867269985,0,0.600725867269985,0.42225765384893,5
663,21,5,"random","skewed","random","stacked",0.587388865404089,0.412611134595911,0,0.412611134595911,0.388332039386984,5
664,21,5,"random","skewed","random","simple",0.452991452991453,0.547008547008547,0,0.547008547008547,0.42225765384893,5
664,21,5,"random","skewed","random","group",0.555555555555556,0.444444444444444,0,0.444444444444444,0.42225765384893,5
664,21,5,"random","skewed","random","dynamic",0.403814731020613,0.596185268979387,0,0.596185268979387,0.42225765384893,5
664,21,5,"random","skewed","random","calendar",0.403814731020613,0.596185268979387,0,0.596185268979387,0.42225765384893,5
664,21,5,"random","skewed","random","stacked",0.615826200157602,0.384173799842398,0,0.384173799842398,0.388332039386984,5
665,21,5,"random","skewed","random","simple",0.681208053691275,0.318791946308725,0,0,1.87680991261445,5
665,21,5,"random","skewed","random","group",0.722222222222222,0.277777777777778,0,0,1.87680991261445,5
665,21,5,"random","skewed","random","dynamic",0.682110985419809,0.317889014580191,0,0,1.87680991261445,5
665,21,5,"random","skewed","random","calendar",0.682110985419809,0.317889014580191,0,0,1.87680991261445,5
665,21,5,"random","skewed","random","stacked",0.780407280155341,0.219592719844659,0,0,1.77784383805991,5
666,21,5,"random","skewed","random","simple",0.357142857142857,0.642857142857143,0,0.642857142857143,0.84833027763666,5
666,21,5,"random","skewed","random","group",0.555555555555556,0.444444444444444,0,0.444444444444444,0.84833027763666,5
666,21,5,"random","skewed","random","dynamic",0.272708228590582,0.727291771409418,0,0.727291771409418,0.84833027763666,5
666,21,5,"random","skewed","random","calendar",0.272708228590582,0.727291771409418,0,0.727291771409418,0.84833027763666,5
666,21,5,"random","skewed","random","stacked",0.696958237940395,0.303041762059605,0,0.303041762059605,0.780172541067144,5
667,21,5,"random","skewed","random","simple",0.393939393939394,0.606060606060606,0,0.606060606060606,0.330913823440591,5
667,21,5,"random","skewed","random","group",0.555555555555556,0.444444444444444,0,0.444444444444444,0.330913823440591,5
667,21,5,"random","skewed","random","dynamic",0.323328305681247,0.676671694318753,0,0.676671694318753,0.330913823440591,5
667,21,5,"random","skewed","random","calendar",0.323328305681247,0.676671694318753,0,0.676671694318753,0.330913823440591,5
667,21,5,"random","skewed","random","stacked",0.574301666770044,0.425698333229956,0,0.425698333229956,0.304327082639462,5
668,21,5,"random","skewed","random","simple",0.188405797101449,0.811594202898551,0,0.811594202898551,0.84833027763666,5
668,21,5,"random","skewed","random","group",0.277777777777778,0.722222222222222,0,0.722222222222222,0.84833027763666,5
668,21,5,"random","skewed","random","dynamic",0.172090595497458,0.827909404502542,0,0.827909404502542,0.84833027763666,5
668,21,5,"random","skewed","random","calendar",0.172090595497458,0.827909404502542,0,0.827909404502542,0.84833027763666,5
668,21,5,"random","skewed","random","stacked",0.337770955288933,0.662229044711067,0,0.662229044711067,0.780172541067144,5
669,21,5,"random","skewed","random","simple",0.72972972972973,0.27027027027027,0,0.27027027027027,0.517509584468528,5
669,21,5,"random","skewed","random","group",0.722222222222222,0.277777777777778,0,0.277777777777778,0.517509584468528,5
669,21,5,"random","skewed","random","dynamic",0.754194947209653,0.245805052790347,0,0.245805052790347,0.517509584468528,5
669,21,5,"random","skewed","random","calendar",0.754194947209653,0.245805052790347,0,0.245805052790347,0.517509584468528,5
669,21,5,"random","skewed","random","stacked",0.627309292594556,0.372690707405444,0,0.372690707405444,0.490220783522322,5
670,21,5,"random","skewed","random","simple",0.70479704797048,0.29520295202952,0,0.29520295202952,0.517509584468528,5
670,21,5,"random","skewed","random","group",0.722222222222222,0.277777777777778,0,0.277777777777778,0.517509584468528,5
670,21,5,"random","skewed","random","dynamic",0.727485545500251,0.272514454499749,0,0.272514454499749,0.517509584468528,5
670,21,5,"random","skewed","random","calendar",0.727485545500251,0.272514454499749,0,0.272514454499749,0.517509584468528,5
670,21,5,"random","skewed","random","stacked",0.592995802542557,0.407004197457443,0,0.407004197457443,0.490220783522322,5
671,21,5,"random","skewed","random","simple",0.118959107806691,0.881040892193309,0,0.315985130111524,1.5313674842078,5
671,21,5,"random","skewed","random","group",0.277777777777778,0.722222222222222,0,0.277777777777778,1.5313674842078,5
671,21,5,"random","skewed","random","dynamic",0.0985122119023048,0.901487788097695,0,0.306240242385753,1.5313674842078,5
671,21,5,"random","skewed","random","calendar",0.0985122119023048,0.901487788097695,0,0.306240242385753,1.5313674842078,5
671,21,5,"random","skewed","random","stacked",0.407197465085093,0.592802534914907,0,0.313563142424519,0.662604854918761,5
672,21,5,"random","skewed","random","simple",0.437037037037037,0.562962962962963,0,0,1.5313674842078,5
672,21,5,"random","skewed","random","group",0.555555555555556,0.444444444444444,0,0,1.5313674842078,5
672,21,5,"random","skewed","random","dynamic",0.372562250271229,0.627437749728771,0,0,1.5313674842078,5
672,21,5,"random","skewed","random","calendar",0.372562250271229,0.627437749728771,0,0,1.5313674842078,5
672,21,5,"random","skewed","random","stacked",0.769693603062191,0.230306396937809,0,0,1.4083322179545,5
673,21,8,"random","equal","random","simple",1,0,0,0,NA,8
673,21,8,"random","equal","random","group",1,0,0,0,NA,8
673,21,8,"random","equal","random","dynamic",1,0,0,0,NA,8
673,21,8,"random","equal","random","calendar",1,0,0,0,NA,8
673,21,8,"random","equal","random","stacked",1,0,0,0,NA,8
674,21,8,"random","equal","random","simple",0.626262626262626,0.373737373737374,0,0,2.36969300063141,8
674,21,8,"random","equal","random","group",0.75,0.25,0,0,1.31273671530204,8
674,21,8,"random","equal","random","dynamic",0.60702380952381,0.392976190476191,0,0,2.36969300063141,8
674,21,8,"random","equal","random","calendar",0.60702380952381,0.39297619047619,0,0,2.36969300063141,8
674,21,8,"random","equal","random","stacked",0.819607843137255,0.180392156862745,0,0,1.2697569127916,8
675,21,8,"random","equal","random","simple",0.478260869565217,0.521739130434783,0,0.246376811594203,2.36969300063141,8
675,21,8,"random","equal","random","group",0.75,0.25,0,0.125,0.883187855576138,8
675,21,8,"random","equal","random","dynamic",0.327944862155388,0.672055137844612,0,0.283395989974937,2.36969300063141,8
675,21,8,"random","equal","random","calendar",0.327944862155388,0.672055137844612,0,0.283395989974937,2.36969300063141,8
675,21,8,"random","equal","random","stacked",0.803703703703704,0.196296296296296,0,0.125925925925926,0.854271745308325,8
676,21,8,"random","equal","random","simple",0.532467532467532,0.467532467532468,0,0.220779220779221,2.36969300063141,8
676,21,8,"random","equal","random","group",0.75,0.25,0,0.125,0.883187855576138,8
676,21,8,"random","equal","random","dynamic",0.390100250626566,0.609899749373434,0,0.252318295739348,2.36969300063141,8
676,21,8,"random","equal","random","calendar",0.390100250626566,0.609899749373434,0,0.252318295739348,2.36969300063141,8
676,21,8,"random","equal","random","stacked",0.81786941580756,0.18213058419244,0,0.116838487972509,0.854271745308325,8
677,21,8,"random","equal","random","simple",0.531645569620253,0.468354430379747,0,0,2.36969300063141,8
677,21,8,"random","equal","random","group",0.75,0.25,0,0,1.31273671530204,8
677,21,8,"random","equal","random","dynamic",0.421679197994987,0.578320802005013,0,0,2.36969300063141,8
677,21,8,"random","equal","random","calendar",0.421679197994987,0.578320802005013,0,0,2.36969300063141,8
677,21,8,"random","equal","random","stacked",0.830258302583026,0.169741697416974,0,0,1.2697569127916,8
678,21,8,"random","equal","random","simple",0.756756756756757,0.243243243243243,0,0,1.31273671530204,8
678,21,8,"random","equal","random","group",0.875,0.125,0,0,1.31273671530204,8
678,21,8,"random","equal","random","dynamic",0.630886243386243,0.369113756613757,0,0,1.31273671530204,8
678,21,8,"random","equal","random","calendar",0.630886243386243,0.369113756613757,0,0,1.31273671530204,8
678,21,8,"random","equal","random","stacked",0.910596026490066,0.0894039735099338,0,0,1.2697569127916,8
679,21,8,"random","equal","random","simple",0.773809523809524,0.226190476190476,0,0,2.36969300063141,8
679,21,8,"random","equal","random","group",0.875,0.125,0,0,2.36969300063141,8
679,21,8,"random","equal","random","dynamic",0.616040100250627,0.383959899749373,0,0,2.36969300063141,8
679,21,8,"random","equal","random","calendar",0.616040100250626,0.383959899749374,0,0,2.36969300063141,8
679,21,8,"random","equal","random","stacked",0.942771084337349,0.0572289156626506,0,0,2.29210780324164,8
680,21,8,"random","equal","random","simple",0.779220779220779,0.220779220779221,0,0.220779220779221,0.883187855576138,8
680,21,8,"random","equal","random","group",0.875,0.125,0,0.125,0.883187855576138,8
680,21,8,"random","equal","random","dynamic",0.698319327731093,0.301680672268908,0,0.301680672268908,0.883187855576138,8
680,21,8,"random","equal","random","calendar",0.698319327731092,0.301680672268908,0,0.301680672268908,0.883187855576138,8
680,21,8,"random","equal","random","stacked",0.897280966767372,0.102719033232628,0,0.102719033232628,0.854271745308325,8
681,21,8,"random","equal","random","simple",0.571428571428571,0.428571428571429,0,0.202380952380952,2.36969300063141,8
681,21,8,"random","equal","random","group",0.75,0.25,0,0.125,0.883187855576138,8
681,21,8,"random","equal","random","dynamic",0.420050125313283,0.579949874686717,0,0.23734335839599,2.36969300063141,8
681,21,8,"random","equal","random","calendar",0.420050125313283,0.579949874686717,0,0.23734335839599,2.36969300063141,8
681,21,8,"random","equal","random","stacked",0.840361445783133,0.159638554216867,0,0.102409638554217,0.854271745308325,8
682,21,8,"random","equal","random","simple",1,0,0,0,NA,8
682,21,8,"random","equal","random","group",1,0,0,0,NA,8
682,21,8,"random","equal","random","dynamic",1,0,0,0,NA,8
682,21,8,"random","equal","random","calendar",1,0,0,0,NA,8
682,21,8,"random","equal","random","stacked",1,0,0,0,NA,8
683,21,8,"random","equal","random","simple",0.443298969072165,0.556701030927835,0,0.175257731958763,1.31273671530204,8
683,21,8,"random","equal","random","group",0.625,0.375,0,0.125,1.31273671530204,8
683,21,8,"random","equal","random","dynamic",0.379511278195489,0.620488721804511,0,0.171741854636592,1.31273671530204,8
683,21,8,"random","equal","random","calendar",0.379511278195489,0.620488721804511,0,0.171741854636591,1.31273671530204,8
683,21,8,"random","equal","random","stacked",0.701492537313433,0.298507462686567,0,0.126865671641791,1.2697569127916,8
684,21,8,"random","equal","random","simple",0.824742268041237,0.175257731958763,0,0.175257731958763,0.883187855576138,8
684,21,8,"random","equal","random","group",0.875,0.125,0,0.125,0.883187855576138,8
684,21,8,"random","equal","random","dynamic",0.825595238095238,0.174404761904762,0,0.174404761904762,0.883187855576138,8
684,21,8,"random","equal","random","calendar",0.825595238095238,0.174404761904762,0,0.174404761904762,0.883187855576138,8
684,21,8,"random","equal","random","stacked",0.885521885521885,0.114478114478114,0,0.114478114478114,0.854271745308325,8
685,21,8,"random","equal","random","simple",0.55421686746988,0.44578313253012,0,0,2.36969300063141,8
685,21,8,"random","equal","random","group",0.75,0.25,0,0,1.31273671530204,8
685,21,8,"random","equal","random","dynamic",0.363032581453634,0.636967418546366,0,0,2.36969300063141,8
685,21,8,"random","equal","random","calendar",0.363032581453634,0.636967418546366,0,0,2.36969300063141,8
685,21,8,"random","equal","random","stacked",0.865102639296188,0.134897360703812,0,0,1.2697569127916,8
686,21,8,"random","equal","random","simple",0.734375,0.265625,0,0.265625,0.883187855576138,8
686,21,8,"random","equal","random","group",0.875,0.125,0,0.125,0.883187855576138,8
686,21,8,"random","equal","random","dynamic",0.624439775910364,0.375560224089636,0,0.375560224089636,0.883187855576138,8
686,21,8,"random","equal","random","calendar",0.624439775910364,0.375560224089636,0,0.375560224089636,0.883187855576138,8
686,21,8,"random","equal","random","stacked",0.881944444444444,0.118055555555556,0,0.118055555555556,0.854271745308325,8
687,21,8,"random","equal","random","simple",0.828282828282828,0.171717171717172,0,0.171717171717172,0.883187855576138,8
687,21,8,"random","equal","random","group",0.875,0.125,0,0.125,0.883187855576138,8
687,21,8,"random","equal","random","dynamic",0.763095238095238,0.236904761904762,0,0.236904761904762,0.883187855576138,8
687,21,8,"random","equal","random","calendar",0.763095238095238,0.236904761904762,0,0.236904761904762,0.883187855576138,8
687,21,8,"random","equal","random","stacked",0.90633608815427,0.09366391184573,0,0.09366391184573,0.854271745308325,8
688,21,8,"random","equal","random","simple",0.779220779220779,0.220779220779221,0,0.220779220779221,0.883187855576138,8
688,21,8,"random","equal","random","group",0.875,0.125,0,0.125,0.883187855576138,8
688,21,8,"random","equal","random","dynamic",0.700420168067227,0.299579831932773,0,0.299579831932773,0.883187855576138,8
688,21,8,"random","equal","random","calendar",0.700420168067227,0.299579831932773,0,0.299579831932773,0.883187855576138,8
688,21,8,"random","equal","random","stacked",0.892063492063492,0.107936507936508,0,0.107936507936508,0.854271745308325,8
689,21,8,"random","equal","random","simple",0.393258426966292,0.606741573033708,0,0.191011235955056,1.31273671530204,8
689,21,8,"random","equal","random","group",0.625,0.375,0,0.125,1.31273671530204,8
689,21,8,"random","equal","random","dynamic",0.32218045112782,0.677819548872181,0,0.190852130325815,1.31273671530204,8
689,21,8,"random","equal","random","calendar",0.32218045112782,0.677819548872181,0,0.190852130325815,1.31273671530204,8
689,21,8,"random","equal","random","stacked",0.692307692307692,0.307692307692308,0,0.130769230769231,1.2697569127916,8
690,21,8,"random","equal","random","simple",0.639175257731959,0.360824742268041,0,0.175257731958763,1.31273671530204,8
690,21,8,"random","equal","random","group",0.75,0.25,0,0.125,0.883187855576138,8
690,21,8,"random","equal","random","dynamic",0.641428571428571,0.358571428571429,0,0.166785714285714,1.31273671530204,8
690,21,8,"random","equal","random","calendar",0.641428571428572,0.358571428571429,0,0.166785714285714,1.31273671530204,8
690,21,8,"random","equal","random","stacked",0.774074074074074,0.225925925925926,0,0.125925925925926,0.854271745308325,8
691,21,8,"random","equal","random","simple",0.791208791208791,0.208791208791209,0,0,2.36969300063141,8
691,21,8,"random","equal","random","group",0.875,0.125,0,0,2.36969300063141,8
691,21,8,"random","equal","random","dynamic",0.752202380952381,0.247797619047619,0,0,2.36969300063141,8
691,21,8,"random","equal","random","calendar",0.752202380952381,0.247797619047619,0,0,2.36969300063141,8
691,21,8,"random","equal","random","stacked",0.933098591549296,0.0669014084507042,0,0,2.29210780324164,8
692,21,8,"random","equal","random","simple",0.802083333333333,0.197916666666667,0,0,2.36969300063141,8
692,21,8,"random","equal","random","group",0.875,0.125,0,0,2.36969300063141,8
692,21,8,"random","equal","random","dynamic",0.677255639097744,0.322744360902256,0,0,2.36969300063141,8
692,21,8,"random","equal","random","calendar",0.677255639097744,0.322744360902256,0,0,2.36969300063141,8
692,21,8,"random","equal","random","stacked",0.940438871473354,0.0595611285266458,0,0,2.29210780324164,8
693,21,8,"random","equal","random","simple",0.448979591836735,0.551020408163265,0,0.173469387755102,1.31273671530204,8
693,21,8,"random","equal","random","group",0.625,0.375,0,0.125,1.31273671530204,8
693,21,8,"random","equal","random","dynamic",0.436488095238095,0.563511904761905,0,0.168392857142857,1.31273671530204,8
693,21,8,"random","equal","random","calendar",0.436488095238095,0.563511904761905,0,0.168392857142857,1.31273671530204,8
693,21,8,"random","equal","random","stacked",0.686274509803922,0.313725490196078,0,0.133333333333333,1.2697569127916,8
694,21,8,"random","equal","random","simple",0.763157894736842,0.236842105263158,0,0,1.31273671530204,8
694,21,8,"random","equal","random","group",0.875,0.125,0,0,1.31273671530204,8
694,21,8,"random","equal","random","dynamic",0.674933862433862,0.325066137566138,0,0,1.31273671530204,8
694,21,8,"random","equal","random","calendar",0.674933862433862,0.325066137566138,0,0,1.31273671530204,8
694,21,8,"random","equal","random","stacked",0.900735294117647,0.099264705882353,0,0,1.2697569127916,8
695,21,8,"random","equal","random","simple",0.604395604395604,0.395604395604396,0,0.186813186813187,2.36969300063141,8
695,21,8,"random","equal","random","group",0.75,0.25,0,0.125,0.883187855576138,8
695,21,8,"random","equal","random","dynamic",0.483333333333333,0.516666666666667,0,0.205701754385965,2.36969300063141,8
695,21,8,"random","equal","random","calendar",0.483333333333333,0.516666666666667,0,0.205701754385965,2.36969300063141,8
695,21,8,"random","equal","random","stacked",0.833855799373041,0.166144200626959,0,0.106583072100313,0.854271745308325,8
696,21,8,"random","equal","random","simple",0.604395604395604,0.395604395604396,0,0.186813186813187,2.36969300063141,8
696,21,8,"random","equal","random","group",0.75,0.25,0,0.125,0.883187855576138,8
696,21,8,"random","equal","random","dynamic",0.593214285714286,0.406785714285714,0,0.178392857142857,2.36969300063141,8
696,21,8,"random","equal","random","calendar",0.593214285714286,0.406785714285714,0,0.178392857142857,2.36969300063141,8
696,21,8,"random","equal","random","stacked",0.762331838565022,0.237668161434978,0,0.152466367713004,0.854271745308325,8
697,21,8,"random","equal","random","simple",0.773333333333333,0.226666666666667,0,0.226666666666667,0.883187855576138,8
697,21,8,"random","equal","random","group",0.875,0.125,0,0.125,0.883187855576138,8
697,21,8,"random","equal","random","dynamic",0.637675070028011,0.362324929971989,0,0.362324929971989,0.883187855576138,8
697,21,8,"random","equal","random","calendar",0.637675070028011,0.362324929971989,0,0.362324929971989,0.883187855576138,8
697,21,8,"random","equal","random","stacked",0.898507462686567,0.101492537313433,0,0.101492537313433,0.854271745308325,8
698,21,8,"random","equal","random","simple",0.590909090909091,0.409090909090909,0,0.193181818181818,2.36969300063141,8
698,21,8,"random","equal","random","group",0.75,0.25,0,0.125,0.883187855576138,8
698,21,8,"random","equal","random","dynamic",0.482080200501253,0.517919799498747,0,0.206328320802005,2.36969300063141,8
698,21,8,"random","equal","random","calendar",0.482080200501253,0.517919799498747,0,0.206328320802005,2.36969300063141,8
698,21,8,"random","equal","random","stacked",0.823333333333333,0.176666666666667,0,0.113333333333333,0.854271745308325,8
699,21,8,"random","equal","random","simple",0.783132530120482,0.216867469879518,0,0,1.31273671530204,8
699,21,8,"random","equal","random","group",0.875,0.125,0,0,1.31273671530204,8
699,21,8,"random","equal","random","dynamic",0.754107142857143,0.245892857142857,0,0,1.31273671530204,8
699,21,8,"random","equal","random","calendar",0.754107142857143,0.245892857142857,0,0,1.31273671530204,8
699,21,8,"random","equal","random","stacked",0.900735294117647,0.099264705882353,0,0,1.2697569127916,8
700,21,8,"random","equal","random","simple",0.753246753246753,0.246753246753247,0,0,2.36969300063141,8
700,21,8,"random","equal","random","group",0.875,0.125,0,0,2.36969300063141,8
700,21,8,"random","equal","random","dynamic",0.619172932330827,0.380827067669173,0,0,2.36969300063141,8
700,21,8,"random","equal","random","calendar",0.619172932330827,0.380827067669173,0,0,2.36969300063141,8
700,21,8,"random","equal","random","stacked",0.938511326860841,0.0614886731391586,0,0,2.29210780324164,8
701,21,8,"random","equal","random","simple",0.768292682926829,0.231707317073171,0,0,2.36969300063141,8
701,21,8,"random","equal","random","group",0.875,0.125,0,0,2.36969300063141,8
701,21,8,"random","equal","random","dynamic",0.72077380952381,0.27922619047619,0,0,2.36969300063141,8
701,21,8,"random","equal","random","calendar",0.720773809523809,0.279226190476191,0,0,2.36969300063141,8
701,21,8,"random","equal","random","stacked",0.928301886792453,0.0716981132075472,0,0,2.29210780324164,8
702,21,8,"random","equal","random","simple",0.6,0.4,0,0.188888888888889,2.36969300063141,8
702,21,8,"random","equal","random","group",0.75,0.25,0,0.125,0.883187855576138,8
702,21,8,"random","equal","random","dynamic",0.46265664160401,0.53734335839599,0,0.216040100250627,2.36969300063141,8
702,21,8,"random","equal","random","calendar",0.46265664160401,0.53734335839599,0,0.216040100250627,2.36969300063141,8
702,21,8,"random","equal","random","stacked",0.837920489296636,0.162079510703364,0,0.103975535168196,0.854271745308325,8
703,21,8,"random","equal","random","simple",0.759493670886076,0.240506329113924,0,0,2.36969300063141,8
703,21,8,"random","equal","random","group",0.875,0.125,0,0,2.36969300063141,8
703,21,8,"random","equal","random","dynamic",0.63452380952381,0.365476190476191,0,0,2.36969300063141,8
703,21,8,"random","equal","random","calendar",0.634523809523809,0.365476190476191,0,0,2.36969300063141,8
703,21,8,"random","equal","random","stacked",0.934027777777778,0.0659722222222223,0,0,2.29210780324164,8
704,21,8,"random","equal","random","simple",0.757142857142857,0.242857142857143,0,0.242857142857143,0.883187855576138,8
704,21,8,"random","equal","random","group",0.875,0.125,0,0.125,0.883187855576138,8
704,21,8,"random","equal","random","dynamic",0.644887955182073,0.355112044817927,0,0.355112044817927,0.883187855576138,8
704,21,8,"random","equal","random","calendar",0.644887955182073,0.355112044817927,0,0.355112044817927,0.883187855576138,8
704,21,8,"random","equal","random","stacked",0.892405063291139,0.107594936708861,0,0.107594936708861,0.854271745308325,8
705,21,8,"random","equal","random","simple",1,0,0,0,NA,8
705,21,8,"random","equal","random","group",1,0,0,0,NA,8
705,21,8,"random","equal","random","dynamic",1,0,0,0,NA,8
705,21,8,"random","equal","random","calendar",1,0,0,0,NA,8
705,21,8,"random","equal","random","stacked",1,0,0,0,NA,8
706,21,8,"random","equal","random","simple",1,0,0,0,NA,8
706,21,8,"random","equal","random","group",1,0,0,0,NA,8
706,21,8,"random","equal","random","dynamic",1,0,0,0,NA,8
706,21,8,"random","equal","random","calendar",1,0,0,0,NA,8
706,21,8,"random","equal","random","stacked",1,0,0,0,NA,8
707,21,8,"random","equal","random","simple",0.795698924731183,0.204301075268817,0,0,2.36969300063141,8
707,21,8,"random","equal","random","group",0.875,0.125,0,0,2.36969300063141,8
707,21,8,"random","equal","random","dynamic",0.622619047619048,0.377380952380952,0,0,2.36969300063141,8
707,21,8,"random","equal","random","calendar",0.622619047619048,0.377380952380952,0,0,2.36969300063141,8
707,21,8,"random","equal","random","stacked",0.948924731182796,0.0510752688172043,0,0,2.29210780324164,8
708,21,8,"random","equal","random","simple",0.654205607476635,0.345794392523364,0,0,2.36969300063141,8
708,21,8,"random","equal","random","group",0.75,0.25,0,0,1.31273671530204,8
708,21,8,"random","equal","random","dynamic",0.531203007518797,0.468796992481203,0,0,2.36969300063141,8
708,21,8,"random","equal","random","calendar",0.531203007518797,0.468796992481203,0,0,2.36969300063141,8
708,21,8,"random","equal","random","stacked",0.868945868945869,0.131054131054131,0,0,1.2697569127916,8
709,21,8,"random","equal","random","simple",0.763157894736842,0.236842105263158,0,0,1.31273671530204,8
709,21,8,"random","equal","random","group",0.875,0.125,0,0,1.31273671530204,8
709,21,8,"random","equal","random","dynamic",0.640013227513228,0.359986772486773,0,0,1.31273671530204,8
709,21,8,"random","equal","random","calendar",0.640013227513228,0.359986772486773,0,0,1.31273671530204,8
709,21,8,"random","equal","random","stacked",0.917177914110429,0.0828220858895706,0,0,1.2697569127916,8
710,21,8,"random","equal","random","simple",0.539473684210526,0.460526315789474,0,0.223684210526316,1.31273671530204,8
710,21,8,"random","equal","random","group",0.75,0.25,0,0.125,0.883187855576138,8
710,21,8,"random","equal","random","dynamic",0.393121693121693,0.606878306878307,0,0.275661375661376,1.31273671530204,8
710,21,8,"random","equal","random","calendar",0.393121693121693,0.606878306878307,0,0.275661375661376,1.31273671530204,8
710,21,8,"random","equal","random","stacked",0.808176100628931,0.191823899371069,0,0.106918238993711,0.854271745308325,8
711,21,8,"random","equal","random","simple",0.606741573033708,0.393258426966292,0,0.191011235955056,1.31273671530204,8
711,21,8,"random","equal","random","group",0.75,0.25,0,0.125,0.883187855576138,8
711,21,8,"random","equal","random","dynamic",0.582261904761905,0.417738095238095,0,0.196369047619048,1.31273671530204,8
711,21,8,"random","equal","random","calendar",0.582261904761905,0.417738095238095,0,0.196369047619048,1.31273671530204,8
711,21,8,"random","equal","random","stacked",0.791095890410959,0.208904109589041,0,0.116438356164384,0.854271745308325,8
712,21,8,"random","equal","random","simple",0.806451612903226,0.193548387096774,0,0,1.31273671530204,8
712,21,8,"random","equal","random","group",0.875,0.125,0,0,1.31273671530204,8
712,21,8,"random","equal","random","dynamic",0.781190476190476,0.218809523809524,0,0,1.31273671530204,8
712,21,8,"random","equal","random","calendar",0.781190476190476,0.218809523809524,0,0,1.31273671530204,8
712,21,8,"random","equal","random","stacked",0.913461538461538,0.0865384615384616,0,0,1.2697569127916,8
713,21,8,"random","equal","random","simple",1,0,0,0,NA,8
713,21,8,"random","equal","random","group",1,0,0,0,NA,8
713,21,8,"random","equal","random","dynamic",1,0,0,0,NA,8
713,21,8,"random","equal","random","calendar",1,0,0,0,NA,8
713,21,8,"random","equal","random","stacked",1,0,0,0,NA,8
714,21,8,"random","equal","random","simple",0.811111111111111,0.188888888888889,0,0.188888888888889,0.883187855576138,8
714,21,8,"random","equal","random","group",0.875,0.125,0,0.125,0.883187855576138,8
714,21,8,"random","equal","random","dynamic",0.751330532212885,0.248669467787115,0,0.248669467787115,0.883187855576138,8
714,21,8,"random","equal","random","calendar",0.751330532212885,0.248669467787115,0,0.248669467787115,0.883187855576138,8
714,21,8,"random","equal","random","stacked",0.891025641025641,0.108974358974359,0,0.108974358974359,0.854271745308325,8
715,21,8,"random","equal","random","simple",0.55,0.45,0,0.2125,2.36969300063141,8
715,21,8,"random","equal","random","group",0.75,0.25,0,0.125,0.883187855576138,8
715,21,8,"random","equal","random","dynamic",0.442731829573935,0.557268170426065,0,0.226002506265664,2.36969300063141,8
715,21,8,"random","equal","random","calendar",0.442731829573935,0.557268170426065,0,0.226002506265664,2.36969300063141,8
715,21,8,"random","equal","random","stacked",0.805860805860806,0.194139194139194,0,0.124542124542125,0.854271745308325,8
716,21,8,"random","equal","random","simple",1,0,0,0,NA,8
716,21,8,"random","equal","random","group",1,0,0,0,NA,8
716,21,8,"random","equal","random","dynamic",1,0,0,0,NA,8
716,21,8,"random","equal","random","calendar",1,0,0,0,NA,8
716,21,8,"random","equal","random","stacked",1,0,0,0,NA,8
717,21,8,"random","equal","random","simple",0.532467532467532,0.467532467532468,0,0.220779220779221,2.36969300063141,8
717,21,8,"random","equal","random","group",0.75,0.25,0,0.125,0.883187855576138,8
717,21,8,"random","equal","random","dynamic",0.354260651629073,0.645739348370927,0,0.270238095238095,2.36969300063141,8
717,21,8,"random","equal","random","calendar",0.354260651629073,0.645739348370927,0,0.270238095238095,2.36969300063141,8
717,21,8,"random","equal","random","stacked",0.833333333333333,0.166666666666667,0,0.106918238993711,0.854271745308325,8
718,21,8,"random","equal","random","simple",0.780487804878049,0.219512195121951,0,0,1.31273671530204,8
718,21,8,"random","equal","random","group",0.875,0.125,0,0,1.31273671530204,8
718,21,8,"random","equal","random","dynamic",0.613690476190476,0.386309523809524,0,0,1.31273671530204,8
718,21,8,"random","equal","random","calendar",0.613690476190476,0.386309523809524,0,0,1.31273671530204,8
718,21,8,"random","equal","random","stacked",0.92436974789916,0.0756302521008404,0,0,1.2697569127916,8
719,21,8,"random","equal","random","simple",0.55952380952381,0.44047619047619,0,0,2.36969300063141,8
719,21,8,"random","equal","random","group",0.75,0.25,0,0,1.31273671530204,8
719,21,8,"random","equal","random","dynamic",0.445363408521303,0.554636591478697,0,0,2.36969300063141,8
719,21,8,"random","equal","random","calendar",0.445363408521303,0.554636591478697,0,0,2.36969300063141,8
719,21,8,"random","equal","random","stacked",0.84406779661017,0.155932203389831,0,0,1.2697569127916,8
720,21,8,"random","equal","random","simple",0.808510638297872,0.191489361702128,0,0,1.31273671530204,8
720,21,8,"random","equal","random","group",0.875,0.125,0,0,1.31273671530204,8
720,21,8,"random","equal","random","dynamic",0.773928571428571,0.226071428571429,0,0,1.31273671530204,8
720,21,8,"random","equal","random","calendar",0.773928571428572,0.226071428571429,0,0,1.31273671530204,8
720,21,8,"random","equal","random","stacked",0.913461538461538,0.0865384615384616,0,0,1.2697569127916,8
721,21,8,"random","equal","random","simple",0.660194174757281,0.339805825242718,0,0.16504854368932,1.31273671530204,8
721,21,8,"random","equal","random","group",0.75,0.25,0,0.125,0.883187855576138,8
721,21,8,"random","equal","random","dynamic",0.641904761904762,0.358095238095238,0,0.166547619047619,1.31273671530204,8
721,21,8,"random","equal","random","calendar",0.641904761904762,0.358095238095238,0,0.166547619047619,1.31273671530204,8
721,21,8,"random","equal","random","stacked",0.808176100628931,0.191823899371069,0,0.106918238993711,0.854271745308325,8
722,21,8,"random","equal","random","simple",0.675675675675676,0.324324324324324,0,0.153153153153153,2.36969300063141,8
722,21,8,"random","equal","random","group",0.75,0.25,0,0.125,0.883187855576138,8
722,21,8,"random","equal","random","dynamic",0.661547619047619,0.338452380952381,0,0.144226190476191,2.36969300063141,8
722,21,8,"random","equal","random","calendar",0.661547619047619,0.338452380952381,0,0.14422619047619,2.36969300063141,8
722,21,8,"random","equal","random","stacked",0.796934865900383,0.203065134099617,0,0.130268199233717,0.854271745308325,8
723,21,8,"random","equal","random","simple",0.631578947368421,0.368421052631579,0,0.178947368421053,1.31273671530204,8
723,21,8,"random","equal","random","group",0.75,0.25,0,0.125,0.883187855576138,8
723,21,8,"random","equal","random","dynamic",0.622261904761905,0.377738095238095,0,0.176369047619048,1.31273671530204,8
723,21,8,"random","equal","random","calendar",0.622261904761905,0.377738095238095,0,0.176369047619048,1.31273671530204,8
723,21,8,"random","equal","random","stacked",0.788927335640138,0.211072664359862,0,0.117647058823529,0.854271745308325,8
724,21,8,"random","equal","random","simple",0.642857142857143,0.357142857142857,0,0.173469387755102,1.31273671530204,8
724,21,8,"random","equal","random","group",0.75,0.25,0,0.125,0.883187855576138,8
724,21,8,"random","equal","random","dynamic",0.631904761904762,0.368095238095238,0,0.171547619047619,1.31273671530204,8
724,21,8,"random","equal","random","calendar",0.631904761904762,0.368095238095238,0,0.171547619047619,1.31273671530204,8
724,21,8,"random","equal","random","stacked",0.792517006802721,0.207482993197279,0,0.115646258503401,0.854271745308325,8
725,21,8,"random","equal","random","simple",0.574712643678161,0.425287356321839,0,0,2.36969300063141,8
725,21,8,"random","equal","random","group",0.75,0.25,0,0,1.31273671530204,8
725,21,8,"random","equal","random","dynamic",0.549880952380952,0.450119047619048,0,0,2.36969300063141,8
725,21,8,"random","equal","random","calendar",0.549880952380952,0.450119047619048,0,0,2.36969300063141,8
725,21,8,"random","equal","random","stacked",0.798245614035088,0.201754385964912,0,0,1.2697569127916,8
726,21,8,"random","equal","random","simple",0.826530612244898,0.173469387755102,0,0.173469387755102,0.883187855576138,8
726,21,8,"random","equal","random","group",0.875,0.125,0,0.125,0.883187855576138,8
726,21,8,"random","equal","random","dynamic",0.759663865546219,0.240336134453781,0,0.240336134453781,0.883187855576138,8
726,21,8,"random","equal","random","calendar",0.759663865546218,0.240336134453781,0,0.240336134453781,0.883187855576138,8
726,21,8,"random","equal","random","stacked",0.908355795148248,0.091644204851752,0,0.091644204851752,0.854271745308325,8
727,21,8,"random","equal","random","simple",1,0,0,0,NA,8
727,21,8,"random","equal","random","group",1,0,0,0,NA,8
727,21,8,"random","equal","random","dynamic",1,0,0,0,NA,8
727,21,8,"random","equal","random","calendar",1,0,0,0,NA,8
727,21,8,"random","equal","random","stacked",1,0,0,0,NA,8
728,21,8,"random","equal","random","simple",0.792682926829268,0.207317073170732,0,0.207317073170732,0.883187855576138,8
728,21,8,"random","equal","random","group",0.875,0.125,0,0.125,0.883187855576138,8
728,21,8,"random","equal","random","dynamic",0.776488095238095,0.223511904761905,0,0.223511904761905,0.883187855576138,8
728,21,8,"random","equal","random","calendar",0.776488095238095,0.223511904761905,0,0.223511904761905,0.883187855576138,8
728,21,8,"random","equal","random","stacked",0.881533101045296,0.118466898954704,0,0.118466898954704,0.854271745308325,8
729,21,8,"random","equal","random","simple",0.425531914893617,0.574468085106383,0,0.180851063829787,1.31273671530204,8
729,21,8,"random","equal","random","group",0.625,0.375,0,0.125,1.31273671530204,8
729,21,8,"random","equal","random","dynamic",0.303383458646617,0.696616541353383,0,0.197117794486216,1.31273671530204,8
729,21,8,"random","equal","random","calendar",0.303383458646617,0.696616541353384,0,0.197117794486216,1.31273671530204,8
729,21,8,"random","equal","random","stacked",0.753846153846154,0.246153846153846,0,0.104615384615385,1.2697569127916,8
730,21,8,"random","equal","random","simple",1,0,0,0,NA,8
730,21,8,"random","equal","random","group",1,0,0,0,NA,8
730,21,8,"random","equal","random","dynamic",1,0,0,0,NA,8
730,21,8,"random","equal","random","calendar",1,0,0,0,NA,8
730,21,8,"random","equal","random","stacked",1,0,0,0,NA,8
731,21,8,"random","equal","random","simple",1,0,0,0,NA,8
731,21,8,"random","equal","random","group",1,0,0,0,NA,8
731,21,8,"random","equal","random","dynamic",1,0,0,0,NA,8
731,21,8,"random","equal","random","calendar",1,0,0,0,NA,8
731,21,8,"random","equal","random","stacked",1,0,0,0,NA,8
732,21,8,"random","equal","random","simple",1,0,0,0,NA,8
732,21,8,"random","equal","random","group",1,0,0,0,NA,8
732,21,8,"random","equal","random","dynamic",1,0,0,0,NA,8
732,21,8,"random","equal","random","calendar",1,0,0,0,NA,8
732,21,8,"random","equal","random","stacked",1,0,0,0,NA,8
733,21,8,"random","equal","random","simple",0.593023255813953,0.406976744186047,0,0.197674418604651,1.31273671530204,8
733,21,8,"random","equal","random","group",0.75,0.25,0,0.125,0.883187855576138,8
733,21,8,"random","equal","random","dynamic",0.591547619047619,0.408452380952381,0,0.19172619047619,1.31273671530204,8
733,21,8,"random","equal","random","calendar",0.591547619047619,0.408452380952381,0,0.19172619047619,1.31273671530204,8
733,21,8,"random","equal","random","stacked",0.746887966804979,0.253112033195021,0,0.141078838174274,0.854271745308325,8
734,21,8,"random","equal","random","simple",0.454545454545455,0.545454545454545,0,0.171717171717172,1.31273671530204,8
734,21,8,"random","equal","random","group",0.625,0.375,0,0.125,1.31273671530204,8
734,21,8,"random","equal","random","dynamic",0.362781954887218,0.637218045112782,0,0.177318295739348,1.31273671530204,8
734,21,8,"random","equal","random","calendar",0.362781954887218,0.637218045112782,0,0.177318295739348,1.31273671530204,8
734,21,8,"random","equal","random","stacked",0.743589743589744,0.256410256410256,0,0.108974358974359,1.2697569127916,8
735,21,8,"random","equal","random","simple",0.602150537634409,0.397849462365591,0,0,2.36969300063141,8
735,21,8,"random","equal","random","group",0.75,0.25,0,0,1.31273671530204,8
735,21,8,"random","equal","random","dynamic",0.577261904761905,0.422738095238095,0,0,2.36969300063141,8
735,21,8,"random","equal","random","calendar",0.577261904761905,0.422738095238095,0,0,2.36969300063141,8
735,21,8,"random","equal","random","stacked",0.815261044176707,0.184738955823293,0,0,1.2697569127916,8
736,21,8,"random","equal","random","simple",0.77027027027027,0.22972972972973,0,0.22972972972973,0.883187855576138,8
736,21,8,"random","equal","random","group",0.875,0.125,0,0.125,0.883187855576138,8
736,21,8,"random","equal","random","dynamic",0.639145658263305,0.360854341736695,0,0.360854341736695,0.883187855576138,8
736,21,8,"random","equal","random","calendar",0.639145658263305,0.360854341736695,0,0.360854341736695,0.883187855576138,8
736,21,8,"random","equal","random","stacked",0.893416927899687,0.106583072100313,0,0.106583072100313,0.854271745308325,8
737,21,8,"random","equal","random","simple",0.792682926829268,0.207317073170732,0,0.207317073170732,0.883187855576138,8
737,21,8,"random","equal","random","group",0.875,0.125,0,0.125,0.883187855576138,8
737,21,8,"random","equal","random","dynamic",0.789821428571429,0.210178571428571,0,0.210178571428571,0.883187855576138,8
737,21,8,"random","equal","random","calendar",0.789821428571429,0.210178571428571,0,0.210178571428571,0.883187855576138,8
737,21,8,"random","equal","random","stacked",0.874538745387454,0.125461254612546,0,0.125461254612546,0.854271745308325,8
738,21,8,"random","equal","random","simple",1,0,0,0,NA,8
738,21,8,"random","equal","random","group",1,0,0,0,NA,8
738,21,8,"random","equal","random","dynamic",1,0,0,0,NA,8
738,21,8,"random","equal","random","calendar",1,0,0,0,NA,8
738,21,8,"random","equal","random","stacked",1,0,0,0,NA,8
739,21,8,"random","equal","random","simple",1,0,0,0,NA,8
739,21,8,"random","equal","random","group",1,0,0,0,NA,8
739,21,8,"random","equal","random","dynamic",1,0,0,0,NA,8
739,21,8,"random","equal","random","calendar",1,0,0,0,NA,8
739,21,8,"random","equal","random","stacked",1,0,0,0,NA,8
740,21,8,"random","equal","random","simple",0.768292682926829,0.231707317073171,0,0,2.36969300063141,8
740,21,8,"random","equal","random","group",0.875,0.125,0,0,2.36969300063141,8
740,21,8,"random","equal","random","dynamic",0.613345864661654,0.386654135338346,0,0,2.36969300063141,8
740,21,8,"random","equal","random","calendar",0.613345864661654,0.386654135338346,0,0,2.36969300063141,8
740,21,8,"random","equal","random","stacked",0.940625,0.059375,0,0,2.29210780324164,8
741,21,8,"random","equal","random","simple",1,0,0,0,NA,8
741,21,8,"random","equal","random","group",1,0,0,0,NA,8
741,21,8,"random","equal","random","dynamic",1,0,0,0,NA,8
741,21,8,"random","equal","random","calendar",1,0,0,0,NA,8
741,21,8,"random","equal","random","stacked",1,0,0,0,NA,8
742,21,8,"random","equal","random","simple",0.372093023255814,0.627906976744186,0,0.197674418604651,1.31273671530204,8
742,21,8,"random","equal","random","group",0.625,0.375,0,0.125,1.31273671530204,8
742,21,8,"random","equal","random","dynamic",0.294548872180451,0.705451127819549,0,0.200062656641604,1.31273671530204,8
742,21,8,"random","equal","random","calendar",0.294548872180451,0.705451127819549,0,0.200062656641604,1.31273671530204,8
742,21,8,"random","equal","random","stacked",0.6875,0.3125,0,0.1328125,1.2697569127916,8
743,21,8,"random","equal","random","simple",0.779069767441861,0.22093023255814,0,0,2.36969300063141,8
743,21,8,"random","equal","random","group",0.875,0.125,0,0,2.36969300063141,8
743,21,8,"random","equal","random","dynamic",0.625814536340852,0.374185463659148,0,0,2.36969300063141,8
743,21,8,"random","equal","random","calendar",0.625814536340852,0.374185463659148,0,0,2.36969300063141,8
743,21,8,"random","equal","random","stacked",0.94006309148265,0.0599369085173502,0,0,2.29210780324164,8
744,21,8,"random","equal","random","simple",0.7,0.3,0,0,1.31273671530204,8
744,21,8,"random","equal","random","group",0.875,0.125,0,0,1.31273671530204,8
744,21,8,"random","equal","random","dynamic",0.507738095238095,0.492261904761905,0,0,1.31273671530204,8
744,21,8,"random","equal","random","calendar",0.507738095238095,0.492261904761905,0,0,1.31273671530204,8
744,21,8,"random","equal","random","stacked",0.906896551724138,0.0931034482758621,0,0,1.2697569127916,8
745,21,8,"random","equal","random","simple",0.644230769230769,0.355769230769231,0,0,2.36969300063141,8
745,21,8,"random","equal","random","group",0.75,0.25,0,0,1.31273671530204,8
745,21,8,"random","equal","random","dynamic",0.530325814536341,0.469674185463659,0,0,2.36969300063141,8
745,21,8,"random","equal","random","calendar",0.530325814536341,0.469674185463659,0,0,2.36969300063141,8
745,21,8,"random","equal","random","stacked",0.867052023121387,0.132947976878613,0,0,1.2697569127916,8
746,21,8,"random","equal","random","simple",1,0,0,0,NA,8
746,21,8,"random","equal","random","group",1,0,0,0,NA,8
746,21,8,"random","equal","random","dynamic",1,0,0,0,NA,8
746,21,8,"random","equal","random","calendar",1,0,0,0,NA,8
746,21,8,"random","equal","random","stacked",1,0,0,0,NA,8
747,21,8,"random","equal","random","simple",0.785714285714286,0.214285714285714,0,0,1.31273671530204,8
747,21,8,"random","equal","random","group",0.875,0.125,0,0,1.31273671530204,8
747,21,8,"random","equal","random","dynamic",0.73952380952381,0.26047619047619,0,0,1.31273671530204,8
747,21,8,"random","equal","random","calendar",0.739523809523809,0.260476190476191,0,0,1.31273671530204,8
747,21,8,"random","equal","random","stacked",0.909698996655518,0.0903010033444816,0,0,1.2697569127916,8
748,21,8,"random","equal","random","simple",0.75,0.25,0,0,2.36969300063141,8
748,21,8,"random","equal","random","group",0.875,0.125,0,0,2.36969300063141,8
748,21,8,"random","equal","random","dynamic",0.580012531328321,0.419987468671679,0,0,2.36969300063141,8
748,21,8,"random","equal","random","calendar",0.580012531328321,0.419987468671679,0,0,2.36969300063141,8
748,21,8,"random","equal","random","stacked",0.941176470588235,0.0588235294117647,0,0,2.29210780324164,8
749,21,8,"random","equal","random","simple",0.678260869565217,0.321739130434783,0,0,2.36969300063141,8
749,21,8,"random","equal","random","group",0.75,0.25,0,0,1.31273671530204,8
749,21,8,"random","equal","random","dynamic",0.660357142857143,0.339642857142857,0,0,2.36969300063141,8
749,21,8,"random","equal","random","calendar",0.660357142857143,0.339642857142857,0,0,2.36969300063141,8
749,21,8,"random","equal","random","stacked",0.818897637795276,0.181102362204725,0,0,1.2697569127916,8
750,21,8,"random","equal","random","simple",0.804347826086957,0.195652173913043,0,0,1.31273671530204,8
750,21,8,"random","equal","random","group",0.875,0.125,0,0,1.31273671530204,8
750,21,8,"random","equal","random","dynamic",0.702645502645503,0.297354497354497,0,0,1.31273671530204,8
750,21,8,"random","equal","random","calendar",0.702645502645503,0.297354497354497,0,0,1.31273671530204,8
750,21,8,"random","equal","random","stacked",0.923295454545455,0.0767045454545455,0,0,1.2697569127916,8
751,21,8,"random","equal","random","simple",1,0,0,0,NA,8
751,21,8,"random","equal","random","group",1,0,0,0,NA,8
751,21,8,"random","equal","random","dynamic",1,0,0,0,NA,8
751,21,8,"random","equal","random","calendar",1,0,0,0,NA,8
751,21,8,"random","equal","random","stacked",1,0,0,0,NA,8
752,21,8,"random","equal","random","simple",0.795454545454545,0.204545454545455,0,0,1.31273671530204,8
752,21,8,"random","equal","random","group",0.875,0.125,0,0,1.31273671530204,8
752,21,8,"random","equal","random","dynamic",0.752797619047619,0.247202380952381,0,0,1.31273671530204,8
752,21,8,"random","equal","random","calendar",0.752797619047619,0.247202380952381,0,0,1.31273671530204,8
752,21,8,"random","equal","random","stacked",0.914556962025316,0.0854430379746836,0,0,1.2697569127916,8
753,21,8,"random","equal","random","simple",0.608695652173913,0.391304347826087,0,0.184782608695652,2.36969300063141,8
753,21,8,"random","equal","random","group",0.75,0.25,0,0.125,0.883187855576138,8
753,21,8,"random","equal","random","dynamic",0.587380952380952,0.412619047619048,0,0.181309523809524,2.36969300063141,8
753,21,8,"random","equal","random","calendar",0.587380952380952,0.412619047619048,0,0.181309523809524,2.36969300063141,8
753,21,8,"random","equal","random","stacked",0.793774319066148,0.206225680933852,0,0.132295719844358,0.854271745308325,8
754,21,8,"random","equal","random","simple",0.527027027027027,0.472972972972973,0,0.22972972972973,1.31273671530204,8
754,21,8,"random","equal","random","group",0.75,0.25,0,0.125,0.883187855576138,8
754,21,8,"random","equal","random","dynamic",0.433994708994709,0.566005291005291,0,0.255224867724868,1.31273671530204,8
754,21,8,"random","equal","random","calendar",0.433994708994709,0.566005291005291,0,0.255224867724868,1.31273671530204,8
754,21,8,"random","equal","random","stacked",0.776556776556777,0.223443223443223,0,0.124542124542125,0.854271745308325,8
755,21,8,"random","equal","random","simple",1,0,0,0,NA,8
755,21,8,"random","equal","random","group",1,0,0,0,NA,8
755,21,8,"random","equal","random","dynamic",1,0,0,0,NA,8
755,21,8,"random","equal","random","calendar",1,0,0,0,NA,8
755,21,8,"random","equal","random","stacked",1,0,0,0,NA,8
756,21,8,"random","equal","random","simple",0.727272727272727,0.272727272727273,0,0,1.31273671530204,8
756,21,8,"random","equal","random","group",0.875,0.125,0,0,1.31273671530204,8
756,21,8,"random","equal","random","dynamic",0.507738095238095,0.492261904761905,0,0,1.31273671530204,8
756,21,8,"random","equal","random","calendar",0.507738095238095,0.492261904761905,0,0,1.31273671530204,8
756,21,8,"random","equal","random","stacked",0.915360501567398,0.0846394984326019,0,0,1.2697569127916,8
757,21,8,"random","equal","random","simple",0.4,0.6,0,0.188888888888889,1.31273671530204,8
757,21,8,"random","equal","random","group",0.625,0.375,0,0.125,1.31273671530204,8
757,21,8,"random","equal","random","dynamic",0.311466165413534,0.688533834586466,0,0.194423558897243,1.31273671530204,8
757,21,8,"random","equal","random","calendar",0.311466165413534,0.688533834586466,0,0.194423558897243,1.31273671530204,8
757,21,8,"random","equal","random","stacked",0.72027972027972,0.27972027972028,0,0.118881118881119,1.2697569127916,8
758,21,8,"random","equal","random","simple",0.63,0.37,0,0,2.36969300063141,8
758,21,8,"random","equal","random","group",0.75,0.25,0,0,1.31273671530204,8
758,21,8,"random","equal","random","dynamic",0.504260651629073,0.495739348370927,0,0,2.36969300063141,8
758,21,8,"random","equal","random","calendar",0.504260651629073,0.495739348370927,0,0,2.36969300063141,8
758,21,8,"random","equal","random","stacked",0.867052023121387,0.132947976878613,0,0,1.2697569127916,8
759,21,8,"random","equal","random","simple",0.739130434782609,0.260869565217391,0,0,1.31273671530204,8
759,21,8,"random","equal","random","group",0.875,0.125,0,0,1.31273671530204,8
759,21,8,"random","equal","random","dynamic",0.601653439153439,0.398346560846561,0,0,1.31273671530204,8
759,21,8,"random","equal","random","calendar",0.601653439153439,0.398346560846561,0,0,1.31273671530204,8
759,21,8,"random","equal","random","stacked",0.913183279742765,0.0868167202572347,0,0,1.2697569127916,8
760,21,8,"random","equal","random","simple",0.773333333333333,0.226666666666667,0,0.226666666666667,0.883187855576138,8
760,21,8,"random","equal","random","group",0.875,0.125,0,0.125,0.883187855576138,8
760,21,8,"random","equal","random","dynamic",0.638655462184874,0.361344537815126,0,0.361344537815126,0.883187855576138,8
760,21,8,"random","equal","random","calendar",0.638655462184874,0.361344537815126,0,0.361344537815126,0.883187855576138,8
760,21,8,"random","equal","random","stacked",0.897280966767372,0.102719033232628,0,0.102719033232628,0.854271745308325,8
761,21,8,"random","equal","random","simple",0.797752808988764,0.202247191011236,0,0,1.31273671530204,8
761,21,8,"random","equal","random","group",0.875,0.125,0,0,1.31273671530204,8
761,21,8,"random","equal","random","dynamic",0.700859788359788,0.299140211640212,0,0,1.31273671530204,8
761,21,8,"random","equal","random","calendar",0.700859788359788,0.299140211640212,0,0,1.31273671530204,8
761,21,8,"random","equal","random","stacked",0.918429003021148,0.081570996978852,0,0,1.2697569127916,8
762,21,8,"random","equal","random","simple",0.759493670886076,0.240506329113924,0,0,2.36969300063141,8
762,21,8,"random","equal","random","group",0.875,0.125,0,0,2.36969300063141,8
762,21,8,"random","equal","random","dynamic",0.700714285714286,0.299285714285714,0,0,2.36969300063141,8
762,21,8,"random","equal","random","calendar",0.700714285714286,0.299285714285714,0,0,2.36969300063141,8
762,21,8,"random","equal","random","stacked",0.931159420289855,0.068840579710145,0,0,2.29210780324164,8
763,21,8,"random","equal","random","simple",1,0,0,0,NA,8
763,21,8,"random","equal","random","group",1,0,0,0,NA,8
763,21,8,"random","equal","random","dynamic",1,0,0,0,NA,8
763,21,8,"random","equal","random","calendar",1,0,0,0,NA,8
763,21,8,"random","equal","random","stacked",1,0,0,0,NA,8
764,21,8,"random","equal","random","simple",1,0,0,0,NA,8
764,21,8,"random","equal","random","group",1,0,0,0,NA,8
764,21,8,"random","equal","random","dynamic",1,0,0,0,NA,8
764,21,8,"random","equal","random","calendar",1,0,0,0,NA,8
764,21,8,"random","equal","random","stacked",1,0,0,0,NA,8
765,21,8,"random","equal","random","simple",0.753246753246753,0.246753246753247,0,0,2.36969300063141,8
765,21,8,"random","equal","random","group",0.875,0.125,0,0,2.36969300063141,8
765,21,8,"random","equal","random","dynamic",0.589724310776942,0.410275689223058,0,0,2.36969300063141,8
765,21,8,"random","equal","random","calendar",0.589724310776942,0.410275689223058,0,0,2.36969300063141,8
765,21,8,"random","equal","random","stacked",0.941358024691358,0.058641975308642,0,0,2.29210780324164,8
766,21,8,"random","equal","random","simple",1,0,0,0,NA,8
766,21,8,"random","equal","random","group",1,0,0,0,NA,8
766,21,8,"random","equal","random","dynamic",1,0,0,0,NA,8
766,21,8,"random","equal","random","calendar",1,0,0,0,NA,8
766,21,8,"random","equal","random","stacked",1,0,0,0,NA,8
767,21,8,"random","equal","random","simple",0.663461538461538,0.336538461538462,0,0.163461538461538,1.31273671530204,8
767,21,8,"random","equal","random","group",0.75,0.25,0,0.125,0.883187855576138,8
767,21,8,"random","equal","random","dynamic",0.641309523809524,0.358690476190476,0,0.166845238095238,1.31273671530204,8
767,21,8,"random","equal","random","calendar",0.641309523809524,0.358690476190476,0,0.166845238095238,1.31273671530204,8
767,21,8,"random","equal","random","stacked",0.811728395061728,0.188271604938272,0,0.104938271604938,0.854271745308325,8
768,21,8,"random","equal","random","simple",0.506849315068493,0.493150684931507,0,0.232876712328767,2.36969300063141,8
768,21,8,"random","equal","random","group",0.75,0.25,0,0.125,0.883187855576138,8
768,21,8,"random","equal","random","dynamic",0.408646616541353,0.591353383458647,0,0.243045112781955,2.36969300063141,8
768,21,8,"random","equal","random","calendar",0.408646616541353,0.591353383458647,0,0.243045112781955,2.36969300063141,8
768,21,8,"random","equal","random","stacked",0.786290322580645,0.213709677419355,0,0.137096774193548,0.854271745308325,8
769,21,8,"random","equal","random","simple",0.813725490196078,0.186274509803922,0,0,2.36969300063141,8
769,21,8,"random","equal","random","group",0.875,0.125,0,0,2.36969300063141,8
769,21,8,"random","equal","random","dynamic",0.775714285714286,0.224285714285714,0,0,2.36969300063141,8
769,21,8,"random","equal","random","calendar",0.775714285714286,0.224285714285714,0,0,2.36969300063141,8
769,21,8,"random","equal","random","stacked",0.937908496732026,0.0620915032679739,0,0,2.29210780324164,8
770,21,8,"random","equal","random","simple",0.781609195402299,0.218390804597701,0,0,2.36969300063141,8
770,21,8,"random","equal","random","group",0.875,0.125,0,0,2.36969300063141,8
770,21,8,"random","equal","random","dynamic",0.74702380952381,0.252976190476191,0,0,2.36969300063141,8
770,21,8,"random","equal","random","calendar",0.74702380952381,0.252976190476191,0,0,2.36969300063141,8
770,21,8,"random","equal","random","stacked",0.928030303030303,0.071969696969697,0,0,2.29210780324164,8
771,21,8,"random","equal","random","simple",0.785714285714286,0.214285714285714,0,0,1.31273671530204,8
771,21,8,"random","equal","random","group",0.875,0.125,0,0,1.31273671530204,8
771,21,8,"random","equal","random","dynamic",0.619775132275132,0.380224867724868,0,0,1.31273671530204,8
771,21,8,"random","equal","random","calendar",0.619775132275132,0.380224867724868,0,0,1.31273671530204,8
771,21,8,"random","equal","random","stacked",0.924157303370786,0.0758426966292135,0,0,1.2697569127916,8
772,21,8,"random","equal","random","simple",0.784090909090909,0.215909090909091,0,0,2.36969300063141,8
772,21,8,"random","equal","random","group",0.875,0.125,0,0,2.36969300063141,8
772,21,8,"random","equal","random","dynamic",0.744464285714286,0.255535714285714,0,0,2.36969300063141,8
772,21,8,"random","equal","random","calendar",0.744464285714286,0.255535714285714,0,0,2.36969300063141,8
772,21,8,"random","equal","random","stacked",0.929368029739777,0.0706319702602231,0,0,2.29210780324164,8
773,21,8,"random","equal","random","simple",0.802083333333333,0.197916666666667,0,0,2.36969300063141,8
773,21,8,"random","equal","random","group",0.875,0.125,0,0,2.36969300063141,8
773,21,8,"random","equal","random","dynamic",0.768214285714286,0.231785714285714,0,0,2.36969300063141,8
773,21,8,"random","equal","random","calendar",0.768214285714286,0.231785714285714,0,0,2.36969300063141,8
773,21,8,"random","equal","random","stacked",0.931899641577061,0.0681003584229391,0,0,2.29210780324164,8
774,21,8,"random","equal","random","simple",0.583333333333333,0.416666666666667,0,0.202380952380952,1.31273671530204,8
774,21,8,"random","equal","random","group",0.75,0.25,0,0.125,0.883187855576138,8
774,21,8,"random","equal","random","dynamic",0.469973544973545,0.530026455026455,0,0.23723544973545,1.31273671530204,8
774,21,8,"random","equal","random","calendar",0.469973544973545,0.530026455026455,0,0.23723544973545,1.31273671530204,8
774,21,8,"random","equal","random","stacked",0.80448717948718,0.195512820512821,0,0.108974358974359,0.854271745308325,8
775,21,8,"random","equal","random","simple",0.470588235294118,0.529411764705882,0,0.166666666666667,1.31273671530204,8
775,21,8,"random","equal","random","group",0.625,0.375,0,0.125,1.31273671530204,8
775,21,8,"random","equal","random","dynamic",0.394924812030075,0.605075187969925,0,0.166604010025063,1.31273671530204,8
775,21,8,"random","equal","random","calendar",0.394924812030075,0.605075187969925,0,0.166604010025063,1.31273671530204,8
775,21,8,"random","equal","random","stacked",0.722222222222222,0.277777777777778,0,0.118055555555556,1.2697569127916,8
776,21,8,"random","equal","random","simple",0.610526315789474,0.389473684210526,0,0,2.36969300063141,8
776,21,8,"random","equal","random","group",0.75,0.25,0,0,1.31273671530204,8
776,21,8,"random","equal","random","dynamic",0.597380952380952,0.402619047619048,0,0,2.36969300063141,8
776,21,8,"random","equal","random","calendar",0.597380952380952,0.402619047619048,0,0,2.36969300063141,8
776,21,8,"random","equal","random","stacked",0.798245614035088,0.201754385964912,0,0,1.2697569127916,8
777,21,8,"random","equal","random","simple",0.560975609756098,0.439024390243902,0,0.207317073170732,2.36969300063141,8
777,21,8,"random","equal","random","group",0.75,0.25,0,0.125,0.883187855576138,8
777,21,8,"random","equal","random","dynamic",0.41203007518797,0.58796992481203,0,0.241353383458647,2.36969300063141,8
777,21,8,"random","equal","random","calendar",0.41203007518797,0.58796992481203,0,0.241353383458647,2.36969300063141,8
777,21,8,"random","equal","random","stacked",0.830670926517572,0.169329073482428,0,0.108626198083067,0.854271745308325,8
778,21,8,"random","equal","random","simple",0.757142857142857,0.242857142857143,0,0.242857142857143,0.883187855576138,8
778,21,8,"random","equal","random","group",0.875,0.125,0,0.125,0.883187855576138,8
778,21,8,"random","equal","random","dynamic",0.659733893557423,0.340266106442577,0,0.340266106442577,0.883187855576138,8
778,21,8,"random","equal","random","calendar",0.659733893557423,0.340266106442577,0,0.340266106442577,0.883187855576138,8
778,21,8,"random","equal","random","stacked",0.884745762711864,0.115254237288136,0,0.115254237288136,0.854271745308325,8
779,21,8,"random","equal","random","simple",1,0,0,0,NA,8
779,21,8,"random","equal","random","group",1,0,0,0,NA,8
779,21,8,"random","equal","random","dynamic",1,0,0,0,NA,8
779,21,8,"random","equal","random","calendar",1,0,0,0,NA,8
779,21,8,"random","equal","random","stacked",1,0,0,0,NA,8
780,21,8,"random","equal","random","simple",1,0,0,0,NA,8
780,21,8,"random","equal","random","group",1,0,0,0,NA,8
780,21,8,"random","equal","random","dynamic",1,0,0,0,NA,8
780,21,8,"random","equal","random","calendar",1,0,0,0,NA,8
780,21,8,"random","equal","random","stacked",1,0,0,0,NA,8
781,21,8,"random","equal","random","simple",1,0,0,0,NA,8
781,21,8,"random","equal","random","group",1,0,0,0,NA,8
781,21,8,"random","equal","random","dynamic",1,0,0,0,NA,8
781,21,8,"random","equal","random","calendar",1,0,0,0,NA,8
781,21,8,"random","equal","random","stacked",1,0,0,0,NA,8
782,21,8,"random","equal","random","simple",0.372093023255814,0.627906976744186,0,0.197674418604651,1.31273671530204,8
782,21,8,"random","equal","random","group",0.625,0.375,0,0.125,1.31273671530204,8
782,21,8,"random","equal","random","dynamic",0.26109022556391,0.73890977443609,0,0.211215538847118,1.31273671530204,8
782,21,8,"random","equal","random","calendar",0.26109022556391,0.73890977443609,0,0.211215538847118,1.31273671530204,8
782,21,8,"random","equal","random","stacked",0.722222222222222,0.277777777777778,0,0.118055555555556,1.2697569127916,8
783,21,8,"random","equal","random","simple",0.743243243243243,0.256756756756757,0,0,2.36969300063141,8
783,21,8,"random","equal","random","group",0.875,0.125,0,0,2.36969300063141,8
783,21,8,"random","equal","random","dynamic",0.69952380952381,0.300476190476191,0,0,2.36969300063141,8
783,21,8,"random","equal","random","calendar",0.699523809523809,0.300476190476191,0,0,2.36969300063141,8
783,21,8,"random","equal","random","stacked",0.920502092050209,0.0794979079497908,0,0,2.29210780324164,8
784,21,8,"random","equal","random","simple",1,0,0,0,NA,8
784,21,8,"random","equal","random","group",1,0,0,0,NA,8
784,21,8,"random","equal","random","dynamic",1,0,0,0,NA,8
784,21,8,"random","equal","random","calendar",1,0,0,0,NA,8
784,21,8,"random","equal","random","stacked",1,0,0,0,NA,8
785,21,8,"random","equal","random","simple",0.773809523809524,0.226190476190476,0,0,2.36969300063141,8
785,21,8,"random","equal","random","group",0.875,0.125,0,0,2.36969300063141,8
785,21,8,"random","equal","random","dynamic",0.653007518796992,0.346992481203008,0,0,2.36969300063141,8
785,21,8,"random","equal","random","calendar",0.653007518796992,0.346992481203008,0,0,2.36969300063141,8
785,21,8,"random","equal","random","stacked",0.936026936026936,0.063973063973064,0,0,2.29210780324164,8
786,21,8,"random","equal","random","simple",0.597701149425287,0.402298850574713,0,0.195402298850575,1.31273671530204,8
786,21,8,"random","equal","random","group",0.75,0.25,0,0.125,0.883187855576138,8
786,21,8,"random","equal","random","dynamic",0.50515873015873,0.49484126984127,0,0.219642857142857,1.31273671530204,8
786,21,8,"random","equal","random","calendar",0.50515873015873,0.49484126984127,0,0.219642857142857,1.31273671530204,8
786,21,8,"random","equal","random","stacked",0.800653594771242,0.199346405228758,0,0.111111111111111,0.854271745308325,8
787,21,8,"random","equal","random","simple",0.766233766233766,0.233766233766234,0,0,1.31273671530204,8
787,21,8,"random","equal","random","group",0.875,0.125,0,0,1.31273671530204,8
787,21,8,"random","equal","random","dynamic",0.665608465608466,0.334391534391534,0,0,1.31273671530204,8
787,21,8,"random","equal","random","calendar",0.665608465608466,0.334391534391534,0,0,1.31273671530204,8
787,21,8,"random","equal","random","stacked",0.912621359223301,0.0873786407766991,0,0,1.2697569127916,8
788,21,8,"random","equal","random","simple",0.782051282051282,0.217948717948718,0,0.217948717948718,0.883187855576138,8
788,21,8,"random","equal","random","group",0.875,0.125,0,0.125,0.883187855576138,8
788,21,8,"random","equal","random","dynamic",0.691946778711485,0.308053221288515,0,0.308053221288515,0.883187855576138,8
788,21,8,"random","equal","random","calendar",0.691946778711485,0.308053221288516,0,0.308053221288516,0.883187855576138,8
788,21,8,"random","equal","random","stacked",0.897280966767372,0.102719033232628,0,0.102719033232628,0.854271745308325,8
789,21,8,"random","equal","random","simple",0.781609195402299,0.218390804597701,0,0,2.36969300063141,8
789,21,8,"random","equal","random","group",0.875,0.125,0,0,2.36969300063141,8
789,21,8,"random","equal","random","dynamic",0.715892857142857,0.284107142857143,0,0,2.36969300063141,8
789,21,8,"random","equal","random","calendar",0.715892857142857,0.284107142857143,0,0,2.36969300063141,8
789,21,8,"random","equal","random","stacked",0.937293729372937,0.0627062706270627,0,0,2.29210780324164,8
790,21,8,"random","equal","random","simple",1,0,0,0,NA,8
790,21,8,"random","equal","random","group",1,0,0,0,NA,8
790,21,8,"random","equal","random","dynamic",1,0,0,0,NA,8
790,21,8,"random","equal","random","calendar",1,0,0,0,NA,8
790,21,8,"random","equal","random","stacked",1,0,0,0,NA,8
791,21,8,"random","equal","random","simple",0.808988764044944,0.191011235955056,0,0.191011235955056,0.883187855576138,8
791,21,8,"random","equal","random","group",0.875,0.125,0,0.125,0.883187855576138,8
791,21,8,"random","equal","random","dynamic",0.802857142857143,0.197142857142857,0,0.197142857142857,0.883187855576138,8
791,21,8,"random","equal","random","calendar",0.802857142857143,0.197142857142857,0,0.197142857142857,0.883187855576138,8
791,21,8,"random","equal","random","stacked",0.881944444444444,0.118055555555556,0,0.118055555555556,0.854271745308325,8
792,21,8,"random","equal","random","simple",0.513888888888889,0.486111111111111,0,0.236111111111111,1.31273671530204,8
792,21,8,"random","equal","random","group",0.75,0.25,0,0.125,0.883187855576138,8
792,21,8,"random","equal","random","dynamic",0.388756613756614,0.611243386243386,0,0.277843915343915,1.31273671530204,8
792,21,8,"random","equal","random","calendar",0.388756613756614,0.611243386243386,0,0.277843915343915,1.31273671530204,8
792,21,8,"random","equal","random","stacked",0.785964912280702,0.214035087719298,0,0.119298245614035,0.854271745308325,8
793,21,8,"random","equal","random","simple",0.470588235294118,0.529411764705882,0,0.166666666666667,1.31273671530204,8
793,21,8,"random","equal","random","group",0.625,0.375,0,0.125,1.31273671530204,8
793,21,8,"random","equal","random","dynamic",0.396428571428571,0.603571428571429,0,0.166102756892231,1.31273671530204,8
793,21,8,"random","equal","random","calendar",0.396428571428571,0.603571428571429,0,0.166102756892231,1.31273671530204,8
793,21,8,"random","equal","random","stacked",0.717314487632509,0.282685512367491,0,0.120141342756184,1.2697569127916,8
794,21,8,"random","equal","random","simple",0.753246753246753,0.246753246753247,0,0,2.36969300063141,8
794,21,8,"random","equal","random","group",0.875,0.125,0,0,2.36969300063141,8
794,21,8,"random","equal","random","dynamic",0.676904761904762,0.323095238095238,0,0,2.36969300063141,8
794,21,8,"random","equal","random","calendar",0.676904761904762,0.323095238095238,0,0,2.36969300063141,8
794,21,8,"random","equal","random","stacked",0.934256055363322,0.0657439446366782,0,0,2.29210780324164,8
795,21,8,"random","equal","random","simple",0.795454545454545,0.204545454545455,0,0,1.31273671530204,8
795,21,8,"random","equal","random","group",0.875,0.125,0,0,1.31273671530204,8
795,21,8,"random","equal","random","dynamic",0.684126984126984,0.315873015873016,0,0,1.31273671530204,8
795,21,8,"random","equal","random","calendar",0.684126984126984,0.315873015873016,0,0,1.31273671530204,8
795,21,8,"random","equal","random","stacked",0.924157303370786,0.0758426966292135,0,0,1.2697569127916,8
796,21,8,"random","equal","random","simple",1,0,0,0,NA,8
796,21,8,"random","equal","random","group",1,0,0,0,NA,8
796,21,8,"random","equal","random","dynamic",1,0,0,0,NA,8
796,21,8,"random","equal","random","calendar",1,0,0,0,NA,8
796,21,8,"random","equal","random","stacked",1,0,0,0,NA,8
797,21,8,"random","equal","random","simple",0.785714285714286,0.214285714285714,0,0,1.31273671530204,8
797,21,8,"random","equal","random","group",0.875,0.125,0,0,1.31273671530204,8
797,21,8,"random","equal","random","dynamic",0.690939153439153,0.309060846560847,0,0,1.31273671530204,8
797,21,8,"random","equal","random","calendar",0.690939153439153,0.309060846560847,0,0,1.31273671530204,8
797,21,8,"random","equal","random","stacked",0.913461538461538,0.0865384615384616,0,0,1.2697569127916,8
798,21,8,"random","equal","random","simple",0.379310344827586,0.620689655172414,0,0.195402298850575,1.31273671530204,8
798,21,8,"random","equal","random","group",0.625,0.375,0,0.125,1.31273671530204,8
798,21,8,"random","equal","random","dynamic",0.271992481203008,0.728007518796993,0,0.207581453634085,1.31273671530204,8
798,21,8,"random","equal","random","calendar",0.271992481203008,0.728007518796993,0,0.207581453634085,1.31273671530204,8
798,21,8,"random","equal","random","stacked",0.728813559322034,0.271186440677966,0,0.115254237288136,1.2697569127916,8
799,21,8,"random","equal","random","simple",0.8,0.2,0,0.2,0.883187855576138,8
799,21,8,"random","equal","random","group",0.875,0.125,0,0.125,0.883187855576138,8
799,21,8,"random","equal","random","dynamic",0.786607142857143,0.213392857142857,0,0.213392857142857,0.883187855576138,8
799,21,8,"random","equal","random","calendar",0.786607142857143,0.213392857142857,0,0.213392857142857,0.883187855576138,8
799,21,8,"random","equal","random","stacked",0.886666666666667,0.113333333333333,0,0.113333333333333,0.854271745308325,8
800,21,8,"random","equal","random","simple",0.526315789473684,0.473684210526316,0,0.149122807017544,1.31273671530204,8
800,21,8,"random","equal","random","group",0.625,0.375,0,0.125,1.31273671530204,8
800,21,8,"random","equal","random","dynamic",0.520238095238095,0.479761904761905,0,0.14047619047619,1.31273671530204,8
800,21,8,"random","equal","random","calendar",0.520238095238095,0.479761904761905,0,0.140476190476191,1.31273671530204,8
800,21,8,"random","equal","random","stacked",0.71326164874552,0.28673835125448,0,0.121863799283154,1.2697569127916,8
801,21,8,"random","equal","random","simple",0.767123287671233,0.232876712328767,0,0.232876712328767,0.883187855576138,8
801,21,8,"random","equal","random","group",0.875,0.125,0,0.125,0.883187855576138,8
801,21,8,"random","equal","random","dynamic",0.621988795518207,0.378011204481793,0,0.378011204481793,0.883187855576138,8
801,21,8,"random","equal","random","calendar",0.621988795518207,0.378011204481793,0,0.378011204481793,0.883187855576138,8
801,21,8,"random","equal","random","stacked",0.899705014749263,0.100294985250737,0,0.100294985250737,0.854271745308325,8
802,21,8,"random","equal","random","simple",1,0,0,0,NA,8
802,21,8,"random","equal","random","group",1,0,0,0,NA,8
802,21,8,"random","equal","random","dynamic",1,0,0,0,NA,8
802,21,8,"random","equal","random","calendar",1,0,0,0,NA,8
802,21,8,"random","equal","random","stacked",1,0,0,0,NA,8
803,21,8,"random","equal","random","simple",0.448979591836735,0.551020408163265,0,0.173469387755102,1.31273671530204,8
803,21,8,"random","equal","random","group",0.625,0.375,0,0.125,1.31273671530204,8
803,21,8,"random","equal","random","dynamic",0.438809523809524,0.561190476190476,0,0.167619047619048,1.31273671530204,8
803,21,8,"random","equal","random","calendar",0.438809523809524,0.561190476190476,0,0.167619047619048,1.31273671530204,8
803,21,8,"random","equal","random","stacked",0.68,0.32,0,0.136,1.2697569127916,8
804,21,8,"random","equal","random","simple",0.82,0.18,0,0,1.31273671530204,8
804,21,8,"random","equal","random","group",0.875,0.125,0,0,1.31273671530204,8
804,21,8,"random","equal","random","dynamic",0.804880952380952,0.195119047619048,0,0,1.31273671530204,8
804,21,8,"random","equal","random","calendar",0.804880952380952,0.195119047619048,0,0,1.31273671530204,8
804,21,8,"random","equal","random","stacked",0.903914590747331,0.0960854092526691,0,0,1.2697569127916,8
805,21,8,"random","equal","random","simple",0.808510638297872,0.191489361702128,0,0,1.31273671530204,8
805,21,8,"random","equal","random","group",0.875,0.125,0,0,1.31273671530204,8
805,21,8,"random","equal","random","dynamic",0.78827380952381,0.21172619047619,0,0,1.31273671530204,8
805,21,8,"random","equal","random","calendar",0.78827380952381,0.21172619047619,0,0,1.31273671530204,8
805,21,8,"random","equal","random","stacked",0.908783783783784,0.0912162162162162,0,0,1.2697569127916,8
806,21,8,"random","equal","random","simple",0.763888888888889,0.236111111111111,0,0.236111111111111,0.883187855576138,8
806,21,8,"random","equal","random","group",0.875,0.125,0,0.125,0.883187855576138,8
806,21,8,"random","equal","random","dynamic",0.741607142857143,0.258392857142857,0,0.258392857142857,0.883187855576138,8
806,21,8,"random","equal","random","calendar",0.741607142857143,0.258392857142857,0,0.258392857142857,0.883187855576138,8
806,21,8,"random","equal","random","stacked",0.869731800766284,0.130268199233716,0,0.130268199233716,0.854271745308325,8
807,21,8,"random","equal","random","simple",0.635416666666667,0.364583333333333,0,0.177083333333333,1.31273671530204,8
807,21,8,"random","equal","random","group",0.75,0.25,0,0.125,0.883187855576138,8
807,21,8,"random","equal","random","dynamic",0.546825396825397,0.453174603174603,0,0.198809523809524,1.31273671530204,8
807,21,8,"random","equal","random","calendar",0.546825396825397,0.453174603174603,0,0.198809523809524,1.31273671530204,8
807,21,8,"random","equal","random","stacked",0.821637426900585,0.178362573099415,0,0.0994152046783626,0.854271745308325,8
808,21,8,"random","equal","random","simple",1,0,0,0,NA,8
808,21,8,"random","equal","random","group",1,0,0,0,NA,8
808,21,8,"random","equal","random","dynamic",1,0,0,0,NA,8
808,21,8,"random","equal","random","calendar",1,0,0,0,NA,8
808,21,8,"random","equal","random","stacked",1,0,0,0,NA,8
809,21,8,"random","equal","random","simple",0.769230769230769,0.230769230769231,0,0,1.31273671530204,8
809,21,8,"random","equal","random","group",0.875,0.125,0,0,1.31273671530204,8
809,21,8,"random","equal","random","dynamic",0.678637566137566,0.321362433862434,0,0,1.31273671530204,8
809,21,8,"random","equal","random","calendar",0.678637566137566,0.321362433862434,0,0,1.31273671530204,8
809,21,8,"random","equal","random","stacked",0.902527075812274,0.0974729241877257,0,0,1.2697569127916,8
810,21,8,"random","equal","random","simple",0.573170731707317,0.426829268292683,0,0.207317073170732,1.31273671530204,8
810,21,8,"random","equal","random","group",0.75,0.25,0,0.125,0.883187855576138,8
810,21,8,"random","equal","random","dynamic",0.452645502645503,0.547354497354497,0,0.245899470899471,1.31273671530204,8
810,21,8,"random","equal","random","calendar",0.452645502645503,0.547354497354497,0,0.245899470899471,1.31273671530204,8
810,21,8,"random","equal","random","stacked",0.814589665653495,0.185410334346505,0,0.103343465045593,0.854271745308325,8
811,21,8,"random","equal","random","simple",0.555555555555556,0.444444444444444,0,0.209876543209877,2.36969300063141,8
811,21,8,"random","equal","random","group",0.75,0.25,0,0.125,0.883187855576138,8
811,21,8,"random","equal","random","dynamic",0.404010025062657,0.595989974937343,0,0.245363408521303,2.36969300063141,8
811,21,8,"random","equal","random","calendar",0.404010025062657,0.595989974937344,0,0.245363408521303,2.36969300063141,8
811,21,8,"random","equal","random","stacked",0.832278481012658,0.167721518987342,0,0.107594936708861,0.854271745308325,8
812,21,8,"random","equal","random","simple",0.573170731707317,0.426829268292683,0,0.207317073170732,1.31273671530204,8
812,21,8,"random","equal","random","group",0.75,0.25,0,0.125,0.883187855576138,8
812,21,8,"random","equal","random","dynamic",0.448941798941799,0.551058201058201,0,0.247751322751323,1.31273671530204,8
812,21,8,"random","equal","random","calendar",0.448941798941799,0.551058201058201,0,0.247751322751323,1.31273671530204,8
812,21,8,"random","equal","random","stacked",0.81570996978852,0.18429003021148,0,0.102719033232628,0.854271745308325,8
813,21,8,"random","equal","random","simple",0.846846846846847,0.153153153153153,0,0.153153153153153,0.883187855576138,8
813,21,8,"random","equal","random","group",0.875,0.125,0,0.125,0.883187855576138,8
813,21,8,"random","equal","random","dynamic",0.841607142857143,0.158392857142857,0,0.158392857142857,0.883187855576138,8
813,21,8,"random","equal","random","calendar",0.841607142857143,0.158392857142857,0,0.158392857142857,0.883187855576138,8
813,21,8,"random","equal","random","stacked",0.901449275362319,0.0985507246376812,0,0.0985507246376812,0.854271745308325,8
814,21,8,"random","equal","random","simple",0.681034482758621,0.318965517241379,0,0,2.36969300063141,8
814,21,8,"random","equal","random","group",0.75,0.25,0,0,1.31273671530204,8
814,21,8,"random","equal","random","dynamic",0.644880952380952,0.355119047619048,0,0,2.36969300063141,8
814,21,8,"random","equal","random","calendar",0.644880952380952,0.355119047619048,0,0,2.36969300063141,8
814,21,8,"random","equal","random","stacked",0.854430379746835,0.145569620253165,0,0,1.2697569127916,8
815,21,8,"random","equal","random","simple",1,0,0,0,NA,8
815,21,8,"random","equal","random","group",1,0,0,0,NA,8
815,21,8,"random","equal","random","dynamic",1,0,0,0,NA,8
815,21,8,"random","equal","random","calendar",1,0,0,0,NA,8
815,21,8,"random","equal","random","stacked",1,0,0,0,NA,8
816,21,8,"random","equal","random","simple",0.614583333333333,0.385416666666667,0,0,2.36969300063141,8
816,21,8,"random","equal","random","group",0.75,0.25,0,0,1.31273671530204,8
816,21,8,"random","equal","random","dynamic",0.521553884711779,0.478446115288221,0,0,2.36969300063141,8
816,21,8,"random","equal","random","calendar",0.521553884711779,0.478446115288221,0,0,2.36969300063141,8
816,21,8,"random","equal","random","stacked",0.846666666666667,0.153333333333333,0,0,1.2697569127916,8
817,21,8,"random","equal","random","simple",0.612903225806452,0.387096774193548,0,0.182795698924731,2.36969300063141,8
817,21,8,"random","equal","random","group",0.75,0.25,0,0.125,0.883187855576138,8
817,21,8,"random","equal","random","dynamic",0.578095238095238,0.421904761904762,0,0.185952380952381,2.36969300063141,8
817,21,8,"random","equal","random","calendar",0.578095238095238,0.421904761904762,0,0.185952380952381,2.36969300063141,8
817,21,8,"random","equal","random","stacked",0.808664259927798,0.191335740072202,0,0.122743682310469,0.854271745308325,8
818,21,8,"random","equal","random","simple",1,0,0,0,NA,8
818,21,8,"random","equal","random","group",1,0,0,0,NA,8
818,21,8,"random","equal","random","dynamic",1,0,0,0,NA,8
818,21,8,"random","equal","random","calendar",1,0,0,0,NA,8
818,21,8,"random","equal","random","stacked",1,0,0,0,NA,8
819,21,8,"random","equal","random","simple",0.8,0.2,0,0.2,0.883187855576138,8
819,21,8,"random","equal","random","group",0.875,0.125,0,0.125,0.883187855576138,8
819,21,8,"random","equal","random","dynamic",0.793690476190476,0.206309523809524,0,0.206309523809524,0.883187855576138,8
819,21,8,"random","equal","random","calendar",0.793690476190476,0.206309523809524,0,0.206309523809524,0.883187855576138,8
819,21,8,"random","equal","random","stacked",0.876811594202899,0.123188405797101,0,0.123188405797101,0.854271745308325,8
820,21,8,"random","equal","random","simple",1,0,0,0,NA,8
820,21,8,"random","equal","random","group",1,0,0,0,NA,8
820,21,8,"random","equal","random","dynamic",1,0,0,0,NA,8
820,21,8,"random","equal","random","calendar",1,0,0,0,NA,8
820,21,8,"random","equal","random","stacked",1,0,0,0,NA,8
821,21,8,"random","equal","random","simple",0.742857142857143,0.257142857142857,0,0,1.31273671530204,8
821,21,8,"random","equal","random","group",0.875,0.125,0,0,1.31273671530204,8
821,21,8,"random","equal","random","dynamic",0.631878306878307,0.368121693121693,0,0,1.31273671530204,8
821,21,8,"random","equal","random","calendar",0.631878306878307,0.368121693121693,0,0,1.31273671530204,8
821,21,8,"random","equal","random","stacked",0.908783783783784,0.0912162162162162,0,0,1.2697569127916,8
822,21,8,"random","equal","random","simple",0.756756756756757,0.243243243243243,0,0,1.31273671530204,8
822,21,8,"random","equal","random","group",0.875,0.125,0,0,1.31273671530204,8
822,21,8,"random","equal","random","dynamic",0.638690476190476,0.361309523809524,0,0,1.31273671530204,8
822,21,8,"random","equal","random","calendar",0.638690476190476,0.361309523809524,0,0,1.31273671530204,8
822,21,8,"random","equal","random","stacked",0.914012738853503,0.0859872611464968,0,0,1.2697569127916,8
823,21,8,"random","equal","random","simple",0.364705882352941,0.635294117647059,0,0.2,1.31273671530204,8
823,21,8,"random","equal","random","group",0.625,0.375,0,0.125,1.31273671530204,8
823,21,8,"random","equal","random","dynamic",0.256390977443609,0.743609022556391,0,0.212781954887218,1.31273671530204,8
823,21,8,"random","equal","random","calendar",0.256390977443609,0.743609022556391,0,0.212781954887218,1.31273671530204,8
823,21,8,"random","equal","random","stacked",0.71830985915493,0.28169014084507,0,0.119718309859155,1.2697569127916,8
824,21,8,"random","equal","random","simple",0.772151898734177,0.227848101265823,0,0,1.31273671530204,8
824,21,8,"random","equal","random","group",0.875,0.125,0,0,1.31273671530204,8
824,21,8,"random","equal","random","dynamic",0.73702380952381,0.26297619047619,0,0,1.31273671530204,8
824,21,8,"random","equal","random","calendar",0.737023809523809,0.262976190476191,0,0,1.31273671530204,8
824,21,8,"random","equal","random","stacked",0.903571428571428,0.0964285714285715,0,0,1.2697569127916,8
825,21,8,"random","equal","random","simple",0.736111111111111,0.263888888888889,0,0,2.36969300063141,8
825,21,8,"random","equal","random","group",0.875,0.125,0,0,2.36969300063141,8
825,21,8,"random","equal","random","dynamic",0.560902255639098,0.439097744360902,0,0,2.36969300063141,8
825,21,8,"random","equal","random","calendar",0.560902255639098,0.439097744360902,0,0,2.36969300063141,8
825,21,8,"random","equal","random","stacked",0.935374149659864,0.0646258503401361,0,0,2.29210780324164,8
826,21,8,"random","equal","random","simple",0.817204301075269,0.182795698924731,0,0.182795698924731,0.883187855576138,8
826,21,8,"random","equal","random","group",0.875,0.125,0,0.125,0.883187855576138,8
826,21,8,"random","equal","random","dynamic",0.807857142857143,0.192142857142857,0,0.192142857142857,0.883187855576138,8
826,21,8,"random","equal","random","calendar",0.807857142857143,0.192142857142857,0,0.192142857142857,0.883187855576138,8
826,21,8,"random","equal","random","stacked",0.894080996884735,0.105919003115265,0,0.105919003115265,0.854271745308325,8
827,21,8,"random","equal","random","simple",0.784090909090909,0.215909090909091,0,0,2.36969300063141,8
827,21,8,"random","equal","random","group",0.875,0.125,0,0,2.36969300063141,8
827,21,8,"random","equal","random","dynamic",0.586278195488722,0.413721804511278,0,0,2.36969300063141,8
827,21,8,"random","equal","random","calendar",0.586278195488722,0.413721804511278,0,0,2.36969300063141,8
827,21,8,"random","equal","random","stacked",0.949061662198391,0.0509383378016086,0,0,2.29210780324164,8
828,21,8,"random","equal","random","simple",0.736111111111111,0.263888888888889,0,0,2.36969300063141,8
828,21,8,"random","equal","random","group",0.875,0.125,0,0,2.36969300063141,8
828,21,8,"random","equal","random","dynamic",0.581077694235589,0.418922305764411,0,0,2.36969300063141,8
828,21,8,"random","equal","random","calendar",0.581077694235589,0.418922305764411,0,0,2.36969300063141,8
828,21,8,"random","equal","random","stacked",0.935810810810811,0.0641891891891892,0,0,2.29210780324164,8
829,21,8,"random","equal","random","simple",0.821052631578947,0.178947368421053,0,0.178947368421053,0.883187855576138,8
829,21,8,"random","equal","random","group",0.875,0.125,0,0.125,0.883187855576138,8
829,21,8,"random","equal","random","dynamic",0.700420168067227,0.299579831932773,0,0.299579831932773,0.883187855576138,8
829,21,8,"random","equal","random","calendar",0.700420168067227,0.299579831932773,0,0.299579831932773,0.883187855576138,8
829,21,8,"random","equal","random","stacked",0.915211970074813,0.084788029925187,0,0.084788029925187,0.854271745308325,8
830,21,8,"random","equal","random","simple",0.772151898734177,0.227848101265823,0,0,1.31273671530204,8
830,21,8,"random","equal","random","group",0.875,0.125,0,0,1.31273671530204,8
830,21,8,"random","equal","random","dynamic",0.636507936507937,0.363492063492063,0,0,1.31273671530204,8
830,21,8,"random","equal","random","calendar",0.636507936507936,0.363492063492064,0,0,1.31273671530204,8
830,21,8,"random","equal","random","stacked",0.917431192660551,0.0825688073394496,0,0,1.2697569127916,8
831,21,8,"random","equal","random","simple",1,0,0,0,NA,8
831,21,8,"random","equal","random","group",1,0,0,0,NA,8
831,21,8,"random","equal","random","dynamic",1,0,0,0,NA,8
831,21,8,"random","equal","random","calendar",1,0,0,0,NA,8
831,21,8,"random","equal","random","stacked",1,0,0,0,NA,8
832,21,8,"random","equal","random","simple",1,0,0,0,NA,8
832,21,8,"random","equal","random","group",1,0,0,0,NA,8
832,21,8,"random","equal","random","dynamic",1,0,0,0,NA,8
832,21,8,"random","equal","random","calendar",1,0,0,0,NA,8
832,21,8,"random","equal","random","stacked",1,0,0,0,NA,8
833,21,8,"random","equal","random","simple",0.728571428571429,0.271428571428571,0,0,2.36969300063141,8
833,21,8,"random","equal","random","group",0.875,0.125,0,0,2.36969300063141,8
833,21,8,"random","equal","random","dynamic",0.528007518796992,0.471992481203008,0,0,2.36969300063141,8
833,21,8,"random","equal","random","calendar",0.528007518796993,0.471992481203007,0,0,2.36969300063141,8
833,21,8,"random","equal","random","stacked",0.941176470588235,0.0588235294117647,0,0,2.29210780324164,8
834,21,8,"random","equal","random","simple",0.763888888888889,0.236111111111111,0,0.236111111111111,0.883187855576138,8
834,21,8,"random","equal","random","group",0.875,0.125,0,0.125,0.883187855576138,8
834,21,8,"random","equal","random","dynamic",0.583613445378151,0.416386554621849,0,0.416386554621849,0.883187855576138,8
834,21,8,"random","equal","random","calendar",0.583613445378151,0.416386554621849,0,0.416386554621849,0.883187855576138,8
834,21,8,"random","equal","random","stacked",0.903409090909091,0.0965909090909091,0,0.0965909090909091,0.854271745308325,8
835,21,8,"random","equal","random","simple",0.77027027027027,0.22972972972973,0,0.22972972972973,0.883187855576138,8
835,21,8,"random","equal","random","group",0.875,0.125,0,0.125,0.883187855576138,8
835,21,8,"random","equal","random","dynamic",0.644887955182073,0.355112044817927,0,0.355112044817927,0.883187855576138,8
835,21,8,"random","equal","random","calendar",0.644887955182073,0.355112044817927,0,0.355112044817927,0.883187855576138,8
835,21,8,"random","equal","random","stacked",0.898809523809524,0.101190476190476,0,0.101190476190476,0.854271745308325,8
836,21,8,"random","equal","random","simple",1,0,0,0,NA,8
836,21,8,"random","equal","random","group",1,0,0,0,NA,8
836,21,8,"random","equal","random","dynamic",1,0,0,0,NA,8
836,21,8,"random","equal","random","calendar",1,0,0,0,NA,8
836,21,8,"random","equal","random","stacked",1,0,0,0,NA,8
837,21,8,"random","equal","random","simple",0.71875,0.28125,0,0,1.31273671530204,8
837,21,8,"random","equal","random","group",0.875,0.125,0,0,1.31273671530204,8
837,21,8,"random","equal","random","dynamic",0.57718253968254,0.42281746031746,0,0,1.31273671530204,8
837,21,8,"random","equal","random","calendar",0.57718253968254,0.42281746031746,0,0,1.31273671530204,8
837,21,8,"random","equal","random","stacked",0.905923344947735,0.0940766550522648,0,0,1.2697569127916,8
838,21,8,"random","equal","random","simple",0.7625,0.2375,0,0,2.36969300063141,8
838,21,8,"random","equal","random","group",0.875,0.125,0,0,2.36969300063141,8
838,21,8,"random","equal","random","dynamic",0.717797619047619,0.282202380952381,0,0,2.36969300063141,8
838,21,8,"random","equal","random","calendar",0.717797619047619,0.282202380952381,0,0,2.36969300063141,8
838,21,8,"random","equal","random","stacked",0.926640926640927,0.0733590733590734,0,0,2.29210780324164,8
839,21,8,"random","equal","random","simple",0.579545454545454,0.420454545454545,0,0,2.36969300063141,8
839,21,8,"random","equal","random","group",0.75,0.25,0,0,1.31273671530204,8
839,21,8,"random","equal","random","dynamic",0.46077694235589,0.53922305764411,0,0,2.36969300063141,8
839,21,8,"random","equal","random","calendar",0.46077694235589,0.53922305764411,0,0,2.36969300063141,8
839,21,8,"random","equal","random","stacked",0.849673202614379,0.150326797385621,0,0,1.2697569127916,8
840,21,8,"random","equal","random","simple",1,0,0,0,NA,8
840,21,8,"random","equal","random","group",1,0,0,0,NA,8
840,21,8,"random","equal","random","dynamic",1,0,0,0,NA,8
840,21,8,"random","equal","random","calendar",1,0,0,0,NA,8
840,21,8,"random","equal","random","stacked",1,0,0,0,NA,8
841,21,8,"random","equal","random","simple",1,0,0,0,NA,8
841,21,8,"random","equal","random","group",1,0,0,0,NA,8
841,21,8,"random","equal","random","dynamic",1,0,0,0,NA,8
841,21,8,"random","equal","random","calendar",1,0,0,0,NA,8
841,21,8,"random","equal","random","stacked",1,0,0,0,NA,8
842,21,8,"random","equal","random","simple",0.77027027027027,0.22972972972973,0,0.22972972972973,0.883187855576138,8
842,21,8,"random","equal","random","group",0.875,0.125,0,0.125,0.883187855576138,8
842,21,8,"random","equal","random","dynamic",0.66015406162465,0.33984593837535,0,0.33984593837535,0.883187855576138,8
842,21,8,"random","equal","random","calendar",0.66015406162465,0.33984593837535,0,0.33984593837535,0.883187855576138,8
842,21,8,"random","equal","random","stacked",0.895061728395062,0.104938271604938,0,0.104938271604938,0.854271745308325,8
843,21,8,"random","equal","random","simple",0.504587155963303,0.495412844036697,0,0.155963302752294,1.31273671530204,8
843,21,8,"random","equal","random","group",0.625,0.375,0,0.125,1.31273671530204,8
843,21,8,"random","equal","random","dynamic",0.493809523809524,0.506190476190476,0,0.149285714285714,1.31273671530204,8
843,21,8,"random","equal","random","calendar",0.493809523809524,0.506190476190476,0,0.149285714285714,1.31273671530204,8
843,21,8,"random","equal","random","stacked",0.709090909090909,0.290909090909091,0,0.123636363636364,1.2697569127916,8
844,21,8,"random","equal","random","simple",0.793478260869565,0.206521739130435,0,0,2.36969300063141,8
844,21,8,"random","equal","random","group",0.875,0.125,0,0,2.36969300063141,8
844,21,8,"random","equal","random","dynamic",0.656954887218045,0.343045112781955,0,0,2.36969300063141,8
844,21,8,"random","equal","random","calendar",0.656954887218045,0.343045112781955,0,0,2.36969300063141,8
844,21,8,"random","equal","random","stacked",0.945402298850575,0.0545977011494253,0,0,2.29210780324164,8
845,21,8,"random","equal","random","simple",0.786516853932584,0.213483146067416,0,0,2.36969300063141,8
845,21,8,"random","equal","random","group",0.875,0.125,0,0,2.36969300063141,8
845,21,8,"random","equal","random","dynamic",0.755297619047619,0.244702380952381,0,0,2.36969300063141,8
845,21,8,"random","equal","random","calendar",0.755297619047619,0.244702380952381,0,0,2.36969300063141,8
845,21,8,"random","equal","random","stacked",0.926356589147287,0.0736434108527132,0,0,2.29210780324164,8
846,21,8,"random","equal","random","simple",0.788888888888889,0.211111111111111,0,0,2.36969300063141,8
846,21,8,"random","equal","random","group",0.875,0.125,0,0,2.36969300063141,8
846,21,8,"random","equal","random","dynamic",0.750773809523809,0.24922619047619,0,0,2.36969300063141,8
846,21,8,"random","equal","random","calendar",0.750773809523809,0.249226190476191,0,0,2.36969300063141,8
846,21,8,"random","equal","random","stacked",0.9272030651341,0.0727969348659004,0,0,2.29210780324164,8
847,21,8,"random","equal","random","simple",0.795180722891566,0.204819277108434,0,0.204819277108434,0.883187855576138,8
847,21,8,"random","equal","random","group",0.875,0.125,0,0.125,0.883187855576138,8
847,21,8,"random","equal","random","dynamic",0.791607142857143,0.208392857142857,0,0.208392857142857,0.883187855576138,8
847,21,8,"random","equal","random","calendar",0.791607142857143,0.208392857142857,0,0.208392857142857,0.883187855576138,8
847,21,8,"random","equal","random","stacked",0.871212121212121,0.128787878787879,0,0.128787878787879,0.854271745308325,8
848,21,8,"random","equal","random","simple",0.776315789473684,0.223684210526316,0,0.223684210526316,0.883187855576138,8
848,21,8,"random","equal","random","group",0.875,0.125,0,0.125,0.883187855576138,8
848,21,8,"random","equal","random","dynamic",0.776607142857143,0.223392857142857,0,0.223392857142857,0.883187855576138,8
848,21,8,"random","equal","random","calendar",0.776607142857143,0.223392857142857,0,0.223392857142857,0.883187855576138,8
848,21,8,"random","equal","random","stacked",0.850877192982456,0.149122807017544,0,0.149122807017544,0.854271745308325,8
849,21,8,"random","equal","random","simple",0.646464646464647,0.353535353535354,0,0.171717171717172,1.31273671530204,8
849,21,8,"random","equal","random","group",0.75,0.25,0,0.125,0.883187855576138,8
849,21,8,"random","equal","random","dynamic",0.65297619047619,0.34702380952381,0,0.161011904761905,1.31273671530204,8
849,21,8,"random","equal","random","calendar",0.652976190476191,0.347023809523809,0,0.161011904761905,1.31273671530204,8
849,21,8,"random","equal","random","stacked",0.763565891472868,0.236434108527132,0,0.131782945736434,0.854271745308325,8
850,21,8,"random","equal","random","simple",0.804347826086957,0.195652173913043,0,0,1.31273671530204,8
850,21,8,"random","equal","random","group",0.875,0.125,0,0,1.31273671530204,8
850,21,8,"random","equal","random","dynamic",0.656878306878307,0.343121693121693,0,0,1.31273671530204,8
850,21,8,"random","equal","random","calendar",0.656878306878307,0.343121693121693,0,0,1.31273671530204,8
850,21,8,"random","equal","random","stacked",0.929319371727749,0.0706806282722513,0,0,1.2697569127916,8
851,21,8,"random","equal","random","simple",0.817307692307692,0.182692307692308,0,0,2.36969300063141,8
851,21,8,"random","equal","random","group",0.875,0.125,0,0,2.36969300063141,8
851,21,8,"random","equal","random","dynamic",0.780476190476191,0.21952380952381,0,0,2.36969300063141,8
851,21,8,"random","equal","random","calendar",0.780476190476191,0.21952380952381,0,0,2.36969300063141,8
851,21,8,"random","equal","random","stacked",0.935593220338983,0.064406779661017,0,0,2.29210780324164,8
852,21,8,"random","equal","random","simple",0.703125,0.296875,0,0,2.36969300063141,8
852,21,8,"random","equal","random","group",0.875,0.125,0,0,2.36969300063141,8
852,21,8,"random","equal","random","dynamic",0.475375939849624,0.524624060150376,0,0,2.36969300063141,8
852,21,8,"random","equal","random","calendar",0.475375939849624,0.524624060150376,0,0,2.36969300063141,8
852,21,8,"random","equal","random","stacked",0.935374149659864,0.0646258503401361,0,0,2.29210780324164,8
853,21,8,"random","equal","random","simple",0.765432098765432,0.234567901234568,0,0,2.36969300063141,8
853,21,8,"random","equal","random","group",0.875,0.125,0,0,2.36969300063141,8
853,21,8,"random","equal","random","dynamic",0.615288220551378,0.384711779448622,0,0,2.36969300063141,8
853,21,8,"random","equal","random","calendar",0.615288220551378,0.384711779448622,0,0,2.36969300063141,8
853,21,8,"random","equal","random","stacked",0.937908496732026,0.0620915032679739,0,0,2.29210780324164,8
854,21,8,"random","equal","random","simple",0.627659574468085,0.372340425531915,0,0.180851063829787,1.31273671530204,8
854,21,8,"random","equal","random","group",0.75,0.25,0,0.125,0.883187855576138,8
854,21,8,"random","equal","random","dynamic",0.545238095238095,0.454761904761905,0,0.199603174603175,1.31273671530204,8
854,21,8,"random","equal","random","calendar",0.545238095238095,0.454761904761905,0,0.199603174603175,1.31273671530204,8
854,21,8,"random","equal","random","stacked",0.814589665653495,0.185410334346505,0,0.103343465045593,0.854271745308325,8
855,21,8,"random","equal","random","simple",0.753424657534246,0.246575342465753,0,0,1.31273671530204,8
855,21,8,"random","equal","random","group",0.875,0.125,0,0,1.31273671530204,8
855,21,8,"random","equal","random","dynamic",0.58776455026455,0.41223544973545,0,0,1.31273671530204,8
855,21,8,"random","equal","random","calendar",0.58776455026455,0.41223544973545,0,0,1.31273671530204,8
855,21,8,"random","equal","random","stacked",0.91640866873065,0.0835913312693499,0,0,1.2697569127916,8
856,21,8,"random","equal","random","simple",0.564705882352941,0.435294117647059,0,0,2.36969300063141,8
856,21,8,"random","equal","random","group",0.75,0.25,0,0,1.31273671530204,8
856,21,8,"random","equal","random","dynamic",0.430952380952381,0.569047619047619,0,0,2.36969300063141,8
856,21,8,"random","equal","random","calendar",0.430952380952381,0.569047619047619,0,0,2.36969300063141,8
856,21,8,"random","equal","random","stacked",0.850649350649351,0.149350649350649,0,0,1.2697569127916,8
857,21,8,"random","equal","random","simple",0.753246753246753,0.246753246753247,0,0,2.36969300063141,8
857,21,8,"random","equal","random","group",0.875,0.125,0,0,2.36969300063141,8
857,21,8,"random","equal","random","dynamic",0.571741854636591,0.428258145363409,0,0,2.36969300063141,8
857,21,8,"random","equal","random","calendar",0.571741854636591,0.428258145363409,0,0,2.36969300063141,8
857,21,8,"random","equal","random","stacked",0.939490445859873,0.0605095541401274,0,0,2.29210780324164,8
858,21,8,"random","equal","random","simple",0.824742268041237,0.175257731958763,0,0.175257731958763,0.883187855576138,8
858,21,8,"random","equal","random","group",0.875,0.125,0,0.125,0.883187855576138,8
858,21,8,"random","equal","random","dynamic",0.814107142857143,0.185892857142857,0,0.185892857142857,0.883187855576138,8
858,21,8,"random","equal","random","calendar",0.814107142857143,0.185892857142857,0,0.185892857142857,0.883187855576138,8
858,21,8,"random","equal","random","stacked",0.891025641025641,0.108974358974359,0,0.108974358974359,0.854271745308325,8
859,21,8,"random","equal","random","simple",0.5,0.5,0,0.236111111111111,2.36969300063141,8
859,21,8,"random","equal","random","group",0.75,0.25,0,0.125,0.883187855576138,8
859,21,8,"random","equal","random","dynamic",0.345488721804511,0.654511278195489,0,0.274624060150376,2.36969300063141,8
859,21,8,"random","equal","random","calendar",0.345488721804511,0.654511278195489,0,0.274624060150376,2.36969300063141,8
859,21,8,"random","equal","random","stacked",0.812056737588652,0.187943262411348,0,0.120567375886525,0.854271745308325,8
860,21,8,"random","equal","random","simple",0.73972602739726,0.26027397260274,0,0,2.36969300063141,8
860,21,8,"random","equal","random","group",0.875,0.125,0,0,2.36969300063141,8
860,21,8,"random","equal","random","dynamic",0.592794486215539,0.407205513784461,0,0,2.36969300063141,8
860,21,8,"random","equal","random","calendar",0.592794486215539,0.407205513784461,0,0,2.36969300063141,8
860,21,8,"random","equal","random","stacked",0.9375,0.0625,0,0,2.29210780324164,8
861,21,8,"random","equal","random","simple",0.780487804878049,0.219512195121951,0,0,1.31273671530204,8
861,21,8,"random","equal","random","group",0.875,0.125,0,0,1.31273671530204,8
861,21,8,"random","equal","random","dynamic",0.75952380952381,0.240476190476191,0,0,1.31273671530204,8
861,21,8,"random","equal","random","calendar",0.759523809523809,0.240476190476191,0,0,1.31273671530204,8
861,21,8,"random","equal","random","stacked",0.898496240601504,0.101503759398496,0,0,1.2697569127916,8
862,21,8,"random","equal","random","simple",1,0,0,0,NA,8
862,21,8,"random","equal","random","group",1,0,0,0,NA,8
862,21,8,"random","equal","random","dynamic",1,0,0,0,NA,8
862,21,8,"random","equal","random","calendar",1,0,0,0,NA,8
862,21,8,"random","equal","random","stacked",1,0,0,0,NA,8
863,21,8,"random","equal","random","simple",0.759493670886076,0.240506329113924,0,0,2.36969300063141,8
863,21,8,"random","equal","random","group",0.875,0.125,0,0,2.36969300063141,8
863,21,8,"random","equal","random","dynamic",0.556203007518797,0.443796992481203,0,0,2.36969300063141,8
863,21,8,"random","equal","random","calendar",0.556203007518797,0.443796992481203,0,0,2.36969300063141,8
863,21,8,"random","equal","random","stacked",0.944606413994169,0.0553935860058309,0,0,2.29210780324164,8
864,21,8,"random","equal","random","simple",0.780487804878049,0.219512195121951,0,0,1.31273671530204,8
864,21,8,"random","equal","random","group",0.875,0.125,0,0,1.31273671530204,8
864,21,8,"random","equal","random","dynamic",0.763630952380952,0.236369047619048,0,0,1.31273671530204,8
864,21,8,"random","equal","random","calendar",0.763630952380952,0.236369047619048,0,0,1.31273671530204,8
864,21,8,"random","equal","random","stacked",0.894941634241245,0.105058365758755,0,0,1.2697569127916,8
865,21,8,"random","equal","random","simple",0.53448275862069,0.46551724137931,0,0.146551724137931,1.31273671530204,8
865,21,8,"random","equal","random","group",0.625,0.375,0,0.125,1.31273671530204,8
865,21,8,"random","equal","random","dynamic",0.462781954887218,0.537218045112782,0,0.143984962406015,1.31273671530204,8
865,21,8,"random","equal","random","calendar",0.462781954887218,0.537218045112782,0,0.143984962406015,1.31273671530204,8
865,21,8,"random","equal","random","stacked",0.733333333333333,0.266666666666667,0,0.113333333333333,1.2697569127916,8
866,21,8,"random","equal","random","simple",0.763157894736842,0.236842105263158,0,0,1.31273671530204,8
866,21,8,"random","equal","random","group",0.875,0.125,0,0,1.31273671530204,8
866,21,8,"random","equal","random","dynamic",0.563624338624339,0.436375661375661,0,0,1.31273671530204,8
866,21,8,"random","equal","random","calendar",0.563624338624339,0.436375661375661,0,0,1.31273671530204,8
866,21,8,"random","equal","random","stacked",0.923512747875354,0.0764872521246459,0,0,1.2697569127916,8
867,21,8,"random","equal","random","simple",0.619565217391304,0.380434782608696,0,0.184782608695652,1.31273671530204,8
867,21,8,"random","equal","random","group",0.75,0.25,0,0.125,0.883187855576138,8
867,21,8,"random","equal","random","dynamic",0.603690476190476,0.396309523809524,0,0.185654761904762,1.31273671530204,8
867,21,8,"random","equal","random","calendar",0.603690476190476,0.396309523809524,0,0.185654761904762,1.31273671530204,8
867,21,8,"random","equal","random","stacked",0.783687943262411,0.216312056737589,0,0.120567375886525,0.854271745308325,8
868,21,8,"random","equal","random","simple",0.55421686746988,0.44578313253012,0,0,2.36969300063141,8
868,21,8,"random","equal","random","group",0.75,0.25,0,0,1.31273671530204,8
868,21,8,"random","equal","random","dynamic",0.408646616541353,0.591353383458647,0,0,2.36969300063141,8
868,21,8,"random","equal","random","calendar",0.408646616541353,0.591353383458647,0,0,2.36969300063141,8
868,21,8,"random","equal","random","stacked",0.853035143769968,0.146964856230032,0,0,1.2697569127916,8
869,21,8,"random","equal","random","simple",0.806451612903226,0.193548387096774,0,0,1.31273671530204,8
869,21,8,"random","equal","random","group",0.875,0.125,0,0,1.31273671530204,8
869,21,8,"random","equal","random","dynamic",0.700661375661376,0.299338624338624,0,0,1.31273671530204,8
869,21,8,"random","equal","random","calendar",0.700661375661376,0.299338624338624,0,0,1.31273671530204,8
869,21,8,"random","equal","random","stacked",0.925207756232687,0.074792243767313,0,0,1.2697569127916,8
870,21,8,"random","equal","random","simple",0.588235294117647,0.411764705882353,0,0.2,1.31273671530204,8
870,21,8,"random","equal","random","group",0.75,0.25,0,0.125,0.883187855576138,8
870,21,8,"random","equal","random","dynamic",0.490608465608466,0.509391534391534,0,0.226917989417989,1.31273671530204,8
870,21,8,"random","equal","random","calendar",0.490608465608466,0.509391534391534,0,0.226917989417989,1.31273671530204,8
870,21,8,"random","equal","random","stacked",0.805111821086262,0.194888178913738,0,0.108626198083067,0.854271745308325,8
871,21,8,"random","equal","random","simple",1,0,0,0,NA,8
871,21,8,"random","equal","random","group",1,0,0,0,NA,8
871,21,8,"random","equal","random","dynamic",1,0,0,0,NA,8
871,21,8,"random","equal","random","calendar",1,0,0,0,NA,8
871,21,8,"random","equal","random","stacked",1,0,0,0,NA,8
872,21,8,"random","equal","random","simple",1,0,0,0,NA,8
872,21,8,"random","equal","random","group",1,0,0,0,NA,8
872,21,8,"random","equal","random","dynamic",1,0,0,0,NA,8
872,21,8,"random","equal","random","calendar",1,0,0,0,NA,8
872,21,8,"random","equal","random","stacked",1,0,0,0,NA,8
873,21,8,"random","equal","random","simple",0.443298969072165,0.556701030927835,0,0.175257731958763,1.31273671530204,8
873,21,8,"random","equal","random","group",0.625,0.375,0,0.125,1.31273671530204,8
873,21,8,"random","equal","random","dynamic",0.431309523809524,0.568690476190476,0,0.170119047619048,1.31273671530204,8
873,21,8,"random","equal","random","calendar",0.431309523809524,0.568690476190476,0,0.170119047619048,1.31273671530204,8
873,21,8,"random","equal","random","stacked",0.678714859437751,0.321285140562249,0,0.136546184738956,1.2697569127916,8
874,21,8,"random","equal","random","simple",0.7625,0.2375,0,0,2.36969300063141,8
874,21,8,"random","equal","random","group",0.875,0.125,0,0,2.36969300063141,8
874,21,8,"random","equal","random","dynamic",0.606892230576441,0.393107769423559,0,0,2.36969300063141,8
874,21,8,"random","equal","random","calendar",0.606892230576441,0.393107769423559,0,0,2.36969300063141,8
874,21,8,"random","equal","random","stacked",0.940625,0.059375,0,0,2.29210780324164,8
875,21,8,"random","equal","random","simple",1,0,0,0,NA,8
875,21,8,"random","equal","random","group",1,0,0,0,NA,8
875,21,8,"random","equal","random","dynamic",1,0,0,0,NA,8
875,21,8,"random","equal","random","calendar",1,0,0,0,NA,8
875,21,8,"random","equal","random","stacked",1,0,0,0,NA,8
876,21,8,"random","equal","random","simple",0.551282051282051,0.448717948717949,0,0.217948717948718,1.31273671530204,8
876,21,8,"random","equal","random","group",0.75,0.25,0,0.125,0.883187855576138,8
876,21,8,"random","equal","random","dynamic",0.475793650793651,0.524206349206349,0,0.234325396825397,1.31273671530204,8
876,21,8,"random","equal","random","calendar",0.475793650793651,0.524206349206349,0,0.234325396825397,1.31273671530204,8
876,21,8,"random","equal","random","stacked",0.771535580524345,0.228464419475655,0,0.127340823970037,0.854271745308325,8
877,21,8,"random","equal","random","simple",0.769230769230769,0.230769230769231,0,0,1.31273671530204,8
877,21,8,"random","equal","random","group",0.875,0.125,0,0,1.31273671530204,8
877,21,8,"random","equal","random","dynamic",0.721547619047619,0.278452380952381,0,0,1.31273671530204,8
877,21,8,"random","equal","random","calendar",0.721547619047619,0.278452380952381,0,0,1.31273671530204,8
877,21,8,"random","equal","random","stacked",0.907534246575342,0.0924657534246576,0,0,1.2697569127916,8
878,21,8,"random","equal","random","simple",0.784810126582279,0.215189873417722,0,0.215189873417722,0.883187855576138,8
878,21,8,"random","equal","random","group",0.875,0.125,0,0.125,0.883187855576138,8
878,21,8,"random","equal","random","dynamic",0.784940476190476,0.215059523809524,0,0.215059523809524,0.883187855576138,8
878,21,8,"random","equal","random","calendar",0.784940476190476,0.215059523809524,0,0.215059523809524,0.883187855576138,8
878,21,8,"random","equal","random","stacked",0.865079365079365,0.134920634920635,0,0.134920634920635,0.854271745308325,8
879,21,8,"random","equal","random","simple",0.771084337349398,0.228915662650602,0,0,2.36969300063141,8
879,21,8,"random","equal","random","group",0.875,0.125,0,0,2.36969300063141,8
879,21,8,"random","equal","random","dynamic",0.582205513784461,0.417794486215539,0,0,2.36969300063141,8
879,21,8,"random","equal","random","calendar",0.582205513784461,0.417794486215539,0,0,2.36969300063141,8
879,21,8,"random","equal","random","stacked",0.944767441860465,0.0552325581395349,0,0,2.29210780324164,8
880,21,8,"random","equal","random","simple",0.573170731707317,0.426829268292683,0,0.207317073170732,1.31273671530204,8
880,21,8,"random","equal","random","group",0.75,0.25,0,0.125,0.883187855576138,8
880,21,8,"random","equal","random","dynamic",0.457804232804233,0.542195767195767,0,0.243320105820106,1.31273671530204,8
880,21,8,"random","equal","random","calendar",0.457804232804233,0.542195767195767,0,0.243320105820106,1.31273671530204,8
880,21,8,"random","equal","random","stacked",0.805111821086262,0.194888178913738,0,0.108626198083067,0.854271745308325,8
881,21,8,"random","equal","random","simple",1,0,0,0,NA,8
881,21,8,"random","equal","random","group",1,0,0,0,NA,8
881,21,8,"random","equal","random","dynamic",1,0,0,0,NA,8
881,21,8,"random","equal","random","calendar",1,0,0,0,NA,8
881,21,8,"random","equal","random","stacked",1,0,0,0,NA,8
882,21,8,"random","equal","random","simple",0.831683168316832,0.168316831683168,0,0.168316831683168,0.883187855576138,8
882,21,8,"random","equal","random","group",0.875,0.125,0,0.125,0.883187855576138,8
882,21,8,"random","equal","random","dynamic",0.824226190476191,0.17577380952381,0,0.17577380952381,0.883187855576138,8
882,21,8,"random","equal","random","calendar",0.824226190476191,0.175773809523809,0,0.175773809523809,0.883187855576138,8
882,21,8,"random","equal","random","stacked",0.895705521472393,0.104294478527607,0,0.104294478527607,0.854271745308325,8
883,21,8,"random","equal","random","simple",0.486111111111111,0.513888888888889,0,0,2.36969300063141,8
883,21,8,"random","equal","random","group",0.75,0.25,0,0,1.31273671530204,8
883,21,8,"random","equal","random","dynamic",0.371804511278196,0.628195488721805,0,0,2.36969300063141,8
883,21,8,"random","equal","random","calendar",0.371804511278195,0.628195488721805,0,0,2.36969300063141,8
883,21,8,"random","equal","random","stacked",0.817460317460317,0.182539682539683,0,0,1.2697569127916,8
884,21,8,"random","equal","random","simple",0.393258426966292,0.606741573033708,0,0.191011235955056,1.31273671530204,8
884,21,8,"random","equal","random","group",0.625,0.375,0,0.125,1.31273671530204,8
884,21,8,"random","equal","random","dynamic",0.328759398496241,0.671240601503759,0,0.188659147869674,1.31273671530204,8
884,21,8,"random","equal","random","calendar",0.328759398496241,0.67124060150376,0,0.188659147869674,1.31273671530204,8
884,21,8,"random","equal","random","stacked",0.682539682539683,0.317460317460318,0,0.134920634920635,1.2697569127916,8
885,21,8,"random","equal","random","simple",0.493150684931507,0.506849315068493,0,0,2.36969300063141,8
885,21,8,"random","equal","random","group",0.75,0.25,0,0,1.31273671530204,8
885,21,8,"random","equal","random","dynamic",0.363032581453634,0.636967418546366,0,0,2.36969300063141,8
885,21,8,"random","equal","random","calendar",0.363032581453634,0.636967418546366,0,0,2.36969300063141,8
885,21,8,"random","equal","random","stacked",0.827067669172932,0.172932330827068,0,0,1.2697569127916,8
886,21,8,"random","equal","random","simple",0.470588235294118,0.529411764705882,0,0.166666666666667,1.31273671530204,8
886,21,8,"random","equal","random","group",0.625,0.375,0,0.125,1.31273671530204,8
886,21,8,"random","equal","random","dynamic",0.464702380952381,0.535297619047619,0,0.158988095238095,1.31273671530204,8
886,21,8,"random","equal","random","calendar",0.464702380952381,0.535297619047619,0,0.158988095238095,1.31273671530204,8
886,21,8,"random","equal","random","stacked",0.678714859437751,0.321285140562249,0,0.136546184738956,1.2697569127916,8
887,21,8,"random","equal","random","simple",0.771084337349398,0.228915662650602,0,0,2.36969300063141,8
887,21,8,"random","equal","random","group",0.875,0.125,0,0,2.36969300063141,8
887,21,8,"random","equal","random","dynamic",0.644047619047619,0.355952380952381,0,0,2.36969300063141,8
887,21,8,"random","equal","random","calendar",0.644047619047619,0.355952380952381,0,0,2.36969300063141,8
887,21,8,"random","equal","random","stacked",0.939102564102564,0.0608974358974359,0,0,2.29210780324164,8
888,21,8,"random","equal","random","simple",0.602150537634409,0.397849462365591,0,0,2.36969300063141,8
888,21,8,"random","equal","random","group",0.75,0.25,0,0,1.31273671530204,8
888,21,8,"random","equal","random","dynamic",0.495488721804511,0.504511278195489,0,0,2.36969300063141,8
888,21,8,"random","equal","random","calendar",0.495488721804511,0.504511278195489,0,0,2.36969300063141,8
888,21,8,"random","equal","random","stacked",0.855799373040752,0.144200626959248,0,0,1.2697569127916,8
889,21,8,"random","equal","random","simple",0.538461538461538,0.461538461538462,0,0.217948717948718,2.36969300063141,8
889,21,8,"random","equal","random","group",0.75,0.25,0,0.125,0.883187855576138,8
889,21,8,"random","equal","random","dynamic",0.404887218045113,0.595112781954887,0,0.244924812030075,2.36969300063141,8
889,21,8,"random","equal","random","calendar",0.404887218045113,0.595112781954887,0,0.244924812030075,2.36969300063141,8
889,21,8,"random","equal","random","stacked",0.819112627986348,0.180887372013652,0,0.116040955631399,0.854271745308325,8
890,21,8,"random","equal","random","simple",0.631578947368421,0.368421052631579,0,0.178947368421053,1.31273671530204,8
890,21,8,"random","equal","random","group",0.75,0.25,0,0.125,0.883187855576138,8
890,21,8,"random","equal","random","dynamic",0.624523809523809,0.375476190476191,0,0.175238095238095,1.31273671530204,8
890,21,8,"random","equal","random","calendar",0.62452380952381,0.37547619047619,0,0.175238095238095,1.31273671530204,8
890,21,8,"random","equal","random","stacked",0.785211267605634,0.214788732394366,0,0.119718309859155,0.854271745308325,8
891,21,8,"random","equal","random","simple",0.597826086956522,0.402173913043478,0,0,2.36969300063141,8
891,21,8,"random","equal","random","group",0.75,0.25,0,0,1.31273671530204,8
891,21,8,"random","equal","random","dynamic",0.56047619047619,0.43952380952381,0,0,2.36969300063141,8
891,21,8,"random","equal","random","calendar",0.56047619047619,0.43952380952381,0,0,2.36969300063141,8
891,21,8,"random","equal","random","stacked",0.828996282527881,0.171003717472119,0,0,1.2697569127916,8
892,21,8,"random","equal","random","simple",0.602272727272727,0.397727272727273,0,0.193181818181818,1.31273671530204,8
892,21,8,"random","equal","random","group",0.75,0.25,0,0.125,0.883187855576138,8
892,21,8,"random","equal","random","dynamic",0.529232804232804,0.470767195767196,0,0.20760582010582,1.31273671530204,8
892,21,8,"random","equal","random","calendar",0.529232804232804,0.470767195767196,0,0.20760582010582,1.31273671530204,8
892,21,8,"random","equal","random","stacked",0.792517006802721,0.207482993197279,0,0.115646258503401,0.854271745308325,8
893,21,8,"random","equal","random","simple",0.780487804878049,0.219512195121951,0,0,1.31273671530204,8
893,21,8,"random","equal","random","group",0.875,0.125,0,0,1.31273671530204,8
893,21,8,"random","equal","random","dynamic",0.673082010582011,0.326917989417989,0,0,1.31273671530204,8
893,21,8,"random","equal","random","calendar",0.673082010582011,0.326917989417989,0,0,1.31273671530204,8
893,21,8,"random","equal","random","stacked",0.918674698795181,0.0813253012048193,0,0,1.2697569127916,8
894,21,8,"random","equal","random","simple",0.4,0.6,0,0.188888888888889,1.31273671530204,8
894,21,8,"random","equal","random","group",0.625,0.375,0,0.125,1.31273671530204,8
894,21,8,"random","equal","random","dynamic",0.307706766917293,0.692293233082707,0,0.195676691729323,1.31273671530204,8
894,21,8,"random","equal","random","calendar",0.307706766917293,0.692293233082707,0,0.195676691729323,1.31273671530204,8
894,21,8,"random","equal","random","stacked",0.722222222222222,0.277777777777778,0,0.118055555555556,1.2697569127916,8
895,21,8,"random","equal","random","simple",0.653465346534653,0.346534653465347,0,0.168316831683168,1.31273671530204,8
895,21,8,"random","equal","random","group",0.75,0.25,0,0.125,0.883187855576138,8
895,21,8,"random","equal","random","dynamic",0.653214285714286,0.346785714285714,0,0.160892857142857,1.31273671530204,8
895,21,8,"random","equal","random","calendar",0.653214285714286,0.346785714285714,0,0.160892857142857,1.31273671530204,8
895,21,8,"random","equal","random","stacked",0.782918149466192,0.217081850533808,0,0.120996441281139,0.854271745308325,8
896,21,8,"random","equal","random","simple",0.732394366197183,0.267605633802817,0,0,2.36969300063141,8
896,21,8,"random","equal","random","group",0.875,0.125,0,0,2.36969300063141,8
896,21,8,"random","equal","random","dynamic",0.581516290726817,0.418483709273183,0,0,2.36969300063141,8
896,21,8,"random","equal","random","calendar",0.581516290726817,0.418483709273183,0,0,2.36969300063141,8
896,21,8,"random","equal","random","stacked",0.932862190812721,0.0671378091872792,0,0,2.29210780324164,8
897,21,8,"random","equal","random","simple",0.63265306122449,0.36734693877551,0,0.173469387755102,2.36969300063141,8
897,21,8,"random","equal","random","group",0.75,0.25,0,0.125,0.883187855576138,8
897,21,8,"random","equal","random","dynamic",0.618214285714286,0.381785714285714,0,0.165892857142857,2.36969300063141,8
897,21,8,"random","equal","random","calendar",0.618214285714286,0.381785714285714,0,0.165892857142857,2.36969300063141,8
897,21,8,"random","equal","random","stacked",0.790513833992095,0.209486166007905,0,0.134387351778656,0.854271745308325,8
898,21,8,"random","equal","random","simple",1,0,0,0,NA,8
898,21,8,"random","equal","random","group",1,0,0,0,NA,8
898,21,8,"random","equal","random","dynamic",1,0,0,0,NA,8
898,21,8,"random","equal","random","calendar",1,0,0,0,NA,8
898,21,8,"random","equal","random","stacked",1,0,0,0,NA,8
899,21,8,"random","equal","random","simple",0.766233766233766,0.233766233766234,0,0,1.31273671530204,8
899,21,8,"random","equal","random","group",0.875,0.125,0,0,1.31273671530204,8
899,21,8,"random","equal","random","dynamic",0.668915343915344,0.331084656084656,0,0,1.31273671530204,8
899,21,8,"random","equal","random","calendar",0.668915343915344,0.331084656084656,0,0,1.31273671530204,8
899,21,8,"random","equal","random","stacked",0.910596026490066,0.0894039735099338,0,0,1.2697569127916,8
900,21,8,"random","equal","random","simple",0.743243243243243,0.256756756756757,0,0,2.36969300063141,8
900,21,8,"random","equal","random","group",0.875,0.125,0,0,2.36969300063141,8
900,21,8,"random","equal","random","dynamic",0.528884711779449,0.471115288220551,0,0,2.36969300063141,8
900,21,8,"random","equal","random","calendar",0.528884711779449,0.471115288220551,0,0,2.36969300063141,8
900,21,8,"random","equal","random","stacked",0.942942942942943,0.0570570570570571,0,0,2.29210780324164,8
901,21,8,"random","equal","random","simple",0.76056338028169,0.23943661971831,0,0.23943661971831,0.883187855576138,8
901,21,8,"random","equal","random","group",0.875,0.125,0,0.125,0.883187855576138,8
901,21,8,"random","equal","random","dynamic",0.698949579831933,0.301050420168067,0,0.301050420168067,0.883187855576138,8
901,21,8,"random","equal","random","calendar",0.698949579831933,0.301050420168067,0,0.301050420168067,0.883187855576138,8
901,21,8,"random","equal","random","stacked",0.876363636363636,0.123636363636364,0,0.123636363636364,0.854271745308325,8
902,21,8,"random","equal","random","simple",1,0,0,0,NA,8
902,21,8,"random","equal","random","group",1,0,0,0,NA,8
902,21,8,"random","equal","random","dynamic",1,0,0,0,NA,8
902,21,8,"random","equal","random","calendar",1,0,0,0,NA,8
902,21,8,"random","equal","random","stacked",1,0,0,0,NA,8
903,21,8,"random","equal","random","simple",0.597701149425287,0.402298850574713,0,0.195402298850575,1.31273671530204,8
903,21,8,"random","equal","random","group",0.75,0.25,0,0.125,0.883187855576138,8
903,21,8,"random","equal","random","dynamic",0.57547619047619,0.42452380952381,0,0.199761904761905,1.31273671530204,8
903,21,8,"random","equal","random","calendar",0.575476190476191,0.424523809523809,0,0.199761904761905,1.31273671530204,8
903,21,8,"random","equal","random","stacked",0.783687943262411,0.216312056737589,0,0.120567375886525,0.854271745308325,8
904,21,8,"random","equal","random","simple",0.612903225806452,0.387096774193548,0,0.182795698924731,2.36969300063141,8
904,21,8,"random","equal","random","group",0.75,0.25,0,0.125,0.883187855576138,8
904,21,8,"random","equal","random","dynamic",0.57452380952381,0.425476190476191,0,0.187738095238095,2.36969300063141,8
904,21,8,"random","equal","random","calendar",0.57452380952381,0.42547619047619,0,0.187738095238095,2.36969300063141,8
904,21,8,"random","equal","random","stacked",0.814035087719298,0.185964912280702,0,0.119298245614035,0.854271745308325,8
905,21,8,"random","equal","random","simple",0.782051282051282,0.217948717948718,0,0.217948717948718,0.883187855576138,8
905,21,8,"random","equal","random","group",0.875,0.125,0,0.125,0.883187855576138,8
905,21,8,"random","equal","random","dynamic",0.647899159663866,0.352100840336135,0,0.352100840336135,0.883187855576138,8
905,21,8,"random","equal","random","calendar",0.647899159663865,0.352100840336135,0,0.352100840336135,0.883187855576138,8
905,21,8,"random","equal","random","stacked",0.899109792284867,0.100890207715134,0,0.100890207715134,0.854271745308325,8
906,21,8,"random","equal","random","simple",1,0,0,0,NA,8
906,21,8,"random","equal","random","group",1,0,0,0,NA,8
906,21,8,"random","equal","random","dynamic",1,0,0,0,NA,8
906,21,8,"random","equal","random","calendar",1,0,0,0,NA,8
906,21,8,"random","equal","random","stacked",1,0,0,0,NA,8
907,21,8,"random","equal","random","simple",0.654205607476635,0.345794392523364,0,0,2.36969300063141,8
907,21,8,"random","equal","random","group",0.75,0.25,0,0,1.31273671530204,8
907,21,8,"random","equal","random","dynamic",0.530576441102757,0.469423558897243,0,0,2.36969300063141,8
907,21,8,"random","equal","random","calendar",0.530576441102757,0.469423558897243,0,0,2.36969300063141,8
907,21,8,"random","equal","random","stacked",0.869688385269122,0.130311614730878,0,0,1.2697569127916,8
908,21,8,"random","equal","random","simple",1,0,0,0,NA,8
908,21,8,"random","equal","random","group",1,0,0,0,NA,8
908,21,8,"random","equal","random","dynamic",1,0,0,0,NA,8
908,21,8,"random","equal","random","calendar",1,0,0,0,NA,8
908,21,8,"random","equal","random","stacked",1,0,0,0,NA,8
909,21,8,"random","equal","random","simple",0.615384615384615,0.384615384615385,0,0.186813186813187,1.31273671530204,8
909,21,8,"random","equal","random","group",0.75,0.25,0,0.125,0.883187855576138,8
909,21,8,"random","equal","random","dynamic",0.532010582010582,0.467989417989418,0,0.206216931216931,1.31273671530204,8
909,21,8,"random","equal","random","calendar",0.532010582010582,0.467989417989418,0,0.206216931216931,1.31273671530204,8
909,21,8,"random","equal","random","stacked",0.808176100628931,0.191823899371069,0,0.106918238993711,0.854271745308325,8
910,21,8,"random","equal","random","simple",1,0,0,0,NA,8
910,21,8,"random","equal","random","group",1,0,0,0,NA,8
910,21,8,"random","equal","random","dynamic",1,0,0,0,NA,8
910,21,8,"random","equal","random","calendar",1,0,0,0,NA,8
910,21,8,"random","equal","random","stacked",1,0,0,0,NA,8
911,21,8,"random","equal","random","simple",1,0,0,0,NA,8
911,21,8,"random","equal","random","group",1,0,0,0,NA,8
911,21,8,"random","equal","random","dynamic",1,0,0,0,NA,8
911,21,8,"random","equal","random","calendar",1,0,0,0,NA,8
911,21,8,"random","equal","random","stacked",1,0,0,0,NA,8
912,21,8,"random","equal","random","simple",1,0,0,0,NA,8
912,21,8,"random","equal","random","group",1,0,0,0,NA,8
912,21,8,"random","equal","random","dynamic",1,0,0,0,NA,8
912,21,8,"random","equal","random","calendar",1,0,0,0,NA,8
912,21,8,"random","equal","random","stacked",1,0,0,0,NA,8
913,21,8,"random","equal","random","simple",1,0,0,0,NA,8
913,21,8,"random","equal","random","group",1,0,0,0,NA,8
913,21,8,"random","equal","random","dynamic",1,0,0,0,NA,8
913,21,8,"random","equal","random","calendar",1,0,0,0,NA,8
913,21,8,"random","equal","random","stacked",1,0,0,0,NA,8
914,21,8,"random","equal","random","simple",0.4,0.6,0,0.188888888888889,1.31273671530204,8
914,21,8,"random","equal","random","group",0.625,0.375,0,0.125,1.31273671530204,8
914,21,8,"random","equal","random","dynamic",0.314285714285714,0.685714285714286,0,0.193483709273183,1.31273671530204,8
914,21,8,"random","equal","random","calendar",0.314285714285714,0.685714285714286,0,0.193483709273183,1.31273671530204,8
914,21,8,"random","equal","random","stacked",0.715302491103203,0.284697508896797,0,0.120996441281139,1.2697569127916,8
915,21,8,"random","equal","random","simple",1,0,0,0,NA,8
915,21,8,"random","equal","random","group",1,0,0,0,NA,8
915,21,8,"random","equal","random","dynamic",1,0,0,0,NA,8
915,21,8,"random","equal","random","calendar",1,0,0,0,NA,8
915,21,8,"random","equal","random","stacked",1,0,0,0,NA,8
916,21,8,"random","equal","random","simple",0.765432098765432,0.234567901234568,0,0,2.36969300063141,8
916,21,8,"random","equal","random","group",0.875,0.125,0,0,2.36969300063141,8
916,21,8,"random","equal","random","dynamic",0.583458646616541,0.416541353383459,0,0,2.36969300063141,8
916,21,8,"random","equal","random","calendar",0.583458646616541,0.416541353383459,0,0,2.36969300063141,8
916,21,8,"random","equal","random","stacked",0.945402298850575,0.0545977011494253,0,0,2.29210780324164,8
917,21,8,"random","equal","random","simple",1,0,0,0,NA,8
917,21,8,"random","equal","random","group",1,0,0,0,NA,8
917,21,8,"random","equal","random","dynamic",1,0,0,0,NA,8
917,21,8,"random","equal","random","calendar",1,0,0,0,NA,8
917,21,8,"random","equal","random","stacked",1,0,0,0,NA,8
918,21,8,"random","equal","random","simple",0.372093023255814,0.627906976744186,0,0.197674418604651,1.31273671530204,8
918,21,8,"random","equal","random","group",0.625,0.375,0,0.125,1.31273671530204,8
918,21,8,"random","equal","random","dynamic",0.276127819548872,0.723872180451128,0,0.206203007518797,1.31273671530204,8
918,21,8,"random","equal","random","calendar",0.276127819548872,0.723872180451128,0,0.206203007518797,1.31273671530204,8
918,21,8,"random","equal","random","stacked",0.716312056737589,0.283687943262411,0,0.120567375886525,1.2697569127916,8
919,21,8,"random","equal","random","simple",0.689655172413793,0.310344827586207,0,0,1.31273671530204,8
919,21,8,"random","equal","random","group",0.875,0.125,0,0,1.31273671530204,8
919,21,8,"random","equal","random","dynamic",0.450859788359788,0.549140211640212,0,0,1.31273671530204,8
919,21,8,"random","equal","random","calendar",0.450859788359788,0.549140211640212,0,0,1.31273671530204,8
919,21,8,"random","equal","random","stacked",0.907216494845361,0.0927835051546392,0,0,1.2697569127916,8
920,21,8,"random","equal","random","simple",0.584269662921348,0.415730337078652,0,0,2.36969300063141,8
920,21,8,"random","equal","random","group",0.75,0.25,0,0,1.31273671530204,8
920,21,8,"random","equal","random","dynamic",0.462155388471178,0.537844611528822,0,0,2.36969300063141,8
920,21,8,"random","equal","random","calendar",0.462155388471178,0.537844611528822,0,0,2.36969300063141,8
920,21,8,"random","equal","random","stacked",0.855799373040752,0.144200626959248,0,0,1.2697569127916,8
921,21,8,"random","equal","random","simple",1,0,0,0,NA,8
921,21,8,"random","equal","random","group",1,0,0,0,NA,8
921,21,8,"random","equal","random","dynamic",1,0,0,0,NA,8
921,21,8,"random","equal","random","calendar",1,0,0,0,NA,8
921,21,8,"random","equal","random","stacked",1,0,0,0,NA,8
922,21,8,"random","equal","random","simple",1,0,0,0,NA,8
922,21,8,"random","equal","random","group",1,0,0,0,NA,8
922,21,8,"random","equal","random","dynamic",1,0,0,0,NA,8
922,21,8,"random","equal","random","calendar",1,0,0,0,NA,8
922,21,8,"random","equal","random","stacked",1,0,0,0,NA,8
923,21,8,"random","equal","random","simple",0.539473684210526,0.460526315789474,0,0.223684210526316,1.31273671530204,8
923,21,8,"random","equal","random","group",0.75,0.25,0,0.125,0.883187855576138,8
923,21,8,"random","equal","random","dynamic",0.442460317460317,0.557539682539683,0,0.250992063492064,1.31273671530204,8
923,21,8,"random","equal","random","calendar",0.442460317460317,0.557539682539683,0,0.250992063492063,1.31273671530204,8
923,21,8,"random","equal","random","stacked",0.774074074074074,0.225925925925926,0,0.125925925925926,0.854271745308325,8
924,21,8,"random","equal","random","simple",0.83177570093458,0.168224299065421,0,0,1.31273671530204,8
924,21,8,"random","equal","random","group",0.875,0.125,0,0,1.31273671530204,8
924,21,8,"random","equal","random","dynamic",0.812678571428571,0.187321428571429,0,0,1.31273671530204,8
924,21,8,"random","equal","random","calendar",0.812678571428571,0.187321428571429,0,0,1.31273671530204,8
924,21,8,"random","equal","random","stacked",0.915625,0.084375,0,0,1.2697569127916,8
925,21,8,"random","equal","random","simple",0.532467532467533,0.467532467532468,0,0.220779220779221,2.36969300063141,8
925,21,8,"random","equal","random","group",0.75,0.25,0,0.125,0.883187855576138,8
925,21,8,"random","equal","random","dynamic",0.438471177944862,0.561528822055138,0,0.228132832080201,2.36969300063141,8
925,21,8,"random","equal","random","calendar",0.438471177944862,0.561528822055138,0,0.228132832080201,2.36969300063141,8
925,21,8,"random","equal","random","stacked",0.792156862745098,0.207843137254902,0,0.133333333333333,0.854271745308325,8
926,21,8,"random","equal","random","simple",1,0,0,0,NA,8
926,21,8,"random","equal","random","group",1,0,0,0,NA,8
926,21,8,"random","equal","random","dynamic",1,0,0,0,NA,8
926,21,8,"random","equal","random","calendar",1,0,0,0,NA,8
926,21,8,"random","equal","random","stacked",1,0,0,0,NA,8
927,21,8,"random","equal","random","simple",0.765432098765432,0.234567901234568,0,0,2.36969300063141,8
927,21,8,"random","equal","random","group",0.875,0.125,0,0,2.36969300063141,8
927,21,8,"random","equal","random","dynamic",0.620551378446115,0.379448621553885,0,0,2.36969300063141,8
927,21,8,"random","equal","random","calendar",0.620551378446115,0.379448621553885,0,0,2.36969300063141,8
927,21,8,"random","equal","random","stacked",0.940809968847352,0.059190031152648,0,0,2.29210780324164,8
928,21,8,"random","equal","random","simple",0.506849315068493,0.493150684931507,0,0.232876712328767,2.36969300063141,8
928,21,8,"random","equal","random","group",0.75,0.25,0,0.125,0.883187855576138,8
928,21,8,"random","equal","random","dynamic",0.349874686716792,0.650125313283208,0,0.272431077694236,2.36969300063141,8
928,21,8,"random","equal","random","calendar",0.349874686716792,0.650125313283208,0,0.272431077694236,2.36969300063141,8
928,21,8,"random","equal","random","stacked",0.818493150684931,0.181506849315069,0,0.116438356164384,0.854271745308325,8
929,21,8,"random","equal","random","simple",1,0,0,0,NA,8
929,21,8,"random","equal","random","group",1,0,0,0,NA,8
929,21,8,"random","equal","random","dynamic",1,0,0,0,NA,8
929,21,8,"random","equal","random","calendar",1,0,0,0,NA,8
929,21,8,"random","equal","random","stacked",1,0,0,0,NA,8
930,21,8,"random","equal","random","simple",0.63265306122449,0.36734693877551,0,0.173469387755102,2.36969300063141,8
930,21,8,"random","equal","random","group",0.75,0.25,0,0.125,0.883187855576138,8
930,21,8,"random","equal","random","dynamic",0.535338345864662,0.464661654135338,0,0.179699248120301,2.36969300063141,8
930,21,8,"random","equal","random","calendar",0.535338345864662,0.464661654135338,0,0.179699248120301,2.36969300063141,8
930,21,8,"random","equal","random","stacked",0.827361563517915,0.172638436482085,0,0.110749185667752,0.854271745308325,8
931,21,8,"random","equal","random","simple",0.618556701030928,0.381443298969072,0,0,2.36969300063141,8
931,21,8,"random","equal","random","group",0.75,0.25,0,0,1.31273671530204,8
931,21,8,"random","equal","random","dynamic",0.581428571428571,0.418571428571429,0,0,2.36969300063141,8
931,21,8,"random","equal","random","calendar",0.581428571428572,0.418571428571429,0,0,2.36969300063141,8
931,21,8,"random","equal","random","stacked",0.839721254355401,0.160278745644599,0,0,1.2697569127916,8
932,21,8,"random","equal","random","simple",0.75,0.25,0,0,2.36969300063141,8
932,21,8,"random","equal","random","group",0.875,0.125,0,0,2.36969300063141,8
932,21,8,"random","equal","random","dynamic",0.680297619047619,0.319702380952381,0,0,2.36969300063141,8
932,21,8,"random","equal","random","calendar",0.680297619047619,0.319702380952381,0,0,2.36969300063141,8
932,21,8,"random","equal","random","stacked",0.930147058823529,0.0698529411764706,0,0,2.29210780324164,8
933,21,8,"random","equal","random","simple",0.808510638297872,0.191489361702128,0,0,1.31273671530204,8
933,21,8,"random","equal","random","group",0.875,0.125,0,0,1.31273671530204,8
933,21,8,"random","equal","random","dynamic",0.791904761904762,0.208095238095238,0,0,1.31273671530204,8
933,21,8,"random","equal","random","calendar",0.791904761904762,0.208095238095238,0,0,1.31273671530204,8
933,21,8,"random","equal","random","stacked",0.904255319148936,0.0957446808510639,0,0,1.2697569127916,8
934,21,8,"random","equal","random","simple",1,0,0,0,NA,8
934,21,8,"random","equal","random","group",1,0,0,0,NA,8
934,21,8,"random","equal","random","dynamic",1,0,0,0,NA,8
934,21,8,"random","equal","random","calendar",1,0,0,0,NA,8
934,21,8,"random","equal","random","stacked",1,0,0,0,NA,8
935,21,8,"random","equal","random","simple",0.72463768115942,0.27536231884058,0,0,2.36969300063141,8
935,21,8,"random","equal","random","group",0.875,0.125,0,0,2.36969300063141,8
935,21,8,"random","equal","random","dynamic",0.647857142857143,0.352142857142857,0,0,2.36969300063141,8
935,21,8,"random","equal","random","calendar",0.647857142857143,0.352142857142857,0,0,2.36969300063141,8
935,21,8,"random","equal","random","stacked",0.925490196078431,0.0745098039215687,0,0,2.29210780324164,8
936,21,8,"random","equal","random","simple",1,0,0,0,NA,8
936,21,8,"random","equal","random","group",1,0,0,0,NA,8
936,21,8,"random","equal","random","dynamic",1,0,0,0,NA,8
936,21,8,"random","equal","random","calendar",1,0,0,0,NA,8
936,21,8,"random","equal","random","stacked",1,0,0,0,NA,8
937,21,8,"random","equal","random","simple",0.8,0.2,0,0,2.36969300063141,8
937,21,8,"random","equal","random","group",0.875,0.125,0,0,2.36969300063141,8
937,21,8,"random","equal","random","dynamic",0.754880952380952,0.245119047619048,0,0,2.36969300063141,8
937,21,8,"random","equal","random","calendar",0.754880952380952,0.245119047619048,0,0,2.36969300063141,8
937,21,8,"random","equal","random","stacked",0.939102564102564,0.0608974358974359,0,0,2.29210780324164,8
938,21,8,"random","equal","random","simple",0.490566037735849,0.509433962264151,0,0.160377358490566,1.31273671530204,8
938,21,8,"random","equal","random","group",0.625,0.375,0,0.125,1.31273671530204,8
938,21,8,"random","equal","random","dynamic",0.497559523809524,0.502440476190476,0,0.148035714285714,1.31273671530204,8
938,21,8,"random","equal","random","calendar",0.497559523809524,0.502440476190476,0,0.148035714285714,1.31273671530204,8
938,21,8,"random","equal","random","stacked",0.638009049773756,0.361990950226244,0,0.153846153846154,1.2697569127916,8
939,21,8,"random","equal","random","simple",0.588888888888889,0.411111111111111,0,0,2.36969300063141,8
939,21,8,"random","equal","random","group",0.75,0.25,0,0,1.31273671530204,8
939,21,8,"random","equal","random","dynamic",0.415664160401003,0.584335839598997,0,0,2.36969300063141,8
939,21,8,"random","equal","random","calendar",0.415664160401002,0.584335839598997,0,0,2.36969300063141,8
939,21,8,"random","equal","random","stacked",0.868194842406877,0.131805157593123,0,0,1.2697569127916,8
940,21,8,"random","equal","random","simple",1,0,0,0,NA,8
940,21,8,"random","equal","random","group",1,0,0,0,NA,8
940,21,8,"random","equal","random","dynamic",1,0,0,0,NA,8
940,21,8,"random","equal","random","calendar",1,0,0,0,NA,8
940,21,8,"random","equal","random","stacked",1,0,0,0,NA,8
941,21,8,"random","equal","random","simple",0.8,0.2,0,0,1.31273671530204,8
941,21,8,"random","equal","random","group",0.875,0.125,0,0,1.31273671530204,8
941,21,8,"random","equal","random","dynamic",0.772797619047619,0.227202380952381,0,0,1.31273671530204,8
941,21,8,"random","equal","random","calendar",0.772797619047619,0.227202380952381,0,0,1.31273671530204,8
941,21,8,"random","equal","random","stacked",0.910299003322259,0.0897009966777409,0,0,1.2697569127916,8
942,21,8,"random","equal","random","simple",1,0,0,0,NA,8
942,21,8,"random","equal","random","group",1,0,0,0,NA,8
942,21,8,"random","equal","random","dynamic",1,0,0,0,NA,8
942,21,8,"random","equal","random","calendar",1,0,0,0,NA,8
942,21,8,"random","equal","random","stacked",1,0,0,0,NA,8
943,21,8,"random","equal","random","simple",0.742857142857143,0.257142857142857,0,0,1.31273671530204,8
943,21,8,"random","equal","random","group",0.875,0.125,0,0,1.31273671530204,8
943,21,8,"random","equal","random","dynamic",0.521693121693122,0.478306878306878,0,0,1.31273671530204,8
943,21,8,"random","equal","random","calendar",0.521693121693122,0.478306878306878,0,0,1.31273671530204,8
943,21,8,"random","equal","random","stacked",0.918429003021148,0.081570996978852,0,0,1.2697569127916,8
944,21,8,"random","equal","random","simple",0.797872340425532,0.202127659574468,0,0,2.36969300063141,8
944,21,8,"random","equal","random","group",0.875,0.125,0,0,2.36969300063141,8
944,21,8,"random","equal","random","dynamic",0.598496240601504,0.401503759398496,0,0,2.36969300063141,8
944,21,8,"random","equal","random","calendar",0.598496240601504,0.401503759398496,0,0,2.36969300063141,8
944,21,8,"random","equal","random","stacked",0.950391644908616,0.0496083550913838,0,0,2.29210780324164,8
945,21,8,"random","equal","random","simple",0.647619047619048,0.352380952380952,0,0,2.36969300063141,8
945,21,8,"random","equal","random","group",0.75,0.25,0,0,1.31273671530204,8
945,21,8,"random","equal","random","dynamic",0.624880952380952,0.375119047619048,0,0,2.36969300063141,8
945,21,8,"random","equal","random","calendar",0.624880952380952,0.375119047619048,0,0,2.36969300063141,8
945,21,8,"random","equal","random","stacked",0.835125448028674,0.164874551971326,0,0,1.2697569127916,8
946,21,8,"random","equal","random","simple",0.766233766233766,0.233766233766234,0,0,1.31273671530204,8
946,21,8,"random","equal","random","group",0.875,0.125,0,0,1.31273671530204,8
946,21,8,"random","equal","random","dynamic",0.676785714285714,0.323214285714286,0,0,1.31273671530204,8
946,21,8,"random","equal","random","calendar",0.676785714285714,0.323214285714286,0,0,1.31273671530204,8
946,21,8,"random","equal","random","stacked",0.903225806451613,0.0967741935483871,0,0,1.2697569127916,8
947,21,8,"random","equal","random","simple",0.8,0.2,0,0.2,0.883187855576138,8
947,21,8,"random","equal","random","group",0.875,0.125,0,0.125,0.883187855576138,8
947,21,8,"random","equal","random","dynamic",0.701750700280112,0.298249299719888,0,0.298249299719888,0.883187855576138,8
947,21,8,"random","equal","random","calendar",0.701750700280112,0.298249299719888,0,0.298249299719888,0.883187855576138,8
947,21,8,"random","equal","random","stacked",0.897590361445783,0.102409638554217,0,0.102409638554217,0.854271745308325,8
948,21,8,"random","equal","random","simple",0.768292682926829,0.231707317073171,0,0,2.36969300063141,8
948,21,8,"random","equal","random","group",0.875,0.125,0,0,2.36969300063141,8
948,21,8,"random","equal","random","dynamic",0.627944862155388,0.372055137844612,0,0,2.36969300063141,8
948,21,8,"random","equal","random","calendar",0.627944862155388,0.372055137844612,0,0,2.36969300063141,8
948,21,8,"random","equal","random","stacked",0.941538461538462,0.0584615384615385,0,0,2.29210780324164,8
949,21,8,"random","equal","random","simple",0.475728155339806,0.524271844660194,0,0.16504854368932,1.31273671530204,8
949,21,8,"random","equal","random","group",0.625,0.375,0,0.125,1.31273671530204,8
949,21,8,"random","equal","random","dynamic",0.466130952380952,0.533869047619048,0,0.158511904761905,1.31273671530204,8
949,21,8,"random","equal","random","calendar",0.466130952380952,0.533869047619048,0,0.158511904761905,1.31273671530204,8
949,21,8,"random","equal","random","stacked",0.695817490494297,0.304182509505704,0,0.129277566539924,1.2697569127916,8
950,21,8,"random","equal","random","simple",0.746666666666667,0.253333333333333,0,0,2.36969300063141,8
950,21,8,"random","equal","random","group",0.875,0.125,0,0,2.36969300063141,8
950,21,8,"random","equal","random","dynamic",0.589786967418546,0.410213032581454,0,0,2.36969300063141,8
950,21,8,"random","equal","random","calendar",0.589786967418546,0.410213032581454,0,0,2.36969300063141,8
950,21,8,"random","equal","random","stacked",0.937086092715232,0.0629139072847683,0,0,2.29210780324164,8
951,21,8,"random","equal","random","simple",0.8,0.2,0,0,1.31273671530204,8
951,21,8,"random","equal","random","group",0.875,0.125,0,0,1.31273671530204,8
951,21,8,"random","equal","random","dynamic",0.701785714285714,0.298214285714286,0,0,1.31273671530204,8
951,21,8,"random","equal","random","calendar",0.701785714285714,0.298214285714286,0,0,1.31273671530204,8
951,21,8,"random","equal","random","stacked",0.918918918918919,0.0810810810810811,0,0,1.2697569127916,8
952,21,8,"random","equal","random","simple",0.776470588235294,0.223529411764706,0,0,2.36969300063141,8
952,21,8,"random","equal","random","group",0.875,0.125,0,0,2.36969300063141,8
952,21,8,"random","equal","random","dynamic",0.726607142857143,0.273392857142857,0,0,2.36969300063141,8
952,21,8,"random","equal","random","calendar",0.726607142857143,0.273392857142857,0,0,2.36969300063141,8
952,21,8,"random","equal","random","stacked",0.93448275862069,0.0655172413793104,0,0,2.29210780324164,8
953,21,8,"random","equal","random","simple",0.617021276595745,0.382978723404255,0,0.180851063829787,2.36969300063141,8
953,21,8,"random","equal","random","group",0.75,0.25,0,0.125,0.883187855576138,8
953,21,8,"random","equal","random","dynamic",0.508646616541353,0.491353383458647,0,0.193045112781955,2.36969300063141,8
953,21,8,"random","equal","random","calendar",0.508646616541353,0.491353383458647,0,0.193045112781955,2.36969300063141,8
953,21,8,"random","equal","random","stacked",0.837423312883436,0.162576687116564,0,0.104294478527607,0.854271745308325,8
954,21,8,"random","equal","random","simple",0.776470588235294,0.223529411764706,0,0,2.36969300063141,8
954,21,8,"random","equal","random","group",0.875,0.125,0,0,2.36969300063141,8
954,21,8,"random","equal","random","dynamic",0.631390977443609,0.368609022556391,0,0,2.36969300063141,8
954,21,8,"random","equal","random","calendar",0.631390977443609,0.368609022556391,0,0,2.36969300063141,8
954,21,8,"random","equal","random","stacked",0.944767441860465,0.0552325581395349,0,0,2.29210780324164,8
955,21,8,"random","equal","random","simple",0.517857142857143,0.482142857142857,0,0.151785714285714,1.31273671530204,8
955,21,8,"random","equal","random","group",0.625,0.375,0,0.125,1.31273671530204,8
955,21,8,"random","equal","random","dynamic",0.434586466165413,0.565413533834586,0,0.153383458646617,1.31273671530204,8
955,21,8,"random","equal","random","calendar",0.434586466165414,0.565413533834586,0,0.153383458646617,1.31273671530204,8
955,21,8,"random","equal","random","stacked",0.754601226993865,0.245398773006135,0,0.104294478527607,1.2697569127916,8
956,21,8,"random","equal","random","simple",0.780487804878049,0.219512195121951,0,0,1.31273671530204,8
956,21,8,"random","equal","random","group",0.875,0.125,0,0,1.31273671530204,8
956,21,8,"random","equal","random","dynamic",0.764523809523809,0.23547619047619,0,0,1.31273671530204,8
956,21,8,"random","equal","random","calendar",0.76452380952381,0.235476190476191,0,0,1.31273671530204,8
956,21,8,"random","equal","random","stacked",0.893700787401575,0.106299212598425,0,0,1.2697569127916,8
957,21,8,"random","equal","random","simple",0.782051282051282,0.217948717948718,0,0.217948717948718,0.883187855576138,8
957,21,8,"random","equal","random","group",0.875,0.125,0,0.125,0.883187855576138,8
957,21,8,"random","equal","random","dynamic",0.734940476190476,0.265059523809524,0,0.265059523809524,0.883187855576138,8
957,21,8,"random","equal","random","calendar",0.734940476190476,0.265059523809524,0,0.265059523809524,0.883187855576138,8
957,21,8,"random","equal","random","stacked",0.892063492063492,0.107936507936508,0,0.107936507936508,0.854271745308325,8
958,21,8,"random","equal","random","simple",0.806818181818182,0.193181818181818,0,0.193181818181818,0.883187855576138,8
958,21,8,"random","equal","random","group",0.875,0.125,0,0.125,0.883187855576138,8
958,21,8,"random","equal","random","dynamic",0.801607142857143,0.198392857142857,0,0.198392857142857,0.883187855576138,8
958,21,8,"random","equal","random","calendar",0.801607142857143,0.198392857142857,0,0.198392857142857,0.883187855576138,8
958,21,8,"random","equal","random","stacked",0.876811594202899,0.123188405797101,0,0.123188405797101,0.854271745308325,8
959,21,8,"random","equal","random","simple",0.771084337349398,0.228915662650602,0,0,2.36969300063141,8
959,21,8,"random","equal","random","group",0.875,0.125,0,0,2.36969300063141,8
959,21,8,"random","equal","random","dynamic",0.631954887218045,0.368045112781955,0,0,2.36969300063141,8
959,21,8,"random","equal","random","calendar",0.631954887218045,0.368045112781955,0,0,2.36969300063141,8
959,21,8,"random","equal","random","stacked",0.943452380952381,0.0565476190476191,0,0,2.29210780324164,8
960,21,8,"random","equal","random","simple",1,0,0,0,NA,8
960,21,8,"random","equal","random","group",1,0,0,0,NA,8
960,21,8,"random","equal","random","dynamic",1,0,0,0,NA,8
960,21,8,"random","equal","random","calendar",1,0,0,0,NA,8
960,21,8,"random","equal","random","stacked",1,0,0,0,NA,8
961,21,8,"random","equal","random","simple",0.694915254237288,0.305084745762712,0,0.144067796610169,2.36969300063141,8
961,21,8,"random","equal","random","group",0.75,0.25,0,0.125,0.883187855576138,8
961,21,8,"random","equal","random","dynamic",0.673690476190476,0.326309523809524,0,0.138154761904762,2.36969300063141,8
961,21,8,"random","equal","random","calendar",0.673690476190476,0.326309523809524,0,0.138154761904762,2.36969300063141,8
961,21,8,"random","equal","random","stacked",0.825657894736842,0.174342105263158,0,0.111842105263158,0.854271745308325,8
962,21,8,"random","equal","random","simple",1,0,0,0,NA,8
962,21,8,"random","equal","random","group",1,0,0,0,NA,8
962,21,8,"random","equal","random","dynamic",1,0,0,0,NA,8
962,21,8,"random","equal","random","calendar",1,0,0,0,NA,8
962,21,8,"random","equal","random","stacked",1,0,0,0,NA,8
963,21,8,"random","equal","random","simple",0.608695652173913,0.391304347826087,0,0.184782608695652,2.36969300063141,8
963,21,8,"random","equal","random","group",0.75,0.25,0,0.125,0.883187855576138,8
963,21,8,"random","equal","random","dynamic",0.494862155388471,0.505137844611529,0,0.199937343358396,2.36969300063141,8
963,21,8,"random","equal","random","calendar",0.494862155388471,0.505137844611529,0,0.199937343358396,2.36969300063141,8
963,21,8,"random","equal","random","stacked",0.831746031746032,0.168253968253968,0,0.107936507936508,0.854271745308325,8
964,21,8,"random","equal","random","simple",0.776470588235294,0.223529411764706,0,0,2.36969300063141,8
964,21,8,"random","equal","random","group",0.875,0.125,0,0,2.36969300063141,8
964,21,8,"random","equal","random","dynamic",0.623997493734336,0.376002506265664,0,0,2.36969300063141,8
964,21,8,"random","equal","random","calendar",0.623997493734336,0.376002506265664,0,0,2.36969300063141,8
964,21,8,"random","equal","random","stacked",0.938906752411576,0.0610932475884245,0,0,2.29210780324164,8
965,21,8,"random","equal","random","simple",0.610526315789474,0.389473684210526,0,0,2.36969300063141,8
965,21,8,"random","equal","random","group",0.75,0.25,0,0,1.31273671530204,8
965,21,8,"random","equal","random","dynamic",0.574642857142857,0.425357142857143,0,0,2.36969300063141,8
965,21,8,"random","equal","random","calendar",0.574642857142857,0.425357142857143,0,0,2.36969300063141,8
965,21,8,"random","equal","random","stacked",0.834532374100719,0.165467625899281,0,0,1.2697569127916,8
966,21,8,"random","equal","random","simple",0.618556701030928,0.381443298969072,0,0,2.36969300063141,8
966,21,8,"random","equal","random","group",0.75,0.25,0,0,1.31273671530204,8
966,21,8,"random","equal","random","dynamic",0.608214285714286,0.391785714285714,0,0,2.36969300063141,8
966,21,8,"random","equal","random","calendar",0.608214285714286,0.391785714285714,0,0,2.36969300063141,8
966,21,8,"random","equal","random","stacked",0.79372197309417,0.20627802690583,0,0,1.2697569127916,8
967,21,8,"random","equal","random","simple",0.728571428571429,0.271428571428571,0,0,2.36969300063141,8
967,21,8,"random","equal","random","group",0.875,0.125,0,0,2.36969300063141,8
967,21,8,"random","equal","random","dynamic",0.613972431077694,0.386027568922306,0,0,2.36969300063141,8
967,21,8,"random","equal","random","calendar",0.613972431077694,0.386027568922306,0,0,2.36969300063141,8
967,21,8,"random","equal","random","stacked",0.925196850393701,0.0748031496062993,0,0,2.29210780324164,8
968,21,8,"random","equal","random","simple",0.653846153846154,0.346153846153846,0,0.163461538461538,2.36969300063141,8
968,21,8,"random","equal","random","group",0.75,0.25,0,0.125,0.883187855576138,8
968,21,8,"random","equal","random","dynamic",0.627619047619048,0.372380952380952,0,0.161190476190476,2.36969300063141,8
968,21,8,"random","equal","random","calendar",0.627619047619048,0.372380952380952,0,0.161190476190476,2.36969300063141,8
968,21,8,"random","equal","random","stacked",0.815972222222222,0.184027777777778,0,0.118055555555556,0.854271745308325,8
969,21,8,"random","equal","random","simple",0.776470588235294,0.223529411764706,0,0,2.36969300063141,8
969,21,8,"random","equal","random","group",0.875,0.125,0,0,2.36969300063141,8
969,21,8,"random","equal","random","dynamic",0.741964285714286,0.258035714285714,0,0,2.36969300063141,8
969,21,8,"random","equal","random","calendar",0.741964285714286,0.258035714285714,0,0,2.36969300063141,8
969,21,8,"random","equal","random","stacked",0.923387096774193,0.0766129032258065,0,0,2.29210780324164,8
970,21,8,"random","equal","random","simple",0.797872340425532,0.202127659574468,0,0,2.36969300063141,8
970,21,8,"random","equal","random","group",0.875,0.125,0,0,2.36969300063141,8
970,21,8,"random","equal","random","dynamic",0.755357142857143,0.244642857142857,0,0,2.36969300063141,8
970,21,8,"random","equal","random","calendar",0.755357142857143,0.244642857142857,0,0,2.36969300063141,8
970,21,8,"random","equal","random","stacked",0.936026936026936,0.063973063973064,0,0,2.29210780324164,8
971,21,8,"random","equal","random","simple",0.509090909090909,0.490909090909091,0,0.154545454545455,1.31273671530204,8
971,21,8,"random","equal","random","group",0.625,0.375,0,0.125,1.31273671530204,8
971,21,8,"random","equal","random","dynamic",0.493630952380952,0.506369047619048,0,0.149345238095238,1.31273671530204,8
971,21,8,"random","equal","random","calendar",0.493630952380952,0.506369047619048,0,0.149345238095238,1.31273671530204,8
971,21,8,"random","equal","random","stacked",0.72318339100346,0.27681660899654,0,0.117647058823529,1.2697569127916,8
972,21,8,"random","equal","random","simple",0.443298969072165,0.556701030927835,0,0.175257731958763,1.31273671530204,8
972,21,8,"random","equal","random","group",0.625,0.375,0,0.125,1.31273671530204,8
972,21,8,"random","equal","random","dynamic",0.34718045112782,0.652819548872181,0,0.182518796992481,1.31273671530204,8
972,21,8,"random","equal","random","calendar",0.34718045112782,0.65281954887218,0,0.182518796992481,1.31273671530204,8
972,21,8,"random","equal","random","stacked",0.735099337748344,0.264900662251656,0,0.112582781456954,1.2697569127916,8
973,21,8,"random","skewed","random","simple",0.758842443729904,0.241157556270096,0,0.241157556270096,0.405560618505449,8
973,21,8,"random","skewed","random","group",0.761904761904762,0.238095238095238,0,0.238095238095238,0.405560618505449,8
973,21,8,"random","skewed","random","dynamic",0.789290841167776,0.210709158832224,0,0.210709158832224,0.405560618505449,8
973,21,8,"random","skewed","random","calendar",0.789290841167776,0.210709158832224,0,0.210709158832224,0.405560618505449,8
973,21,8,"random","skewed","random","stacked",0.660739309717116,0.339260690282884,0,0.339260690282884,0.384174999142706,8
974,21,8,"random","skewed","random","simple",0.236666666666667,0.763333333333333,0,0.763333333333333,0.84833027763666,8
974,21,8,"random","skewed","random","group",0.380952380952381,0.619047619047619,0,0.619047619047619,0.84833027763666,8
974,21,8,"random","skewed","random","dynamic",0.212505084879956,0.787494915120044,0,0.787494915120044,0.84833027763666,8
974,21,8,"random","skewed","random","calendar",0.212505084879956,0.787494915120044,0,0.787494915120044,0.84833027763666,8
974,21,8,"random","skewed","random","stacked",0.475731371645726,0.524268628354274,0,0.524268628354274,0.780172541067144,8
975,21,8,"random","skewed","random","simple",0.730113636363636,0.269886363636364,0,0,1.87680991261445,8
975,21,8,"random","skewed","random","group",0.761904761904762,0.238095238095238,0,0,1.87680991261445,8
975,21,8,"random","skewed","random","dynamic",0.731084474950574,0.268915525049426,0,0,1.87680991261445,8
975,21,8,"random","skewed","random","calendar",0.731084474950574,0.268915525049426,0,0,1.87680991261445,8
975,21,8,"random","skewed","random","stacked",0.815599414647129,0.184400585352871,0,0,1.77784383805991,8
976,21,8,"random","skewed","random","simple",0.215753424657534,0.784246575342466,0,0.784246575342466,0.84833027763666,8
976,21,8,"random","skewed","random","group",0.380952380952381,0.619047619047619,0,0.619047619047619,0.84833027763666,8
976,21,8,"random","skewed","random","dynamic",0.186378152625573,0.813621847374427,0,0.813621847374427,0.84833027763666,8
976,21,8,"random","skewed","random","calendar",0.186378152625573,0.813621847374427,0,0.813621847374427,0.84833027763666,8
976,21,8,"random","skewed","random","stacked",0.485559848481125,0.514440151518875,0,0.514440151518875,0.780172541067144,8
977,21,8,"random","skewed","random","simple",0.262798634812287,0.737201365187713,0,0.737201365187713,0.570742777277959,8
977,21,8,"random","skewed","random","group",0.380952380952381,0.619047619047619,0,0.619047619047619,0.570742777277959,8
977,21,8,"random","skewed","random","dynamic",0.244451671277386,0.755548328722614,0,0.755548328722614,0.570742777277959,8
977,21,8,"random","skewed","random","calendar",0.244451671277386,0.755548328722614,0,0.755548328722614,0.570742777277959,8
977,21,8,"random","skewed","random","stacked",0.417447313004244,0.582552686995756,0,0.582552686995756,0.524887363545659,8
978,21,8,"random","skewed","random","simple",0.25,0.75,0,0.268987341772152,1.5313674842078,8
978,21,8,"random","skewed","random","group",0.380952380952381,0.619047619047619,0,0.238095238095238,1.5313674842078,8
978,21,8,"random","skewed","random","dynamic",0.218877269282598,0.781122730717402,0,0.259945989547179,1.5313674842078,8
978,21,8,"random","skewed","random","calendar",0.218877269282598,0.781122730717402,0,0.259945989547179,1.5313674842078,8
978,21,8,"random","skewed","random","stacked",0.535550534014931,0.464449465985069,0,0.245670734307121,0.662604854918761,8
979,21,8,"random","skewed","random","simple",0.714714714714715,0.285285285285285,0,0,1.87680991261445,8
979,21,8,"random","skewed","random","group",0.761904761904762,0.238095238095238,0,0,1.87680991261445,8
979,21,8,"random","skewed","random","dynamic",0.716913938314867,0.283086061685133,0,0,1.87680991261445,8
979,21,8,"random","skewed","random","calendar",0.716913938314867,0.283086061685133,0,0,1.87680991261445,8
979,21,8,"random","skewed","random","stacked",0.802494579938245,0.197505420061755,0,0,1.77784383805991,8
980,21,8,"random","skewed","random","simple",0.730538922155689,0.269461077844311,0,0,1.03969471120323,8
980,21,8,"random","skewed","random","group",0.761904761904762,0.238095238095238,0,0,1.03969471120323,8
980,21,8,"random","skewed","random","dynamic",0.740543572354718,0.259456427645282,0,0,1.03969471120323,8
980,21,8,"random","skewed","random","calendar",0.740543572354718,0.259456427645282,0,0,1.03969471120323,8
980,21,8,"random","skewed","random","stacked",0.751435257186358,0.248564742813642,0,0.248564742813642,0.98487056326405,8
981,21,8,"random","skewed","random","simple",0.282131661442006,0.717868338557994,0,0.717868338557994,0.84833027763666,8
981,21,8,"random","skewed","random","group",0.380952380952381,0.619047619047619,0,0.619047619047619,0.84833027763666,8
981,21,8,"random","skewed","random","dynamic",0.258641122140864,0.741358877859136,0,0.741358877859136,0.84833027763666,8
981,21,8,"random","skewed","random","calendar",0.258641122140864,0.741358877859136,0,0.741358877859136,0.84833027763666,8
981,21,8,"random","skewed","random","stacked",0.494435392008132,0.505564607991868,0,0.505564607991868,0.780172541067144,8
982,21,8,"random","skewed","random","simple",0.25,0.75,0,0.75,0.570742777277959,8
982,21,8,"random","skewed","random","group",0.380952380952381,0.619047619047619,0,0.619047619047619,0.570742777277959,8
982,21,8,"random","skewed","random","dynamic",0.218958259258296,0.781041740741704,0,0.781041740741704,0.570742777277959,8
982,21,8,"random","skewed","random","calendar",0.218958259258296,0.781041740741704,0,0.781041740741704,0.570742777277959,8
982,21,8,"random","skewed","random","stacked",0.455334010624411,0.544665989375589,0,0.544665989375589,0.524887363545659,8
983,21,8,"random","skewed","random","simple",0.769938650306748,0.230061349693252,0,0.230061349693252,0.405560618505449,8
983,21,8,"random","skewed","random","group",0.761904761904762,0.238095238095238,0,0.238095238095238,0.405560618505449,8
983,21,8,"random","skewed","random","dynamic",0.800177279076273,0.199822720923727,0,0.199822720923727,0.405560618505449,8
983,21,8,"random","skewed","random","calendar",0.800177279076273,0.199822720923727,0,0.199822720923727,0.405560618505449,8
983,21,8,"random","skewed","random","stacked",0.676902726745627,0.323097273254373,0,0.323097273254373,0.384174999142706,8
984,21,8,"random","skewed","random","simple",0.301829268292683,0.698170731707317,0,0.698170731707317,0.84833027763666,8
984,21,8,"random","skewed","random","group",0.380952380952381,0.619047619047619,0,0.619047619047619,0.84833027763666,8
984,21,8,"random","skewed","random","dynamic",0.27997816573023,0.72002183426977,0,0.72002183426977,0.84833027763666,8
984,21,8,"random","skewed","random","calendar",0.27997816573023,0.72002183426977,0,0.72002183426977,0.84833027763666,8
984,21,8,"random","skewed","random","stacked",0.499089659362636,0.500910340637365,0,0.500910340637365,0.780172541067144,8
985,21,8,"random","skewed","random","simple",0.235483870967742,0.764516129032258,0,0.274193548387097,1.5313674842078,8
985,21,8,"random","skewed","random","group",0.380952380952381,0.619047619047619,0,0.238095238095238,1.5313674842078,8
985,21,8,"random","skewed","random","dynamic",0.203870712643321,0.796129287356679,0,0.265717742100747,1.5313674842078,8
985,21,8,"random","skewed","random","calendar",0.203870712643321,0.796129287356679,0,0.265717742100747,1.5313674842078,8
985,21,8,"random","skewed","random","stacked",0.525185894380006,0.474814105619994,0,0.251153114665854,0.662604854918761,8
986,21,8,"random","skewed","random","simple",0.292537313432836,0.707462686567164,0,0.253731343283582,1.5313674842078,8
986,21,8,"random","skewed","random","group",0.380952380952381,0.619047619047619,0,0.238095238095238,1.5313674842078,8
986,21,8,"random","skewed","random","dynamic",0.265821642599792,0.734178357400209,0,0.241890461348258,1.5313674842078,8
986,21,8,"random","skewed","random","calendar",0.265821642599792,0.734178357400209,0,0.241890461348258,1.5313674842078,8
986,21,8,"random","skewed","random","stacked",0.525958145382951,0.474041854617049,0,0.250744632183136,0.662604854918761,8
987,21,8,"random","skewed","random","simple",0.737654320987654,0.262345679012346,0,0.262345679012346,0.699489647648167,8
987,21,8,"random","skewed","random","group",0.761904761904762,0.238095238095238,0,0.238095238095238,0.699489647648167,8
987,21,8,"random","skewed","random","dynamic",0.756657941516688,0.243342058483312,0,0.243342058483312,0.699489647648167,8
987,21,8,"random","skewed","random","calendar",0.756657941516688,0.243342058483312,0,0.243342058483312,0.699489647648167,8
987,21,8,"random","skewed","random","stacked",0.683365729681343,0.316634270318657,0,0.316634270318657,0.662604854918761,8
988,21,8,"random","skewed","random","simple",0.570605187319885,0.429394812680115,0,0,1.87680991261445,8
988,21,8,"random","skewed","random","group",0.619047619047619,0.380952380952381,0,0,1.87680991261445,8
988,21,8,"random","skewed","random","dynamic",0.580373142509365,0.419626857490635,0,0,1.87680991261445,8
988,21,8,"random","skewed","random","calendar",0.580373142509365,0.419626857490635,0,0,1.87680991261445,8
988,21,8,"random","skewed","random","stacked",0.610093337715325,0.389906662284675,0,0,1.77784383805991,8
989,21,8,"random","skewed","random","simple",0.275316455696203,0.724683544303797,0,0.724683544303797,0.84833027763666,8
989,21,8,"random","skewed","random","group",0.380952380952381,0.619047619047619,0,0.619047619047619,0.84833027763666,8
989,21,8,"random","skewed","random","dynamic",0.25275791603191,0.74724208396809,0,0.74724208396809,0.84833027763666,8
989,21,8,"random","skewed","random","calendar",0.25275791603191,0.74724208396809,0,0.74724208396809,0.84833027763666,8
989,21,8,"random","skewed","random","stacked",0.485609986863414,0.514390013136586,0,0.514390013136586,0.780172541067144,8
990,21,8,"random","skewed","random","simple",0.254019292604502,0.745980707395498,0,0.257234726688103,1.5313674842078,8
990,21,8,"random","skewed","random","group",0.380952380952381,0.619047619047619,0,0.238095238095238,1.5313674842078,8
990,21,8,"random","skewed","random","dynamic",0.212837757448316,0.787162242551684,0,0.242025963734453,1.5313674842078,8
990,21,8,"random","skewed","random","calendar",0.212837757448316,0.787162242551684,0,0.242025963734453,1.5313674842078,8
990,21,8,"random","skewed","random","stacked",0.537130516157342,0.462869483842658,0,0.26344968190382,0.490220783522322,8
991,21,8,"random","skewed","random","simple",0.167613636363636,0.832386363636364,0,0.144886363636364,1.5313674842078,8
991,21,8,"random","skewed","random","group",0.238095238095238,0.761904761904762,0,0.142857142857143,1.03969471120323,8
991,21,8,"random","skewed","random","dynamic",0.152961868034379,0.847038131965621,0,0.139082807638291,1.5313674842078,8
991,21,8,"random","skewed","random","calendar",0.152961868034379,0.847038131965621,0,0.139082807638291,1.5313674842078,8
991,21,8,"random","skewed","random","stacked",0.394624719533531,0.605375280466469,0,0.369572228948732,0.98487056326405,8
992,21,8,"random","skewed","random","simple",0.586111111111111,0.413888888888889,0,0,1.87680991261445,8
992,21,8,"random","skewed","random","group",0.619047619047619,0.380952380952381,0,0,1.87680991261445,8
992,21,8,"random","skewed","random","dynamic",0.596166301878376,0.403833698121624,0,0,1.87680991261445,8
992,21,8,"random","skewed","random","calendar",0.596166301878376,0.403833698121624,0,0,1.87680991261445,8
992,21,8,"random","skewed","random","stacked",0.618578327283613,0.381421672716387,0,0,1.77784383805991,8
993,21,8,"random","skewed","random","simple",0.556547619047619,0.443452380952381,0,0,1.87680991261445,8
993,21,8,"random","skewed","random","group",0.619047619047619,0.380952380952381,0,0,1.87680991261445,8
993,21,8,"random","skewed","random","dynamic",0.565281491814,0.434718508186,0,0,1.87680991261445,8
993,21,8,"random","skewed","random","calendar",0.565281491814,0.434718508186,0,0,1.87680991261445,8
993,21,8,"random","skewed","random","stacked",0.608350836275928,0.391649163724072,0,0,1.77784383805991,8
994,21,8,"random","skewed","random","simple",0.516014234875445,0.483985765124555,0,0.483985765124555,0.570742777277959,8
994,21,8,"random","skewed","random","group",0.619047619047619,0.380952380952381,0,0.380952380952381,0.570742777277959,8
994,21,8,"random","skewed","random","dynamic",0.459874711176842,0.540125288823158,0,0.540125288823158,0.570742777277959,8
994,21,8,"random","skewed","random","calendar",0.459874711176842,0.540125288823158,0,0.540125288823158,0.570742777277959,8
994,21,8,"random","skewed","random","stacked",0.689823626660801,0.310176373339199,0,0.310176373339199,0.524887363545659,8
995,21,8,"random","skewed","random","simple",0.252365930599369,0.747634069400631,0,0.26813880126183,1.5313674842078,8
995,21,8,"random","skewed","random","group",0.380952380952381,0.619047619047619,0,0.238095238095238,1.5313674842078,8
995,21,8,"random","skewed","random","dynamic",0.229598312085684,0.770401687914316,0,0.255822511545992,1.5313674842078,8
995,21,8,"random","skewed","random","calendar",0.229598312085684,0.770401687914316,0,0.255822511545992,1.5313674842078,8
995,21,8,"random","skewed","random","stacked",0.489629928479003,0.510370071520997,0,0.269960457319101,0.662604854918761,8
996,21,8,"random","skewed","random","simple",0.25,0.75,0,0.75,0.570742777277959,8
996,21,8,"random","skewed","random","group",0.380952380952381,0.619047619047619,0,0.619047619047619,0.570742777277959,8
996,21,8,"random","skewed","random","dynamic",0.231907153986466,0.768092846013534,0,0.768092846013534,0.570742777277959,8
996,21,8,"random","skewed","random","calendar",0.231907153986466,0.768092846013534,0,0.768092846013534,0.570742777277959,8
996,21,8,"random","skewed","random","stacked",0.409366737349241,0.590633262650759,0,0.590633262650759,0.524887363545659,8
997,21,8,"random","skewed","random","simple",0.263665594855305,0.736334405144695,0,0.736334405144695,0.84833027763666,8
997,21,8,"random","skewed","random","group",0.380952380952381,0.619047619047619,0,0.619047619047619,0.84833027763666,8
997,21,8,"random","skewed","random","dynamic",0.240766574661054,0.759233425338947,0,0.759233425338947,0.84833027763666,8
997,21,8,"random","skewed","random","calendar",0.240766574661053,0.759233425338947,0,0.759233425338947,0.84833027763666,8
997,21,8,"random","skewed","random","stacked",0.486299788753376,0.513700211246624,0,0.513700211246624,0.780172541067144,8
998,21,8,"random","skewed","random","simple",0.73134328358209,0.26865671641791,0,0,1.03969471120323,8
998,21,8,"random","skewed","random","group",0.761904761904762,0.238095238095238,0,0,1.03969471120323,8
998,21,8,"random","skewed","random","dynamic",0.741458082895776,0.258541917104224,0,0,1.03969471120323,8
998,21,8,"random","skewed","random","calendar",0.741458082895776,0.258541917104224,0,0,1.03969471120323,8
998,21,8,"random","skewed","random","stacked",0.750511578181635,0.249488421818365,0,0.249488421818365,0.98487056326405,8
999,21,8,"random","skewed","random","simple",0.73972602739726,0.26027397260274,0,0,1.87680991261445,8
999,21,8,"random","skewed","random","group",0.761904761904762,0.238095238095238,0,0,1.87680991261445,8
999,21,8,"random","skewed","random","dynamic",0.739493518392512,0.260506481607488,0,0,1.87680991261445,8
999,21,8,"random","skewed","random","calendar",0.739493518392512,0.260506481607488,0,0,1.87680991261445,8
999,21,8,"random","skewed","random","stacked",0.828641411621469,0.171358588378531,0,0,1.77784383805991,8
1000,21,8,"random","skewed","random","simple",0.21523178807947,0.78476821192053,0,0.281456953642384,1.5313674842078,8
1000,21,8,"random","skewed","random","group",0.380952380952381,0.619047619047619,0,0.238095238095238,1.5313674842078,8
1000,21,8,"random","skewed","random","dynamic",0.178467421132811,0.821532578867189,0,0.275488238835558,1.5313674842078,8
1000,21,8,"random","skewed","random","calendar",0.178467421132811,0.821532578867189,0,0.275488238835558,1.5313674842078,8
1000,21,8,"random","skewed","random","stacked",0.538201877425447,0.461798122574553,0,0.244268305129643,0.662604854918761,8
1001,21,8,"random","skewed","random","simple",0.275449101796407,0.724550898203593,0,0,1.5313674842078,8
1001,21,8,"random","skewed","random","group",0.380952380952381,0.619047619047619,0,0,1.5313674842078,8
1001,21,8,"random","skewed","random","dynamic",0.254589615162778,0.745410384837222,0,0,1.5313674842078,8
1001,21,8,"random","skewed","random","calendar",0.254589615162778,0.745410384837222,0,0,1.5313674842078,8
1001,21,8,"random","skewed","random","stacked",0.540950151607322,0.459049848392678,0,0.216388394878608,1.4083322179545,8
1002,21,8,"random","skewed","random","simple",0.125373134328358,0.874626865671642,0,0.152238805970149,1.5313674842078,8
1002,21,8,"random","skewed","random","group",0.238095238095238,0.761904761904762,0,0.142857142857143,1.03969471120323,8
1002,21,8,"random","skewed","random","dynamic",0.113293553801946,0.886706446198054,0,0.146520616556872,1.5313674842078,8
1002,21,8,"random","skewed","random","calendar",0.113293553801946,0.886706446198055,0,0.146520616556872,1.5313674842078,8
1002,21,8,"random","skewed","random","stacked",0.359520696548594,0.640479303451406,0,0.391002691074001,0.98487056326405,8
1003,21,8,"random","skewed","random","simple",0.586510263929619,0.413489736070381,0,0.149560117302053,1.03969471120323,8
1003,21,8,"random","skewed","random","group",0.619047619047619,0.380952380952381,0,0.142857142857143,1.03969471120323,8
1003,21,8,"random","skewed","random","dynamic",0.607870562530005,0.392129437469995,0,0.13983700058971,1.03969471120323,8
1003,21,8,"random","skewed","random","calendar",0.607870562530005,0.392129437469995,0,0.13983700058971,1.03969471120323,8
1003,21,8,"random","skewed","random","stacked",0.539287510106561,0.460712489893439,0,0.460712489893439,0.98487056326405,8
1004,21,8,"random","skewed","random","simple",0.26530612244898,0.73469387755102,0,0.73469387755102,0.570742777277959,8
1004,21,8,"random","skewed","random","group",0.380952380952381,0.619047619047619,0,0.619047619047619,0.570742777277959,8
1004,21,8,"random","skewed","random","dynamic",0.235865109717778,0.764134890282222,0,0.764134890282222,0.570742777277959,8
1004,21,8,"random","skewed","random","calendar",0.235865109717778,0.764134890282222,0,0.764134890282222,0.570742777277959,8
1004,21,8,"random","skewed","random","stacked",0.461604880469795,0.538395119530205,0,0.538395119530205,0.524887363545659,8
1005,21,8,"random","skewed","random","simple",0.742424242424242,0.257575757575758,0,0.257575757575758,0.699489647648167,8
1005,21,8,"random","skewed","random","group",0.761904761904762,0.238095238095238,0,0.238095238095238,0.699489647648167,8
1005,21,8,"random","skewed","random","dynamic",0.760229216517916,0.239770783482084,0,0.239770783482084,0.699489647648167,8
1005,21,8,"random","skewed","random","calendar",0.760229216517916,0.239770783482084,0,0.239770783482084,0.699489647648167,8
1005,21,8,"random","skewed","random","stacked",0.712443485766293,0.287556514233707,0,0.287556514233707,0.662604854918761,8
1006,21,8,"random","skewed","random","simple",0.231746031746032,0.768253968253968,0,0,1.5313674842078,8
1006,21,8,"random","skewed","random","group",0.380952380952381,0.619047619047619,0,0,1.5313674842078,8
1006,21,8,"random","skewed","random","dynamic",0.205121776319023,0.794878223680977,0,0,1.5313674842078,8
1006,21,8,"random","skewed","random","calendar",0.205121776319023,0.794878223680977,0,0,1.5313674842078,8
1006,21,8,"random","skewed","random","stacked",0.555926490632953,0.444073509367047,0,0.209328799990904,1.4083322179545,8
1007,21,8,"random","skewed","random","simple",0.426160337552743,0.573839662447257,0,0.573839662447257,0.570742777277959,8
1007,21,8,"random","skewed","random","group",0.619047619047619,0.380952380952381,0,0.380952380952381,0.570742777277959,8
1007,21,8,"random","skewed","random","dynamic",0.351779257388436,0.648220742611564,0,0.648220742611564,0.570742777277959,8
1007,21,8,"random","skewed","random","calendar",0.351779257388436,0.648220742611564,0,0.648220742611564,0.570742777277959,8
1007,21,8,"random","skewed","random","stacked",0.676362119365253,0.323637880634747,0,0.323637880634747,0.524887363545659,8
1008,21,8,"random","skewed","random","simple",0.26219512195122,0.73780487804878,0,0,1.5313674842078,8
1008,21,8,"random","skewed","random","group",0.380952380952381,0.619047619047619,0,0,1.5313674842078,8
1008,21,8,"random","skewed","random","dynamic",0.239963686305547,0.760036313694453,0,0,1.5313674842078,8
1008,21,8,"random","skewed","random","calendar",0.239963686305547,0.760036313694453,0,0,1.5313674842078,8
1008,21,8,"random","skewed","random","stacked",0.552488905445945,0.447511094554055,0,0.21094921995941,1.4083322179545,8
1009,21,8,"random","skewed","random","simple",0.73463687150838,0.26536312849162,0,0,1.87680991261445,8
1009,21,8,"random","skewed","random","group",0.761904761904762,0.238095238095238,0,0,1.87680991261445,8
1009,21,8,"random","skewed","random","dynamic",0.735003125744225,0.264996874255775,0,0,1.87680991261445,8
1009,21,8,"random","skewed","random","calendar",0.735003125744225,0.264996874255775,0,0,1.87680991261445,8
1009,21,8,"random","skewed","random","stacked",0.826118744499312,0.173881255500689,0,0,1.77784383805991,8
1010,21,8,"random","skewed","random","simple",0.0984615384615385,0.901538461538462,0,0.156923076923077,1.5313674842078,8
1010,21,8,"random","skewed","random","group",0.238095238095238,0.761904761904762,0,0.142857142857143,1.03969471120323,8
1010,21,8,"random","skewed","random","dynamic",0.0860143133892523,0.913985686610748,0,0.151635474134252,1.5313674842078,8
1010,21,8,"random","skewed","random","calendar",0.0860143133892523,0.913985686610748,0,0.151635474134252,1.5313674842078,8
1010,21,8,"random","skewed","random","stacked",0.352005619417413,0.647994380582587,0,0.395590529222847,0.98487056326405,8
1011,21,8,"random","skewed","random","simple",0.095679012345679,0.904320987654321,0,0.157407407407407,1.5313674842078,8
1011,21,8,"random","skewed","random","group",0.238095238095238,0.761904761904762,0,0.142857142857143,1.03969471120323,8
1011,21,8,"random","skewed","random","dynamic",0.0859801723089975,0.914019827691003,0,0.1516418755868,1.5313674842078,8
1011,21,8,"random","skewed","random","calendar",0.0859801723089975,0.914019827691003,0,0.1516418755868,1.5313674842078,8
1011,21,8,"random","skewed","random","stacked",0.321288589800611,0.678711410199389,0,0.414342799869607,0.98487056326405,8
1012,21,8,"random","skewed","random","simple",0.722222222222222,0.277777777777778,0,0,1.03969471120323,8
1012,21,8,"random","skewed","random","group",0.761904761904762,0.238095238095238,0,0,1.03969471120323,8
1012,21,8,"random","skewed","random","dynamic",0.731824069033821,0.268175930966179,0,0,1.03969471120323,8
1012,21,8,"random","skewed","random","calendar",0.731824069033821,0.268175930966179,0,0,1.03969471120323,8
1012,21,8,"random","skewed","random","stacked",0.744802498692079,0.255197501307921,0,0.255197501307921,0.98487056326405,8
1013,21,8,"random","skewed","random","simple",0.268370607028754,0.731629392971246,0,0.731629392971246,0.84833027763666,8
1013,21,8,"random","skewed","random","group",0.380952380952381,0.619047619047619,0,0.619047619047619,0.84833027763666,8
1013,21,8,"random","skewed","random","dynamic",0.249674840696513,0.750325159303487,0,0.750325159303487,0.84833027763666,8
1013,21,8,"random","skewed","random","calendar",0.249674840696512,0.750325159303487,0,0.750325159303487,0.84833027763666,8
1013,21,8,"random","skewed","random","stacked",0.469246599827567,0.530753400172433,0,0.530753400172433,0.780172541067144,8
1014,21,8,"random","skewed","random","simple",0.597796143250689,0.402203856749311,0,0.140495867768595,1.87680991261445,8
1014,21,8,"random","skewed","random","group",0.619047619047619,0.380952380952381,0,0.142857142857143,1.87680991261445,8
1014,21,8,"random","skewed","random","dynamic",0.607491333915482,0.392508666084518,0,0.132767672858617,1.87680991261445,8
1014,21,8,"random","skewed","random","calendar",0.607491333915483,0.392508666084517,0,0.132767672858617,1.87680991261445,8
1014,21,8,"random","skewed","random","stacked",0.622274834671336,0.377725165328664,0,0.195826610526454,0.854271745308325,8
1015,21,8,"random","skewed","random","simple",0.122754491017964,0.877245508982036,0,0.152694610778443,1.5313674842078,8
1015,21,8,"random","skewed","random","group",0.238095238095238,0.761904761904762,0,0.142857142857143,1.03969471120323,8
1015,21,8,"random","skewed","random","dynamic",0.109873238307327,0.890126761692673,0,0.147161925712113,1.5313674842078,8
1015,21,8,"random","skewed","random","calendar",0.109873238307327,0.890126761692673,0,0.147161925712113,1.5313674842078,8
1015,21,8,"random","skewed","random","stacked",0.370984226861438,0.629015773138562,0,0.38400438343568,0.98487056326405,8
1016,21,8,"random","skewed","random","simple",0.586111111111111,0.413888888888889,0,0,1.87680991261445,8
1016,21,8,"random","skewed","random","group",0.619047619047619,0.380952380952381,0,0,1.87680991261445,8
1016,21,8,"random","skewed","random","dynamic",0.595027179562783,0.404972820437217,0,0,1.87680991261445,8
1016,21,8,"random","skewed","random","calendar",0.595027179562783,0.404972820437217,0,0,1.87680991261445,8
1016,21,8,"random","skewed","random","stacked",0.642683249081305,0.357316750918695,0,0,1.77784383805991,8
1017,21,8,"random","skewed","random","simple",0.70404984423676,0.29595015576324,0,0,1.87680991261445,8
1017,21,8,"random","skewed","random","group",0.761904761904762,0.238095238095238,0,0,1.87680991261445,8
1017,21,8,"random","skewed","random","dynamic",0.705308850935786,0.294691149064214,0,0,1.87680991261445,8
1017,21,8,"random","skewed","random","calendar",0.705308850935786,0.294691149064214,0,0,1.87680991261445,8
1017,21,8,"random","skewed","random","stacked",0.802064169517121,0.197935830482879,0,0,1.77784383805991,8
1018,21,8,"random","skewed","random","simple",0.279761904761905,0.720238095238095,0,0,1.5313674842078,8
1018,21,8,"random","skewed","random","group",0.380952380952381,0.619047619047619,0,0,1.5313674842078,8
1018,21,8,"random","skewed","random","dynamic",0.255810999376667,0.744189000623333,0,0,1.5313674842078,8
1018,21,8,"random","skewed","random","calendar",0.255810999376667,0.744189000623333,0,0,1.5313674842078,8
1018,21,8,"random","skewed","random","stacked",0.566121459968124,0.433878540031876,0,0.204523062535596,1.4083322179545,8
1019,21,8,"random","skewed","random","simple",0.52112676056338,0.47887323943662,0,0.47887323943662,0.570742777277959,8
1019,21,8,"random","skewed","random","group",0.619047619047619,0.380952380952381,0,0.380952380952381,0.570742777277959,8
1019,21,8,"random","skewed","random","dynamic",0.462243956088429,0.537756043911571,0,0.537756043911571,0.570742777277959,8
1019,21,8,"random","skewed","random","calendar",0.462243956088429,0.537756043911571,0,0.537756043911571,0.570742777277959,8
1019,21,8,"random","skewed","random","stacked",0.704128064201737,0.295871935798263,0,0.295871935798263,0.524887363545659,8
1020,21,8,"random","skewed","random","simple",0.584958217270195,0.415041782729805,0,0,1.87680991261445,8
1020,21,8,"random","skewed","random","group",0.619047619047619,0.380952380952381,0,0,1.87680991261445,8
1020,21,8,"random","skewed","random","dynamic",0.595343411318643,0.404656588681357,0,0,1.87680991261445,8
1020,21,8,"random","skewed","random","calendar",0.595343411318643,0.404656588681357,0,0,1.87680991261445,8
1020,21,8,"random","skewed","random","stacked",0.596633589501885,0.403366410498115,0,0,1.77784383805991,8
1021,21,8,"random","skewed","random","simple",0.577844311377245,0.422155688622755,0,0.152694610778443,1.03969471120323,8
1021,21,8,"random","skewed","random","group",0.619047619047619,0.380952380952381,0,0.142857142857143,1.03969471120323,8
1021,21,8,"random","skewed","random","dynamic",0.598176228656105,0.401823771343895,0,0.143472375792422,1.03969471120323,8
1021,21,8,"random","skewed","random","calendar",0.598176228656105,0.401823771343895,0,0.143472375792422,1.03969471120323,8
1021,21,8,"random","skewed","random","stacked",0.548972738799675,0.451027261200325,0,0.451027261200325,0.98487056326405,8
1022,21,8,"random","skewed","random","simple",0.4375,0.5625,0,0.5625,0.84833027763666,8
1022,21,8,"random","skewed","random","group",0.619047619047619,0.380952380952381,0,0.380952380952381,0.84833027763666,8
1022,21,8,"random","skewed","random","dynamic",0.337310701758586,0.662689298241414,0,0.662689298241414,0.84833027763666,8
1022,21,8,"random","skewed","random","calendar",0.337310701758586,0.662689298241414,0,0.662689298241414,0.84833027763666,8
1022,21,8,"random","skewed","random","stacked",0.747682364892969,0.252317635107031,0,0.252317635107031,0.780172541067144,8
1023,21,8,"random","skewed","random","simple",0.282685512367491,0.717314487632509,0,0.717314487632509,0.42225765384893,8
1023,21,8,"random","skewed","random","group",0.380952380952381,0.619047619047619,0,0.619047619047619,0.42225765384893,8
1023,21,8,"random","skewed","random","dynamic",0.261851281082608,0.738148718917391,0,0.738148718917391,0.42225765384893,8
1023,21,8,"random","skewed","random","calendar",0.261851281082608,0.738148718917392,0,0.738148718917392,0.42225765384893,8
1023,21,8,"random","skewed","random","stacked",0.409866501710335,0.590133498289665,0,0.590133498289665,0.388332039386984,8
1024,21,8,"random","skewed","random","simple",0.573065902578797,0.426934097421203,0,0,1.87680991261445,8
1024,21,8,"random","skewed","random","group",0.619047619047619,0.380952380952381,0,0,1.87680991261445,8
1024,21,8,"random","skewed","random","dynamic",0.582153573980199,0.417846426019801,0,0,1.87680991261445,8
1024,21,8,"random","skewed","random","calendar",0.5821535739802,0.417846426019801,0,0,1.87680991261445,8
1024,21,8,"random","skewed","random","stacked",0.625104977203352,0.374895022796647,0,0,1.77784383805991,8
1025,21,8,"random","skewed","random","simple",0.226837060702875,0.773162939297125,0,0,1.5313674842078,8
1025,21,8,"random","skewed","random","group",0.380952380952381,0.619047619047619,0,0,1.5313674842078,8
1025,21,8,"random","skewed","random","dynamic",0.199354617193138,0.800645382806862,0,0,1.5313674842078,8
1025,21,8,"random","skewed","random","calendar",0.199354617193138,0.800645382806862,0,0,1.5313674842078,8
1025,21,8,"random","skewed","random","stacked",0.552420858525204,0.447579141474796,0,0.210981296135902,1.4083322179545,8
1026,21,8,"random","skewed","random","simple",0.246105919003115,0.753894080996885,0,0,1.5313674842078,8
1026,21,8,"random","skewed","random","group",0.380952380952381,0.619047619047619,0,0,1.5313674842078,8
1026,21,8,"random","skewed","random","dynamic",0.224601978372143,0.775398021627857,0,0,1.5313674842078,8
1026,21,8,"random","skewed","random","calendar",0.224601978372143,0.775398021627857,0,0,1.5313674842078,8
1026,21,8,"random","skewed","random","stacked",0.527988341438629,0.472011658561371,0,0.222498374670444,1.4083322179545,8
1027,21,8,"random","skewed","random","simple",0.738562091503268,0.261437908496732,0,0.261437908496732,0.517509584468528,8
1027,21,8,"random","skewed","random","group",0.761904761904762,0.238095238095238,0,0.238095238095238,0.517509584468528,8
1027,21,8,"random","skewed","random","dynamic",0.762721719929537,0.237278280070463,0,0.237278280070463,0.517509584468528,8
1027,21,8,"random","skewed","random","calendar",0.762721719929537,0.237278280070463,0,0.237278280070463,0.517509584468528,8
1027,21,8,"random","skewed","random","stacked",0.659827653439116,0.340172346560884,0,0.340172346560884,0.490220783522322,8
1028,21,8,"random","skewed","random","simple",0.253086419753086,0.746913580246914,0,0,1.5313674842078,8
1028,21,8,"random","skewed","random","group",0.380952380952381,0.619047619047619,0,0,1.5313674842078,8
1028,21,8,"random","skewed","random","dynamic",0.229724142657987,0.770275857342013,0,0,1.5313674842078,8
1028,21,8,"random","skewed","random","calendar",0.229724142657987,0.770275857342014,0,0,1.5313674842078,8
1028,21,8,"random","skewed","random","stacked",0.546763884774651,0.453236115225349,0,0.213647898628069,1.4083322179545,8
1029,21,8,"random","skewed","random","simple",0.286135693215339,0.713864306784661,0,0,1.5313674842078,8
1029,21,8,"random","skewed","random","group",0.380952380952381,0.619047619047619,0,0,1.5313674842078,8
1029,21,8,"random","skewed","random","dynamic",0.26321411759533,0.73678588240467,0,0,1.5313674842078,8
1029,21,8,"random","skewed","random","calendar",0.26321411759533,0.73678588240467,0,0,1.5313674842078,8
1029,21,8,"random","skewed","random","stacked",0.560091023106615,0.439908976893385,0,0.207365709270908,1.4083322179545,8
1030,21,8,"random","skewed","random","simple",0.261146496815287,0.738853503184713,0,0.254777070063694,1.5313674842078,8
1030,21,8,"random","skewed","random","group",0.380952380952381,0.619047619047619,0,0.238095238095238,1.5313674842078,8
1030,21,8,"random","skewed","random","dynamic",0.224542878093066,0.775457121906935,0,0.237523994255704,1.5313674842078,8
1030,21,8,"random","skewed","random","calendar",0.224542878093065,0.775457121906934,0,0.237523994255704,1.5313674842078,8
1030,21,8,"random","skewed","random","stacked",0.521951349630474,0.478048650369526,0,0.272089150982381,0.490220783522322,8
1031,21,8,"random","skewed","random","simple",0.284023668639053,0.715976331360947,0,0,1.5313674842078,8
1031,21,8,"random","skewed","random","group",0.380952380952381,0.619047619047619,0,0,1.5313674842078,8
1031,21,8,"random","skewed","random","dynamic",0.262020473009148,0.737979526990852,0,0,1.5313674842078,8
1031,21,8,"random","skewed","random","calendar",0.262020473009148,0.737979526990852,0,0,1.5313674842078,8
1031,21,8,"random","skewed","random","stacked",0.551784754605705,0.448215245394295,0,0.211281144848625,1.4083322179545,8
1032,21,8,"random","skewed","random","simple",0.483870967741935,0.516129032258065,0,0.516129032258065,0.84833027763666,8
1032,21,8,"random","skewed","random","group",0.619047619047619,0.380952380952381,0,0.380952380952381,0.84833027763666,8
1032,21,8,"random","skewed","random","dynamic",0.420050230318548,0.579949769681452,0,0.579949769681452,0.84833027763666,8
1032,21,8,"random","skewed","random","calendar",0.420050230318548,0.579949769681452,0,0.579949769681452,0.84833027763666,8
1032,21,8,"random","skewed","random","stacked",0.730586375036245,0.269413624963755,0,0.269413624963755,0.780172541067144,8
1033,21,8,"random","skewed","random","simple",0.225806451612903,0.774193548387097,0,0.774193548387097,0.570742777277959,8
1033,21,8,"random","skewed","random","group",0.380952380952381,0.619047619047619,0,0.619047619047619,0.570742777277959,8
1033,21,8,"random","skewed","random","dynamic",0.194050256841643,0.805949743158357,0,0.805949743158357,0.570742777277959,8
1033,21,8,"random","skewed","random","calendar",0.194050256841643,0.805949743158357,0,0.805949743158357,0.570742777277959,8
1033,21,8,"random","skewed","random","stacked",0.443022761871118,0.556977238128882,0,0.556977238128882,0.524887363545659,8
1034,21,8,"random","skewed","random","simple",0.715189873417722,0.284810126582278,0,0,1.03969471120323,8
1034,21,8,"random","skewed","random","group",0.761904761904762,0.238095238095238,0,0,1.03969471120323,8
1034,21,8,"random","skewed","random","dynamic",0.721152653031523,0.278847346968477,0,0,1.03969471120323,8
1034,21,8,"random","skewed","random","calendar",0.721152653031523,0.278847346968477,0,0,1.03969471120323,8
1034,21,8,"random","skewed","random","stacked",0.767323219525386,0.232676780474614,0,0.232676780474614,0.98487056326405,8
1035,21,8,"random","skewed","random","simple",0.300970873786408,0.699029126213592,0,0.699029126213592,0.570742777277959,8
1035,21,8,"random","skewed","random","group",0.380952380952381,0.619047619047619,0,0.619047619047619,0.570742777277959,8
1035,21,8,"random","skewed","random","dynamic",0.279125365316405,0.720874634683595,0,0.720874634683595,0.570742777277959,8
1035,21,8,"random","skewed","random","calendar",0.279125365316405,0.720874634683595,0,0.720874634683595,0.570742777277959,8
1035,21,8,"random","skewed","random","stacked",0.455379977098309,0.544620022901691,0,0.544620022901691,0.524887363545659,8
1036,21,8,"random","skewed","random","simple",0.260586319218241,0.739413680781759,0,0.244299674267101,1.5313674842078,8
1036,21,8,"random","skewed","random","group",0.380952380952381,0.619047619047619,0,0.238095238095238,1.5313674842078,8
1036,21,8,"random","skewed","random","dynamic",0.216503170982151,0.783496829017849,0,0.220373274318606,1.5313674842078,8
1036,21,8,"random","skewed","random","calendar",0.216503170982151,0.783496829017849,0,0.220373274318606,1.5313674842078,8
1036,21,8,"random","skewed","random","stacked",0.509953247964305,0.490046752035695,0,0.292941287282482,0.384174999142706,8
1037,21,8,"random","skewed","random","simple",0.257731958762887,0.742268041237113,0,0.742268041237113,0.570742777277959,8
1037,21,8,"random","skewed","random","group",0.380952380952381,0.619047619047619,0,0.619047619047619,0.570742777277959,8
1037,21,8,"random","skewed","random","dynamic",0.237750482029757,0.762249517970243,0,0.762249517970243,0.570742777277959,8
1037,21,8,"random","skewed","random","calendar",0.237750482029757,0.762249517970243,0,0.762249517970243,0.570742777277959,8
1037,21,8,"random","skewed","random","stacked",0.40859692252424,0.59140307747576,0,0.59140307747576,0.524887363545659,8
1038,21,8,"random","skewed","random","simple",0.240802675585284,0.759197324414716,0,0.250836120401338,1.5313674842078,8
1038,21,8,"random","skewed","random","group",0.380952380952381,0.619047619047619,0,0.238095238095238,1.5313674842078,8
1038,21,8,"random","skewed","random","dynamic",0.200548261779319,0.799451738220681,0,0.226509777858157,1.5313674842078,8
1038,21,8,"random","skewed","random","calendar",0.200548261779319,0.799451738220681,0,0.226509777858157,1.5313674842078,8
1038,21,8,"random","skewed","random","stacked",0.494741668541838,0.505258331458162,0,0.302034500611835,0.384174999142706,8
1039,21,8,"random","skewed","random","simple",0.71976401179941,0.28023598820059,0,0,1.87680991261445,8
1039,21,8,"random","skewed","random","group",0.761904761904762,0.238095238095238,0,0,1.87680991261445,8
1039,21,8,"random","skewed","random","dynamic",0.717884005829052,0.282115994170948,0,0,1.87680991261445,8
1039,21,8,"random","skewed","random","calendar",0.717884005829052,0.282115994170948,0,0,1.87680991261445,8
1039,21,8,"random","skewed","random","stacked",0.833157967606863,0.166842032393137,0,0,1.77784383805991,8
1040,21,8,"random","skewed","random","simple",0.487544483985765,0.512455516014235,0,0.512455516014235,0.84833027763666,8
1040,21,8,"random","skewed","random","group",0.619047619047619,0.380952380952381,0,0.380952380952381,0.84833027763666,8
1040,21,8,"random","skewed","random","dynamic",0.405671145351228,0.594328854648772,0,0.594328854648772,0.84833027763666,8
1040,21,8,"random","skewed","random","calendar",0.405671145351228,0.594328854648772,0,0.594328854648772,0.84833027763666,8
1040,21,8,"random","skewed","random","stacked",0.748597925947224,0.251402074052776,0,0.251402074052776,0.780172541067144,8
1041,21,8,"random","skewed","random","simple",0.724770642201835,0.275229357798165,0,0,1.03969471120323,8
1041,21,8,"random","skewed","random","group",0.761904761904762,0.238095238095238,0,0,1.03969471120323,8
1041,21,8,"random","skewed","random","dynamic",0.734029951386763,0.265970048613237,0,0,1.03969471120323,8
1041,21,8,"random","skewed","random","calendar",0.734029951386763,0.265970048613237,0,0,1.03969471120323,8
1041,21,8,"random","skewed","random","stacked",0.751876050139549,0.248123949860451,0,0.248123949860451,0.98487056326405,8
1042,21,8,"random","skewed","random","simple",0.524163568773234,0.475836431226766,0,0.475836431226766,0.42225765384893,8
1042,21,8,"random","skewed","random","group",0.619047619047619,0.380952380952381,0,0.380952380952381,0.42225765384893,8
1042,21,8,"random","skewed","random","dynamic",0.482596928785009,0.517403071214991,0,0.517403071214991,0.42225765384893,8
1042,21,8,"random","skewed","random","calendar",0.482596928785009,0.517403071214991,0,0.517403071214991,0.42225765384893,8
1042,21,8,"random","skewed","random","stacked",0.650592284298209,0.349407715701791,0,0.349407715701791,0.388332039386984,8
1043,21,8,"random","skewed","random","simple",0.272413793103448,0.727586206896552,0,0.727586206896552,0.570742777277959,8
1043,21,8,"random","skewed","random","group",0.380952380952381,0.619047619047619,0,0.619047619047619,0.570742777277959,8
1043,21,8,"random","skewed","random","dynamic",0.240480345905132,0.759519654094868,0,0.759519654094868,0.570742777277959,8
1043,21,8,"random","skewed","random","calendar",0.240480345905132,0.759519654094868,0,0.759519654094868,0.570742777277959,8
1043,21,8,"random","skewed","random","stacked",0.435530602855177,0.564469397144823,0,0.564469397144823,0.524887363545659,8
1044,21,8,"random","skewed","random","simple",0.245222929936306,0.754777070063694,0,0.270700636942675,1.5313674842078,8
1044,21,8,"random","skewed","random","group",0.380952380952381,0.619047619047619,0,0.238095238095238,1.5313674842078,8
1044,21,8,"random","skewed","random","dynamic",0.215918375660514,0.784081624339486,0,0.261084025555673,1.5313674842078,8
1044,21,8,"random","skewed","random","calendar",0.215918375660514,0.784081624339486,0,0.261084025555673,1.5313674842078,8
1044,21,8,"random","skewed","random","stacked",0.520214640036742,0.479785359963258,0,0.25378266167663,0.662604854918761,8
1045,21,8,"random","skewed","random","simple",0.277591973244147,0.722408026755853,0,0.722408026755853,0.570742777277959,8
1045,21,8,"random","skewed","random","group",0.380952380952381,0.619047619047619,0,0.619047619047619,0.570742777277959,8
1045,21,8,"random","skewed","random","dynamic",0.259736206143964,0.740263793856036,0,0.740263793856036,0.570742777277959,8
1045,21,8,"random","skewed","random","calendar",0.259736206143964,0.740263793856036,0,0.740263793856036,0.570742777277959,8
1045,21,8,"random","skewed","random","stacked",0.418170960573213,0.581829039426787,0,0.581829039426787,0.524887363545659,8
1046,21,8,"random","skewed","random","simple",0.517730496453901,0.482269503546099,0,0.482269503546099,0.570742777277959,8
1046,21,8,"random","skewed","random","group",0.619047619047619,0.380952380952381,0,0.380952380952381,0.570742777277959,8
1046,21,8,"random","skewed","random","dynamic",0.459585637859176,0.540414362140824,0,0.540414362140824,0.570742777277959,8
1046,21,8,"random","skewed","random","calendar",0.459585637859176,0.540414362140824,0,0.540414362140824,0.570742777277959,8
1046,21,8,"random","skewed","random","stacked",0.701506030131333,0.298493969868667,0,0.298493969868667,0.524887363545659,8
1047,21,8,"random","skewed","random","simple",0.142322097378277,0.857677902621723,0,0.857677902621723,0.84833027763666,8
1047,21,8,"random","skewed","random","group",0.380952380952381,0.619047619047619,0,0.619047619047619,0.84833027763666,8
1047,21,8,"random","skewed","random","dynamic",0.112505084879956,0.887494915120044,0,0.887494915120044,0.84833027763666,8
1047,21,8,"random","skewed","random","calendar",0.112505084879956,0.887494915120044,0,0.887494915120044,0.84833027763666,8
1047,21,8,"random","skewed","random","stacked",0.428829167787871,0.571170832212129,0,0.571170832212129,0.780172541067144,8
1048,21,8,"random","skewed","random","simple",0.710365853658537,0.289634146341463,0,0,1.87680991261445,8
1048,21,8,"random","skewed","random","group",0.761904761904762,0.238095238095238,0,0,1.87680991261445,8
1048,21,8,"random","skewed","random","dynamic",0.710297637948567,0.289702362051433,0,0,1.87680991261445,8
1048,21,8,"random","skewed","random","calendar",0.710297637948567,0.289702362051433,0,0,1.87680991261445,8
1048,21,8,"random","skewed","random","stacked",0.816290420349754,0.183709579650246,0,0,1.77784383805991,8
1049,21,8,"random","skewed","random","simple",0.582840236686391,0.417159763313609,0,0.150887573964497,1.03969471120323,8
1049,21,8,"random","skewed","random","group",0.619047619047619,0.380952380952381,0,0.142857142857143,1.03969471120323,8
1049,21,8,"random","skewed","random","dynamic",0.60419618049649,0.39580381950351,0,0.141214893852278,1.03969471120323,8
1049,21,8,"random","skewed","random","calendar",0.60419618049649,0.39580381950351,0,0.141214893852278,1.03969471120323,8
1049,21,8,"random","skewed","random","stacked",0.534746272053379,0.465253727946621,0,0.465253727946621,0.98487056326405,8
1050,21,8,"random","skewed","random","simple",0.57183908045977,0.42816091954023,0,0,1.87680991261445,8
1050,21,8,"random","skewed","random","group",0.619047619047619,0.380952380952381,0,0,1.87680991261445,8
1050,21,8,"random","skewed","random","dynamic",0.581810559581458,0.418189440418543,0,0,1.87680991261445,8
1050,21,8,"random","skewed","random","calendar",0.581810559581457,0.418189440418543,0,0,1.87680991261445,8
1050,21,8,"random","skewed","random","stacked",0.608350836275928,0.391649163724072,0,0,1.77784383805991,8
1051,21,8,"random","skewed","random","simple",0.247619047619048,0.752380952380952,0,0.26984126984127,1.5313674842078,8
1051,21,8,"random","skewed","random","group",0.380952380952381,0.619047619047619,0,0.238095238095238,1.5313674842078,8
1051,21,8,"random","skewed","random","dynamic",0.214960517909842,0.785039482090158,0,0.261452432382854,1.5313674842078,8
1051,21,8,"random","skewed","random","calendar",0.214960517909842,0.785039482090158,0,0.261452432382854,1.5313674842078,8
1051,21,8,"random","skewed","random","stacked",0.544160369573814,0.455839630426186,0,0.241116558279535,0.662604854918761,8
1052,21,8,"random","skewed","random","simple",0.299694189602446,0.700305810397553,0,0.700305810397553,0.84833027763666,8
1052,21,8,"random","skewed","random","group",0.380952380952381,0.619047619047619,0,0.619047619047619,0.84833027763666,8
1052,21,8,"random","skewed","random","dynamic",0.278409872721018,0.721590127278982,0,0.721590127278982,0.84833027763666,8
1052,21,8,"random","skewed","random","calendar",0.278409872721018,0.721590127278982,0,0.721590127278982,0.84833027763666,8
1052,21,8,"random","skewed","random","stacked",0.496455878569803,0.503544121430197,0,0.503544121430197,0.780172541067144,8
1053,21,8,"random","skewed","random","simple",0.735202492211838,0.264797507788162,0,0.264797507788162,0.699489647648167,8
1053,21,8,"random","skewed","random","group",0.761904761904762,0.238095238095238,0,0.238095238095238,0.699489647648167,8
1053,21,8,"random","skewed","random","dynamic",0.752950048102912,0.247049951897088,0,0.247049951897088,0.699489647648167,8
1053,21,8,"random","skewed","random","calendar",0.752950048102912,0.247049951897088,0,0.247049951897088,0.699489647648167,8
1053,21,8,"random","skewed","random","stacked",0.695323957396594,0.304676042603406,0,0.304676042603406,0.662604854918761,8
1054,21,8,"random","skewed","random","simple",0.488,0.512,0,0.512,0.42225765384893,8
1054,21,8,"random","skewed","random","group",0.619047619047619,0.380952380952381,0,0.380952380952381,0.42225765384893,8
1054,21,8,"random","skewed","random","dynamic",0.43131719286905,0.56868280713095,0,0.56868280713095,0.42225765384893,8
1054,21,8,"random","skewed","random","calendar",0.43131719286905,0.56868280713095,0,0.56868280713095,0.42225765384893,8
1054,21,8,"random","skewed","random","stacked",0.650551987726019,0.349448012273981,0,0.349448012273981,0.388332039386984,8
1055,21,8,"random","skewed","random","simple",0.70125786163522,0.29874213836478,0,0,1.87680991261445,8
1055,21,8,"random","skewed","random","group",0.761904761904762,0.238095238095238,0,0,1.87680991261445,8
1055,21,8,"random","skewed","random","dynamic",0.698276647028582,0.301723352971418,0,0,1.87680991261445,8
1055,21,8,"random","skewed","random","calendar",0.698276647028582,0.301723352971418,0,0,1.87680991261445,8
1055,21,8,"random","skewed","random","stacked",0.825114342523961,0.174885657476039,0,0,1.77784383805991,8
1056,21,8,"random","skewed","random","simple",0.138235294117647,0.861764705882353,0,0.15,1.5313674842078,8
1056,21,8,"random","skewed","random","group",0.238095238095238,0.761904761904762,0,0.142857142857143,1.03969471120323,8
1056,21,8,"random","skewed","random","dynamic",0.126035936073414,0.873964063926586,0,0.144131419880972,1.5313674842078,8
1056,21,8,"random","skewed","random","calendar",0.126035936073414,0.873964063926586,0,0.144131419880972,1.5313674842078,8
1056,21,8,"random","skewed","random","stacked",0.360580073034906,0.639419926965094,0,0.390355958143247,0.98487056326405,8
1057,21,8,"random","skewed","random","simple",0.714714714714715,0.285285285285285,0,0,1.87680991261445,8
1057,21,8,"random","skewed","random","group",0.761904761904762,0.238095238095238,0,0,1.87680991261445,8
1057,21,8,"random","skewed","random","dynamic",0.713892409190397,0.286107590809603,0,0,1.87680991261445,8
1057,21,8,"random","skewed","random","calendar",0.713892409190397,0.286107590809603,0,0,1.87680991261445,8
1057,21,8,"random","skewed","random","stacked",0.824153708143227,0.175846291856773,0,0,1.77784383805991,8
1058,21,8,"random","skewed","random","simple",0.145772594752187,0.854227405247813,0,0.14868804664723,1.5313674842078,8
1058,21,8,"random","skewed","random","group",0.238095238095238,0.761904761904762,0,0.142857142857143,1.03969471120323,8
1058,21,8,"random","skewed","random","dynamic",0.134503441265703,0.865496558734297,0,0.142543762657418,1.5313674842078,8
1058,21,8,"random","skewed","random","calendar",0.134503441265703,0.865496558734297,0,0.142543762657417,1.5313674842078,8
1058,21,8,"random","skewed","random","stacked",0.357391377659082,0.642608622340918,0,0.39230260726406,0.98487056326405,8
1059,21,8,"random","skewed","random","simple",0.740061162079511,0.259938837920489,0,0.259938837920489,0.699489647648167,8
1059,21,8,"random","skewed","random","group",0.761904761904762,0.238095238095238,0,0.238095238095238,0.699489647648167,8
1059,21,8,"random","skewed","random","dynamic",0.755343191595127,0.244656808404873,0,0.244656808404873,0.699489647648167,8
1059,21,8,"random","skewed","random","calendar",0.755343191595127,0.244656808404873,0,0.244656808404873,0.699489647648167,8
1059,21,8,"random","skewed","random","stacked",0.728566251868109,0.271433748131891,0,0.271433748131891,0.662604854918761,8
1060,21,8,"random","skewed","random","simple",0.740853658536585,0.259146341463415,0,0.259146341463415,0.699489647648167,8
1060,21,8,"random","skewed","random","group",0.761904761904762,0.238095238095238,0,0.238095238095238,0.699489647648167,8
1060,21,8,"random","skewed","random","dynamic",0.759145471616447,0.240854528383553,0,0.240854528383553,0.699489647648167,8
1060,21,8,"random","skewed","random","calendar",0.759145471616447,0.240854528383553,0,0.240854528383553,0.699489647648167,8
1060,21,8,"random","skewed","random","stacked",0.703363044115303,0.296636955884697,0,0.296636955884697,0.662604854918761,8
1061,21,8,"random","skewed","random","simple",0.586402266288952,0.413597733711048,0,0.144475920679887,1.87680991261445,8
1061,21,8,"random","skewed","random","group",0.619047619047619,0.380952380952381,0,0.142857142857143,1.87680991261445,8
1061,21,8,"random","skewed","random","dynamic",0.596931355538167,0.403068644461833,0,0.136727664750111,1.87680991261445,8
1061,21,8,"random","skewed","random","calendar",0.596931355538167,0.403068644461833,0,0.136727664750111,1.87680991261445,8
1061,21,8,"random","skewed","random","stacked",0.594148703077496,0.405851296922504,0,0.210408231034715,0.854271745308325,8
1062,21,8,"random","skewed","random","simple",0.239583333333333,0.760416666666667,0,0.760416666666667,0.84833027763666,8
1062,21,8,"random","skewed","random","group",0.380952380952381,0.619047619047619,0,0.619047619047619,0.84833027763666,8
1062,21,8,"random","skewed","random","dynamic",0.210592077961789,0.789407922038211,0,0.789407922038211,0.84833027763666,8
1062,21,8,"random","skewed","random","calendar",0.210592077961789,0.789407922038211,0,0.789407922038211,0.84833027763666,8
1062,21,8,"random","skewed","random","stacked",0.416595536067092,0.583404463932908,0,0.583404463932908,0.384174999142706,8
1063,21,8,"random","skewed","random","simple",0.503448275862069,0.496551724137931,0,0.496551724137931,0.84833027763666,8
1063,21,8,"random","skewed","random","group",0.619047619047619,0.380952380952381,0,0.380952380952381,0.84833027763666,8
1063,21,8,"random","skewed","random","dynamic",0.43508291005711,0.56491708994289,0,0.56491708994289,0.84833027763666,8
1063,21,8,"random","skewed","random","calendar",0.43508291005711,0.56491708994289,0,0.56491708994289,0.84833027763666,8
1063,21,8,"random","skewed","random","stacked",0.741957489205257,0.258042510794743,0,0.258042510794743,0.780172541067144,8
1064,21,8,"random","skewed","random","simple",1,0,0,0,NA,8
1064,21,8,"random","skewed","random","group",1,0,0,0,NA,8
1064,21,8,"random","skewed","random","dynamic",1,0,0,0,NA,8
1064,21,8,"random","skewed","random","calendar",1,0,0,0,NA,8
1064,21,8,"random","skewed","random","stacked",1,0,0,0,NA,8
1065,21,8,"random","skewed","random","simple",0.584045584045584,0.415954415954416,0,0.145299145299145,1.87680991261445,8
1065,21,8,"random","skewed","random","group",0.619047619047619,0.380952380952381,0,0.142857142857143,1.87680991261445,8
1065,21,8,"random","skewed","random","dynamic",0.593744958172203,0.406255041827797,0,0.137922563762347,1.87680991261445,8
1065,21,8,"random","skewed","random","calendar",0.593744958172203,0.406255041827797,0,0.137922563762347,1.87680991261445,8
1065,21,8,"random","skewed","random","stacked",0.611043460333516,0.388956539666484,0,0.201649367837886,0.854271745308325,8
1066,21,8,"random","skewed","random","simple",0.224358974358974,0.775641025641026,0,0,1.5313674842078,8
1066,21,8,"random","skewed","random","group",0.380952380952381,0.619047619047619,0,0,1.5313674842078,8
1066,21,8,"random","skewed","random","dynamic",0.203551383619006,0.796448616380994,0,0,1.5313674842078,8
1066,21,8,"random","skewed","random","calendar",0.203551383619006,0.796448616380994,0,0,1.5313674842078,8
1066,21,8,"random","skewed","random","stacked",0.522449159239098,0.477550840760902,0,0.225109452202206,1.4083322179545,8
1067,21,8,"random","skewed","random","simple",0.714714714714715,0.285285285285285,0,0,1.87680991261445,8
1067,21,8,"random","skewed","random","group",0.761904761904762,0.238095238095238,0,0,1.87680991261445,8
1067,21,8,"random","skewed","random","dynamic",0.716566716092645,0.283433283907355,0,0,1.87680991261445,8
1067,21,8,"random","skewed","random","calendar",0.716566716092645,0.283433283907355,0,0,1.87680991261445,8
1067,21,8,"random","skewed","random","stacked",0.806933626089742,0.193066373910258,0,0,1.77784383805991,8
1068,21,8,"random","skewed","random","simple",0.717261904761905,0.282738095238095,0,0,1.87680991261445,8
1068,21,8,"random","skewed","random","group",0.761904761904762,0.238095238095238,0,0,1.87680991261445,8
1068,21,8,"random","skewed","random","dynamic",0.719266019498218,0.280733980501782,0,0,1.87680991261445,8
1068,21,8,"random","skewed","random","calendar",0.719266019498218,0.280733980501782,0,0,1.87680991261445,8
1068,21,8,"random","skewed","random","stacked",0.804537371588407,0.195462628411593,0,0,1.77784383805991,8
1069,21,8,"random","skewed","random","simple",0.257042253521127,0.742957746478873,0,0.742957746478873,0.570742777277959,8
1069,21,8,"random","skewed","random","group",0.380952380952381,0.619047619047619,0,0.619047619047619,0.570742777277959,8
1069,21,8,"random","skewed","random","dynamic",0.231739635998878,0.768260364001122,0,0.768260364001122,0.570742777277959,8
1069,21,8,"random","skewed","random","calendar",0.231739635998878,0.768260364001122,0,0.768260364001122,0.570742777277959,8
1069,21,8,"random","skewed","random","stacked",0.405618200537601,0.594381799462399,0,0.594381799462399,0.524887363545659,8
1070,21,8,"random","skewed","random","simple",0.234323432343234,0.765676567656766,0,0.264026402640264,1.5313674842078,8
1070,21,8,"random","skewed","random","group",0.380952380952381,0.619047619047619,0,0.238095238095238,1.5313674842078,8
1070,21,8,"random","skewed","random","dynamic",0.202950520004863,0.797049479995137,0,0.245828747366551,1.5313674842078,8
1070,21,8,"random","skewed","random","calendar",0.202950520004863,0.797049479995137,0,0.245828747366551,1.5313674842078,8
1070,21,8,"random","skewed","random","stacked",0.486858095786833,0.513141904213168,0,0.292063046183518,0.490220783522322,8
1071,21,8,"random","skewed","random","simple",0.52191235059761,0.47808764940239,0,0.47808764940239,0.330913823440591,8
1071,21,8,"random","skewed","random","group",0.619047619047619,0.380952380952381,0,0.380952380952381,0.330913823440591,8
1071,21,8,"random","skewed","random","dynamic",0.497611474639338,0.502388525360662,0,0.502388525360662,0.330913823440591,8
1071,21,8,"random","skewed","random","calendar",0.497611474639338,0.502388525360662,0,0.502388525360662,0.330913823440591,8
1071,21,8,"random","skewed","random","stacked",0.609766337895576,0.390233662104424,0,0.390233662104424,0.304327082639462,8
1072,21,8,"random","skewed","random","simple",0.723837209302326,0.276162790697674,0,0,1.87680991261445,8
1072,21,8,"random","skewed","random","group",0.761904761904762,0.238095238095238,0,0,1.87680991261445,8
1072,21,8,"random","skewed","random","dynamic",0.723288542812537,0.276711457187463,0,0,1.87680991261445,8
1072,21,8,"random","skewed","random","calendar",0.723288542812537,0.276711457187463,0,0,1.87680991261445,8
1072,21,8,"random","skewed","random","stacked",0.828005009194124,0.171994990805876,0,0,1.77784383805991,8
1073,21,8,"random","skewed","random","simple",0.502392344497608,0,0.497607655502392,0.497607655502392,0.225928173885438,8
1073,21,8,"random","skewed","random","group",0.619047619047619,0,0.380952380952381,0.380952380952381,0.225928173885438,8
1073,21,8,"random","skewed","random","dynamic",0.470905829372131,0,0.529094170627869,0.529094170627869,0.225928173885438,8
1073,21,8,"random","skewed","random","calendar",0.470905829372131,0,0.529094170627869,0.529094170627869,0.225928173885438,8
1073,21,8,"random","skewed","random","stacked",0.582556658375837,0,0.417443341624163,0.417443341624163,0.207776336841245,8
1074,21,8,"random","skewed","random","simple",0.164179104477612,0.835820895522388,0,0.835820895522388,0.84833027763666,8
1074,21,8,"random","skewed","random","group",0.380952380952381,0.619047619047619,0,0.619047619047619,0.84833027763666,8
1074,21,8,"random","skewed","random","dynamic",0.130048944529079,0.869951055470921,0,0.869951055470921,0.84833027763666,8
1074,21,8,"random","skewed","random","calendar",0.130048944529079,0.869951055470921,0,0.869951055470921,0.84833027763666,8
1074,21,8,"random","skewed","random","stacked",0.430854776082584,0.569145223917416,0,0.569145223917416,0.780172541067144,8
1075,21,8,"random","skewed","random","simple",0.707692307692308,0.292307692307692,0,0,1.87680991261445,8
1075,21,8,"random","skewed","random","group",0.761904761904762,0.238095238095238,0,0,1.87680991261445,8
1075,21,8,"random","skewed","random","dynamic",0.706986723501816,0.293013276498184,0,0,1.87680991261445,8
1075,21,8,"random","skewed","random","calendar",0.706986723501816,0.293013276498184,0,0,1.87680991261445,8
1075,21,8,"random","skewed","random","stacked",0.815564582720591,0.184435417279409,0,0,1.77784383805991,8
1076,21,8,"random","skewed","random","simple",0.728915662650602,0.271084337349398,0,0,1.03969471120323,8
1076,21,8,"random","skewed","random","group",0.761904761904762,0.238095238095238,0,0,1.03969471120323,8
1076,21,8,"random","skewed","random","dynamic",0.73916758336263,0.26083241663737,0,0,1.03969471120323,8
1076,21,8,"random","skewed","random","calendar",0.73916758336263,0.26083241663737,0,0,1.03969471120323,8
1076,21,8,"random","skewed","random","stacked",0.747223928386208,0.252776071613792,0,0.252776071613792,0.98487056326405,8
1077,21,8,"random","skewed","random","simple",0.466666666666667,0,0.533333333333333,0.533333333333333,0.225928173885438,8
1077,21,8,"random","skewed","random","group",0.619047619047619,0,0.380952380952381,0.380952380952381,0.225928173885438,8
1077,21,8,"random","skewed","random","dynamic",0.400847431259434,0,0.599152568740566,0.599152568740566,0.225928173885438,8
1077,21,8,"random","skewed","random","calendar",0.400847431259434,0,0.599152568740566,0.599152568740566,0.225928173885438,8
1077,21,8,"random","skewed","random","stacked",0.579571035629723,0,0.420428964370277,0.420428964370277,0.207776336841245,8
1078,21,8,"random","skewed","random","simple",0.262798634812287,0.737201365187713,0,0.737201365187713,0.570742777277959,8
1078,21,8,"random","skewed","random","group",0.380952380952381,0.619047619047619,0,0.619047619047619,0.570742777277959,8
1078,21,8,"random","skewed","random","dynamic",0.239214204773757,0.760785795226243,0,0.760785795226243,0.570742777277959,8
1078,21,8,"random","skewed","random","calendar",0.239214204773757,0.760785795226243,0,0.760785795226243,0.570742777277959,8
1078,21,8,"random","skewed","random","stacked",0.439052760622188,0.560947239377812,0,0.560947239377812,0.524887363545659,8
1079,21,8,"random","skewed","random","simple",0.14327485380117,0.85672514619883,0,0.149122807017544,1.5313674842078,8
1079,21,8,"random","skewed","random","group",0.238095238095238,0.761904761904762,0,0.142857142857143,1.03969471120323,8
1079,21,8,"random","skewed","random","dynamic",0.131594207396717,0.868405792603283,0,0.143089244007852,1.5313674842078,8
1079,21,8,"random","skewed","random","calendar",0.131594207396717,0.868405792603283,0,0.143089244007852,1.5313674842078,8
1079,21,8,"random","skewed","random","stacked",0.35524785339934,0.64475214660066,0,0.393611195612544,0.98487056326405,8
1080,21,8,"random","skewed","random","simple",0.21523178807947,0.78476821192053,0,0.281456953642384,1.5313674842078,8
1080,21,8,"random","skewed","random","group",0.380952380952381,0.619047619047619,0,0.238095238095238,1.5313674842078,8
1080,21,8,"random","skewed","random","dynamic",0.1953995540968,0.8046004459032,0,0.268975880003255,1.5313674842078,8
1080,21,8,"random","skewed","random","calendar",0.1953995540968,0.8046004459032,0,0.268975880003255,1.5313674842078,8
1080,21,8,"random","skewed","random","stacked",0.449176388047349,0.550823611952651,0,0.291358374016214,0.662604854918761,8
1081,21,8,"random","skewed","random","simple",0.525925925925926,0.474074074074074,0,0.474074074074074,0.42225765384893,8
1081,21,8,"random","skewed","random","group",0.619047619047619,0.380952380952381,0,0.380952380952381,0.42225765384893,8
1081,21,8,"random","skewed","random","dynamic",0.478612207366077,0.521387792633923,0,0.521387792633923,0.42225765384893,8
1081,21,8,"random","skewed","random","calendar",0.478612207366077,0.521387792633923,0,0.521387792633923,0.42225765384893,8
1081,21,8,"random","skewed","random","stacked",0.670899566478391,0.329100433521609,0,0.329100433521609,0.388332039386984,8
1082,21,8,"random","skewed","random","simple",0.521367521367521,0,0.478632478632479,0.478632478632479,0.269611852350941,8
1082,21,8,"random","skewed","random","group",0.619047619047619,0,0.380952380952381,0.380952380952381,0.269611852350941,8
1082,21,8,"random","skewed","random","dynamic",0.492336853769848,0,0.507663146230152,0.507663146230152,0.269611852350941,8
1082,21,8,"random","skewed","random","calendar",0.492336853769848,0,0.507663146230152,0.507663146230152,0.269611852350941,8
1082,21,8,"random","skewed","random","stacked",0.605949343363505,0,0.394050656636495,0.394050656636495,0.247950320170634,8
1083,21,8,"random","skewed","random","simple",0.730639730639731,0.269360269360269,0,0.269360269360269,0.517509584468528,8
1083,21,8,"random","skewed","random","group",0.761904761904762,0.238095238095238,0,0.238095238095238,0.517509584468528,8
1083,21,8,"random","skewed","random","dynamic",0.751335434646193,0.248664565353807,0,0.248664565353807,0.517509584468528,8
1083,21,8,"random","skewed","random","calendar",0.751335434646193,0.248664565353807,0,0.248664565353807,0.517509584468528,8
1083,21,8,"random","skewed","random","stacked",0.677973301725212,0.322026698274788,0,0.322026698274788,0.490220783522322,8
1084,21,8,"random","skewed","random","simple",0.240384615384615,0.759615384615385,0,0.272435897435897,1.5313674842078,8
1084,21,8,"random","skewed","random","group",0.380952380952381,0.619047619047619,0,0.238095238095238,1.5313674842078,8
1084,21,8,"random","skewed","random","dynamic",0.205978504051667,0.794021495948333,0,0.264907053097537,1.5313674842078,8
1084,21,8,"random","skewed","random","calendar",0.205978504051667,0.794021495948333,0,0.264907053097537,1.5313674842078,8
1084,21,8,"random","skewed","random","stacked",0.545441070223215,0.454558929776785,0,0.240439131149118,0.662604854918761,8
1085,21,8,"random","skewed","random","simple",0.451612903225806,0.548387096774194,0,0.548387096774194,0.570742777277959,8
1085,21,8,"random","skewed","random","group",0.619047619047619,0.380952380952381,0,0.380952380952381,0.570742777277959,8
1085,21,8,"random","skewed","random","dynamic",0.375601455951119,0.624398544048881,0,0.624398544048881,0.570742777277959,8
1085,21,8,"random","skewed","random","calendar",0.375601455951119,0.624398544048881,0,0.624398544048881,0.570742777277959,8
1085,21,8,"random","skewed","random","stacked",0.681704994908504,0.318295005091496,0,0.318295005091496,0.524887363545659,8
1086,21,8,"random","skewed","random","simple",0.125373134328358,0.874626865671642,0,0.152238805970149,1.5313674842078,8
1086,21,8,"random","skewed","random","group",0.238095238095238,0.761904761904762,0,0.142857142857143,1.03969471120323,8
1086,21,8,"random","skewed","random","dynamic",0.112202591101076,0.887797408898924,0,0.146725172063285,1.5313674842078,8
1086,21,8,"random","skewed","random","calendar",0.112202591101076,0.887797408898924,0,0.146725172063285,1.5313674842078,8
1086,21,8,"random","skewed","random","stacked",0.372006050763768,0.627993949236233,0,0.383380575775602,0.98487056326405,8
1087,21,8,"random","skewed","random","simple",0.725609756097561,0.274390243902439,0,0,1.03969471120323,8
1087,21,8,"random","skewed","random","group",0.761904761904762,0.238095238095238,0,0,1.03969471120323,8
1087,21,8,"random","skewed","random","dynamic",0.731376069321116,0.268623930678884,0,0,1.03969471120323,8
1087,21,8,"random","skewed","random","calendar",0.731376069321116,0.268623930678884,0,0,1.03969471120323,8
1087,21,8,"random","skewed","random","stacked",0.776619361252875,0.223380638747125,0,0.223380638747125,0.98487056326405,8
1088,21,8,"random","skewed","random","simple",0.757575757575758,0.242424242424242,0,0.242424242424242,0.517509584468528,8
1088,21,8,"random","skewed","random","group",0.761904761904762,0.238095238095238,0,0.238095238095238,0.517509584468528,8
1088,21,8,"random","skewed","random","dynamic",0.781876625481502,0.218123374518498,0,0.218123374518498,0.517509584468528,8
1088,21,8,"random","skewed","random","calendar",0.781876625481502,0.218123374518498,0,0.218123374518498,0.517509584468528,8
1088,21,8,"random","skewed","random","stacked",0.693871352237899,0.306128647762101,0,0.306128647762101,0.490220783522322,8
1089,21,8,"random","skewed","random","simple",0.287162162162162,0.712837837837838,0,0.712837837837838,0.570742777277959,8
1089,21,8,"random","skewed","random","group",0.380952380952381,0.619047619047619,0,0.619047619047619,0.570742777277959,8
1089,21,8,"random","skewed","random","dynamic",0.257738564982236,0.742261435017764,0,0.742261435017764,0.570742777277959,8
1089,21,8,"random","skewed","random","calendar",0.257738564982236,0.742261435017764,0,0.742261435017764,0.570742777277959,8
1089,21,8,"random","skewed","random","stacked",0.436191426676058,0.563808573323942,0,0.563808573323942,0.524887363545659,8
1090,21,8,"random","skewed","random","simple",0.741641337386018,0.258358662613982,0,0.258358662613982,0.699489647648167,8
1090,21,8,"random","skewed","random","group",0.761904761904762,0.238095238095238,0,0.238095238095238,0.699489647648167,8
1090,21,8,"random","skewed","random","dynamic",0.756867836540824,0.243132163459176,0,0.243132163459176,0.699489647648167,8
1090,21,8,"random","skewed","random","calendar",0.756867836540824,0.243132163459176,0,0.243132163459176,0.699489647648167,8
1090,21,8,"random","skewed","random","stacked",0.729001279741824,0.270998720258176,0,0.270998720258176,0.662604854918761,8
1091,21,8,"random","skewed","random","simple",0.541984732824427,0.458015267175573,0,0.458015267175573,0.330913823440591,8
1091,21,8,"random","skewed","random","group",0.619047619047619,0.380952380952381,0,0.380952380952381,0.330913823440591,8
1091,21,8,"random","skewed","random","dynamic",0.512446400062499,0.487553599937501,0,0.487553599937501,0.330913823440591,8
1091,21,8,"random","skewed","random","calendar",0.512446400062499,0.487553599937501,0,0.487553599937501,0.330913823440591,8
1091,21,8,"random","skewed","random","stacked",0.635672198936831,0.364327801063169,0,0.364327801063169,0.304327082639462,8
1092,21,8,"random","skewed","random","simple",0.238255033557047,0.761744966442953,0,0.251677852348993,1.5313674842078,8
1092,21,8,"random","skewed","random","group",0.380952380952381,0.619047619047619,0,0.238095238095238,1.5313674842078,8
1092,21,8,"random","skewed","random","dynamic",0.200069543052678,0.799930456947322,0,0.226693900445326,1.5313674842078,8
1092,21,8,"random","skewed","random","calendar",0.200069543052678,0.799930456947322,0,0.226693900445326,1.5313674842078,8
1092,21,8,"random","skewed","random","stacked",0.477828162413024,0.522171837586976,0,0.312145095646396,0.384174999142706,8
1093,21,8,"random","skewed","random","simple",0.272413793103448,0.727586206896552,0,0.727586206896552,0.570742777277959,8
1093,21,8,"random","skewed","random","group",0.380952380952381,0.619047619047619,0,0.619047619047619,0.570742777277959,8
1093,21,8,"random","skewed","random","dynamic",0.245440663365449,0.754559336634551,0,0.754559336634551,0.570742777277959,8
1093,21,8,"random","skewed","random","calendar",0.245440663365449,0.75455933663455,0,0.75455933663455,0.570742777277959,8
1093,21,8,"random","skewed","random","stacked",0.418922282214266,0.581077717785735,0,0.581077717785735,0.524887363545659,8
1094,21,8,"random","skewed","random","simple",0.727272727272727,0.272727272727273,0,0,1.03969471120323,8
1094,21,8,"random","skewed","random","group",0.761904761904762,0.238095238095238,0,0,1.03969471120323,8
1094,21,8,"random","skewed","random","dynamic",0.736538615108661,0.263461384891338,0,0,1.03969471120323,8
1094,21,8,"random","skewed","random","calendar",0.736538615108662,0.263461384891338,0,0,1.03969471120323,8
1094,21,8,"random","skewed","random","stacked",0.75815073188565,0.24184926811435,0,0.24184926811435,0.98487056326405,8
1095,21,8,"random","skewed","random","simple",0.263492063492063,0.736507936507937,0,0.253968253968254,1.5313674842078,8
1095,21,8,"random","skewed","random","group",0.380952380952381,0.619047619047619,0,0.238095238095238,1.5313674842078,8
1095,21,8,"random","skewed","random","dynamic",0.231553276897093,0.768446723102907,0,0.234827687023385,1.5313674842078,8
1095,21,8,"random","skewed","random","calendar",0.231553276897093,0.768446723102907,0,0.234827687023385,1.5313674842078,8
1095,21,8,"random","skewed","random","stacked",0.499376950720562,0.500623049279438,0,0.284937736641158,0.490220783522322,8
1096,21,8,"random","skewed","random","simple",0.555223880597015,0.444776119402985,0,0,1.87680991261445,8
1096,21,8,"random","skewed","random","group",0.619047619047619,0.380952380952381,0,0,1.87680991261445,8
1096,21,8,"random","skewed","random","dynamic",0.564700627889482,0.435299372110518,0,0,1.87680991261445,8
1096,21,8,"random","skewed","random","calendar",0.564700627889482,0.435299372110518,0,0,1.87680991261445,8
1096,21,8,"random","skewed","random","stacked",0.594768420026841,0.405231579973159,0,0,1.77784383805991,8
1097,21,8,"random","skewed","random","simple",0.234177215189873,0.765822784810127,0,0,1.5313674842078,8
1097,21,8,"random","skewed","random","group",0.380952380952381,0.619047619047619,0,0,1.5313674842078,8
1097,21,8,"random","skewed","random","dynamic",0.212618879500092,0.787381120499908,0,0,1.5313674842078,8
1097,21,8,"random","skewed","random","calendar",0.212618879500092,0.787381120499908,0,0,1.5313674842078,8
1097,21,8,"random","skewed","random","stacked",0.531866873404709,0.468133126595291,0,0.220670099790137,1.4083322179545,8
1098,21,8,"random","skewed","random","simple",0.509578544061303,0.490421455938697,0,0.490421455938697,0.42225765384893,8
1098,21,8,"random","skewed","random","group",0.619047619047619,0.380952380952381,0,0.380952380952381,0.42225765384893,8
1098,21,8,"random","skewed","random","dynamic",0.465569490279243,0.534430509720757,0,0.534430509720757,0.42225765384893,8
1098,21,8,"random","skewed","random","calendar",0.465569490279243,0.534430509720758,0,0.534430509720758,0.42225765384893,8
1098,21,8,"random","skewed","random","stacked",0.656269077235438,0.343730922764562,0,0.343730922764562,0.388332039386984,8
1099,21,8,"random","skewed","random","simple",0.254071661237785,0.745928338762215,0,0.745928338762215,0.84833027763666,8
1099,21,8,"random","skewed","random","group",0.380952380952381,0.619047619047619,0,0.619047619047619,0.84833027763666,8
1099,21,8,"random","skewed","random","dynamic",0.232704173287249,0.767295826712751,0,0.767295826712751,0.84833027763666,8
1099,21,8,"random","skewed","random","calendar",0.232704173287249,0.767295826712751,0,0.767295826712751,0.84833027763666,8
1099,21,8,"random","skewed","random","stacked",0.472142551788908,0.527857448211092,0,0.527857448211092,0.780172541067144,8
1100,21,8,"random","skewed","random","simple",0.275449101796407,0.724550898203593,0,0,1.5313674842078,8
1100,21,8,"random","skewed","random","group",0.380952380952381,0.619047619047619,0,0,1.5313674842078,8
1100,21,8,"random","skewed","random","dynamic",0.253095878240493,0.746904121759507,0,0,1.5313674842078,8
1100,21,8,"random","skewed","random","calendar",0.253095878240493,0.746904121759507,0,0,1.5313674842078,8
1100,21,8,"random","skewed","random","stacked",0.551784754605705,0.448215245394295,0,0.211281144848625,1.4083322179545,8
1101,21,8,"random","skewed","random","simple",0.505454545454545,0.494545454545455,0,0.494545454545455,0.570742777277959,8
1101,21,8,"random","skewed","random","group",0.619047619047619,0.380952380952381,0,0.380952380952381,0.570742777277959,8
1101,21,8,"random","skewed","random","dynamic",0.449677649896189,0.550322350103811,0,0.550322350103811,0.570742777277959,8
1101,21,8,"random","skewed","random","calendar",0.449677649896189,0.550322350103811,0,0.550322350103811,0.570742777277959,8
1101,21,8,"random","skewed","random","stacked",0.69265394543122,0.30734605456878,0,0.30734605456878,0.524887363545659,8
1102,21,8,"random","skewed","random","simple",0.728571428571429,0.271428571428571,0,0,1.87680991261445,8
1102,21,8,"random","skewed","random","group",0.761904761904762,0.238095238095238,0,0,1.87680991261445,8
1102,21,8,"random","skewed","random","dynamic",0.728000844399838,0.271999155600162,0,0,1.87680991261445,8
1102,21,8,"random","skewed","random","calendar",0.728000844399838,0.271999155600162,0,0,1.87680991261445,8
1102,21,8,"random","skewed","random","stacked",0.824490865422619,0.175509134577381,0,0,1.77784383805991,8
1103,21,8,"random","skewed","random","simple",0.272727272727273,0.727272727272727,0,0.250783699059561,1.5313674842078,8
1103,21,8,"random","skewed","random","group",0.380952380952381,0.619047619047619,0,0.238095238095238,1.5313674842078,8
1103,21,8,"random","skewed","random","dynamic",0.233694853749441,0.766305146250559,0,0.234004003618636,1.5313674842078,8
1103,21,8,"random","skewed","random","calendar",0.233694853749441,0.766305146250559,0,0.234004003618636,1.5313674842078,8
1103,21,8,"random","skewed","random","stacked",0.533438119230129,0.466561880769871,0,0.265551269564906,0.490220783522322,8
1104,21,8,"random","skewed","random","simple",0.506172839506173,0.493827160493827,0,0.493827160493827,0.330913823440591,8
1104,21,8,"random","skewed","random","group",0.619047619047619,0.380952380952381,0,0.380952380952381,0.330913823440591,8
1104,21,8,"random","skewed","random","dynamic",0.443079720417182,0.556920279582818,0,0.556920279582818,0.330913823440591,8
1104,21,8,"random","skewed","random","calendar",0.443079720417182,0.556920279582818,0,0.556920279582818,0.330913823440591,8
1104,21,8,"random","skewed","random","stacked",0.642558184623174,0.357441815376826,0,0.357441815376826,0.304327082639462,8
1105,21,8,"random","skewed","random","simple",0.746268656716418,0.253731343283582,0,0.253731343283582,0.699489647648167,8
1105,21,8,"random","skewed","random","group",0.761904761904762,0.238095238095238,0,0.238095238095238,0.699489647648167,8
1105,21,8,"random","skewed","random","dynamic",0.764658795367,0.235341204633,0,0.235341204633,0.699489647648167,8
1105,21,8,"random","skewed","random","calendar",0.764658795367,0.235341204633,0,0.235341204633,0.699489647648167,8
1105,21,8,"random","skewed","random","stacked",0.706452914626101,0.293547085373899,0,0.293547085373899,0.662604854918761,8
1106,21,8,"random","skewed","random","simple",0.726224783861671,0.273775216138329,0,0,1.87680991261445,8
1106,21,8,"random","skewed","random","group",0.761904761904762,0.238095238095238,0,0,1.87680991261445,8
1106,21,8,"random","skewed","random","dynamic",0.727456071834942,0.272543928165058,0,0,1.87680991261445,8
1106,21,8,"random","skewed","random","calendar",0.727456071834942,0.272543928165058,0,0,1.87680991261445,8
1106,21,8,"random","skewed","random","stacked",0.816672716723753,0.183327283276247,0,0,1.77784383805991,8
1107,21,8,"random","skewed","random","simple",0.26530612244898,0.73469387755102,0,0.73469387755102,0.570742777277959,8
1107,21,8,"random","skewed","random","group",0.380952380952381,0.619047619047619,0,0.619047619047619,0.570742777277959,8
1107,21,8,"random","skewed","random","dynamic",0.247415287064258,0.752584712935742,0,0.752584712935742,0.570742777277959,8
1107,21,8,"random","skewed","random","calendar",0.247415287064258,0.752584712935742,0,0.752584712935742,0.570742777277959,8
1107,21,8,"random","skewed","random","stacked",0.41453463205144,0.58546536794856,0,0.58546536794856,0.524887363545659,8
1108,21,8,"random","skewed","random","simple",1,0,0,0,NA,8
1108,21,8,"random","skewed","random","group",1,0,0,0,NA,8
1108,21,8,"random","skewed","random","dynamic",1,0,0,0,NA,8
1108,21,8,"random","skewed","random","calendar",1,0,0,0,NA,8
1108,21,8,"random","skewed","random","stacked",1,0,0,0,NA,8
1109,21,8,"random","skewed","random","simple",0.76038338658147,0.23961661341853,0,0.23961661341853,0.405560618505449,8
1109,21,8,"random","skewed","random","group",0.761904761904762,0.238095238095238,0,0.238095238095238,0.405560618505449,8
1109,21,8,"random","skewed","random","dynamic",0.791212465080499,0.208787534919501,0,0.208787534919501,0.405560618505449,8
1109,21,8,"random","skewed","random","calendar",0.791212465080499,0.208787534919501,0,0.208787534919501,0.405560618505449,8
1109,21,8,"random","skewed","random","stacked",0.657100572053359,0.342899427946641,0,0.342899427946641,0.384174999142706,8
1110,21,8,"random","skewed","random","simple",0.231746031746032,0.768253968253968,0,0,1.5313674842078,8
1110,21,8,"random","skewed","random","group",0.380952380952381,0.619047619047619,0,0,1.5313674842078,8
1110,21,8,"random","skewed","random","dynamic",0.203670651085919,0.796329348914081,0,0,1.5313674842078,8
1110,21,8,"random","skewed","random","calendar",0.203670651085919,0.796329348914081,0,0,1.5313674842078,8
1110,21,8,"random","skewed","random","stacked",0.556601000847915,0.443398999152085,0,0.209010847195024,1.4083322179545,8
1111,21,8,"random","skewed","random","simple",0.707692307692308,0.292307692307692,0,0,1.87680991261445,8
1111,21,8,"random","skewed","random","group",0.761904761904762,0.238095238095238,0,0,1.87680991261445,8
1111,21,8,"random","skewed","random","dynamic",0.706208890438767,0.293791109561233,0,0,1.87680991261445,8
1111,21,8,"random","skewed","random","calendar",0.706208890438767,0.293791109561233,0,0,1.87680991261445,8
1111,21,8,"random","skewed","random","stacked",0.824145790482836,0.175854209517164,0,0,1.77784383805991,8
1112,21,8,"random","skewed","random","simple",0.527675276752767,0.472324723247232,0,0.472324723247232,0.42225765384893,8
1112,21,8,"random","skewed","random","group",0.619047619047619,0.380952380952381,0,0.380952380952381,0.42225765384893,8
1112,21,8,"random","skewed","random","dynamic",0.48510319444917,0.51489680555083,0,0.51489680555083,0.42225765384893,8
1112,21,8,"random","skewed","random","calendar",0.48510319444917,0.51489680555083,0,0.51489680555083,0.42225765384893,8
1112,21,8,"random","skewed","random","stacked",0.656647376735906,0.343352623264094,0,0.343352623264094,0.388332039386984,8
1113,21,8,"random","skewed","random","simple",0.221476510067114,0.778523489932886,0,0.268456375838926,1.5313674842078,8
1113,21,8,"random","skewed","random","group",0.380952380952381,0.619047619047619,0,0.238095238095238,1.5313674842078,8
1113,21,8,"random","skewed","random","dynamic",0.191682346992352,0.808317653007648,0,0.25016266006367,1.5313674842078,8
1113,21,8,"random","skewed","random","calendar",0.191682346992352,0.808317653007648,0,0.25016266006367,1.5313674842078,8
1113,21,8,"random","skewed","random","stacked",0.476873473696407,0.523126526303593,0,0.297745955957165,0.490220783522322,8
1114,21,8,"random","skewed","random","simple",0.454545454545455,0,0.545454545454545,0.545454545454545,0.193397730187677,8
1114,21,8,"random","skewed","random","group",0.619047619047619,0,0.380952380952381,0.380952380952381,0.193397730187677,8
1114,21,8,"random","skewed","random","dynamic",0.363964807695458,0,0.636035192304542,0.636035192304542,0.193397730187677,8
1114,21,8,"random","skewed","random","calendar",0.363964807695458,0,0.636035192304542,0.636035192304542,0.193397730187677,8
1114,21,8,"random","skewed","random","stacked",0.567353270040161,0,0.432646729959839,0.432646729959839,0.177859499507055,8
1115,21,8,"random","skewed","random","simple",0.255172413793103,0.744827586206896,0,0.744827586206896,0.570742777277959,8
1115,21,8,"random","skewed","random","group",0.380952380952381,0.619047619047619,0,0.619047619047619,0.570742777277959,8
1115,21,8,"random","skewed","random","dynamic",0.23958277325378,0.76041722674622,0,0.76041722674622,0.570742777277959,8
1115,21,8,"random","skewed","random","calendar",0.23958277325378,0.76041722674622,0,0.76041722674622,0.570742777277959,8
1115,21,8,"random","skewed","random","stacked",0.38934586216907,0.61065413783093,0,0.61065413783093,0.524887363545659,8
1116,21,8,"random","skewed","random","simple",0.523809523809524,0.476190476190476,0,0.476190476190476,0.330913823440591,8
1116,21,8,"random","skewed","random","group",0.619047619047619,0.380952380952381,0,0.380952380952381,0.330913823440591,8
1116,21,8,"random","skewed","random","dynamic",0.496551433888895,0.503448566111105,0,0.503448566111105,0.330913823440591,8
1116,21,8,"random","skewed","random","calendar",0.496551433888895,0.503448566111105,0,0.503448566111105,0.330913823440591,8
1116,21,8,"random","skewed","random","stacked",0.620554643359785,0.379445356640215,0,0.379445356640215,0.304327082639462,8
1117,21,8,"random","skewed","random","simple",0.0900621118012422,0.909937888198758,0,0.158385093167702,1.5313674842078,8
1117,21,8,"random","skewed","random","group",0.238095238095238,0.761904761904762,0,0.142857142857143,1.03969471120323,8
1117,21,8,"random","skewed","random","dynamic",0.0815914916289692,0.918408508371031,0,0.152464753214305,1.5313674842078,8
1117,21,8,"random","skewed","random","calendar",0.0815914916289692,0.918408508371031,0,0.152464753214305,1.5313674842078,8
1117,21,8,"random","skewed","random","stacked",0.296589375868595,0.703410624131405,0,0.429421287281751,0.98487056326405,8
1118,21,8,"random","skewed","random","simple",0.552238805970149,0.447761194029851,0,0.447761194029851,0.330913823440591,8
1118,21,8,"random","skewed","random","group",0.619047619047619,0.380952380952381,0,0.380952380952381,0.330913823440591,8
1118,21,8,"random","skewed","random","dynamic",0.523876483566886,0.476123516433114,0,0.476123516433114,0.330913823440591,8
1118,21,8,"random","skewed","random","calendar",0.523876483566886,0.476123516433114,0,0.476123516433114,0.330913823440591,8
1118,21,8,"random","skewed","random","stacked",0.642614865750938,0.357385134249062,0,0.357385134249062,0.304327082639462,8
1119,21,8,"random","skewed","random","simple",0.279605263157895,0.720394736842105,0,0.720394736842105,0.84833027763666,8
1119,21,8,"random","skewed","random","group",0.380952380952381,0.619047619047619,0,0.619047619047619,0.84833027763666,8
1119,21,8,"random","skewed","random","dynamic",0.244453010248934,0.755546989751066,0,0.755546989751066,0.84833027763666,8
1119,21,8,"random","skewed","random","calendar",0.244453010248934,0.755546989751066,0,0.755546989751066,0.84833027763666,8
1119,21,8,"random","skewed","random","stacked",0.461120376106449,0.538879623893551,0,0.538879623893551,0.384174999142706,8
1120,21,8,"random","skewed","random","simple",0.224080267558528,0.775919732441471,0,0.267558528428094,1.5313674842078,8
1120,21,8,"random","skewed","random","group",0.380952380952381,0.619047619047619,0,0.238095238095238,1.5313674842078,8
1120,21,8,"random","skewed","random","dynamic",0.195271686698687,0.804728313301313,0,0.248782144792003,1.5313674842078,8
1120,21,8,"random","skewed","random","calendar",0.195271686698687,0.804728313301313,0,0.248782144792003,1.5313674842078,8
1120,21,8,"random","skewed","random","stacked",0.463215067118747,0.536784932881253,0,0.305519859819492,0.490220783522322,8
1121,21,8,"random","skewed","random","simple",0.242811501597444,0.757188498402556,0,0.271565495207668,1.5313674842078,8
1121,21,8,"random","skewed","random","group",0.380952380952381,0.619047619047619,0,0.238095238095238,1.5313674842078,8
1121,21,8,"random","skewed","random","dynamic",0.219444347452739,0.780555652547261,0,0.259727882558663,1.5313674842078,8
1121,21,8,"random","skewed","random","calendar",0.219444347452739,0.780555652547261,0,0.259727882558663,1.5313674842078,8
1121,21,8,"random","skewed","random","stacked",0.494472567906597,0.505527432093403,0,0.267398941220383,0.662604854918761,8
1122,21,8,"random","skewed","random","simple",0.53125,0.46875,0,0.46875,0.330913823440591,8
1122,21,8,"random","skewed","random","group",0.619047619047619,0.380952380952381,0,0.380952380952381,0.330913823440591,8
1122,21,8,"random","skewed","random","dynamic",0.506761801436724,0.493238198563276,0,0.493238198563276,0.330913823440591,8
1122,21,8,"random","skewed","random","calendar",0.506761801436724,0.493238198563276,0,0.493238198563276,0.330913823440591,8
1122,21,8,"random","skewed","random","stacked",0.614407443684487,0.385592556315513,0,0.385592556315513,0.304327082639462,8
1123,21,8,"random","skewed","random","simple",0.714714714714715,0.285285285285285,0,0,1.87680991261445,8
1123,21,8,"random","skewed","random","group",0.761904761904762,0.238095238095238,0,0,1.87680991261445,8
1123,21,8,"random","skewed","random","dynamic",0.715553518978442,0.284446481021558,0,0,1.87680991261445,8
1123,21,8,"random","skewed","random","calendar",0.715553518978442,0.284446481021558,0,0,1.87680991261445,8
1123,21,8,"random","skewed","random","stacked",0.813030576392942,0.186969423607058,0,0,1.77784383805991,8
1124,21,8,"random","skewed","random","simple",0.281967213114754,0.718032786885246,0,0.718032786885246,0.84833027763666,8
1124,21,8,"random","skewed","random","group",0.380952380952381,0.619047619047619,0,0.619047619047619,0.84833027763666,8
1124,21,8,"random","skewed","random","dynamic",0.244777316384644,0.755222683615356,0,0.755222683615356,0.84833027763666,8
1124,21,8,"random","skewed","random","calendar",0.244777316384644,0.755222683615356,0,0.755222683615356,0.84833027763666,8
1124,21,8,"random","skewed","random","stacked",0.474699386883759,0.525300613116241,0,0.525300613116241,0.384174999142706,8
1125,21,8,"random","skewed","random","simple",0.515151515151515,0.484848484848485,0,0.484848484848485,0.42225765384893,8
1125,21,8,"random","skewed","random","group",0.619047619047619,0.380952380952381,0,0.380952380952381,0.42225765384893,8
1125,21,8,"random","skewed","random","dynamic",0.469981254985125,0.530018745014875,0,0.530018745014875,0.42225765384893,8
1125,21,8,"random","skewed","random","calendar",0.469981254985125,0.530018745014875,0,0.530018745014875,0.42225765384893,8
1125,21,8,"random","skewed","random","stacked",0.661770179172738,0.338229820827262,0,0.338229820827262,0.388332039386984,8
1126,21,8,"random","skewed","random","simple",0.574285714285714,0.425714285714286,0,0,1.87680991261445,8
1126,21,8,"random","skewed","random","group",0.619047619047619,0.380952380952381,0,0,1.87680991261445,8
1126,21,8,"random","skewed","random","dynamic",0.583577476874691,0.416422523125309,0,0,1.87680991261445,8
1126,21,8,"random","skewed","random","calendar",0.583577476874691,0.416422523125309,0,0,1.87680991261445,8
1126,21,8,"random","skewed","random","stacked",0.623494344679788,0.376505655320212,0,0,1.77784383805991,8
1127,21,8,"random","skewed","random","simple",0.512544802867383,0.487455197132616,0,0.487455197132616,0.570742777277959,8
1127,21,8,"random","skewed","random","group",0.619047619047619,0.380952380952381,0,0.380952380952381,0.570742777277959,8
1127,21,8,"random","skewed","random","dynamic",0.456224293321361,0.543775706678639,0,0.543775706678639,0.570742777277959,8
1127,21,8,"random","skewed","random","calendar",0.456224293321361,0.543775706678639,0,0.543775706678639,0.570742777277959,8
1127,21,8,"random","skewed","random","stacked",0.693353472777981,0.306646527222019,0,0.306646527222019,0.524887363545659,8
1128,21,8,"random","skewed","random","simple",0.418803418803419,0.581196581196581,0,0.581196581196581,0.570742777277959,8
1128,21,8,"random","skewed","random","group",0.619047619047619,0.380952380952381,0,0.380952380952381,0.570742777277959,8
1128,21,8,"random","skewed","random","dynamic",0.332230563099257,0.667769436900743,0,0.667769436900743,0.570742777277959,8
1128,21,8,"random","skewed","random","calendar",0.332230563099257,0.667769436900743,0,0.667769436900743,0.570742777277959,8
1128,21,8,"random","skewed","random","stacked",0.682454210376037,0.317545789623963,0,0.317545789623963,0.524887363545659,8
1129,21,8,"random","skewed","random","simple",0.248322147651007,0.751677852348993,0,0.751677852348993,0.84833027763666,8
1129,21,8,"random","skewed","random","group",0.380952380952381,0.619047619047619,0,0.619047619047619,0.84833027763666,8
1129,21,8,"random","skewed","random","dynamic",0.222393094664767,0.777606905335233,0,0.777606905335233,0.84833027763666,8
1129,21,8,"random","skewed","random","calendar",0.222393094664767,0.777606905335234,0,0.777606905335234,0.84833027763666,8
1129,21,8,"random","skewed","random","stacked",0.438611560773399,0.561388439226601,0,0.561388439226601,0.780172541067144,8
1130,21,8,"random","skewed","random","simple",0.533333333333333,0,0.466666666666667,0.466666666666667,0.269611852350941,8
1130,21,8,"random","skewed","random","group",0.619047619047619,0,0.380952380952381,0.380952380952381,0.269611852350941,8
1130,21,8,"random","skewed","random","dynamic",0.505854055522344,0,0.494145944477656,0.494145944477656,0.269611852350941,8
1130,21,8,"random","skewed","random","calendar",0.505854055522344,0,0.494145944477656,0.494145944477656,0.269611852350941,8
1130,21,8,"random","skewed","random","stacked",0.610302283832444,0,0.389697716167556,0.389697716167556,0.247950320170634,8
1131,21,8,"random","skewed","random","simple",0.755700325732899,0.244299674267101,0,0.244299674267101,0.405560618505449,8
1131,21,8,"random","skewed","random","group",0.761904761904762,0.238095238095238,0,0.238095238095238,0.405560618505449,8
1131,21,8,"random","skewed","random","dynamic",0.785147517171511,0.214852482828489,0,0.214852482828489,0.405560618505449,8
1131,21,8,"random","skewed","random","calendar",0.785147517171511,0.214852482828489,0,0.214852482828489,0.405560618505449,8
1131,21,8,"random","skewed","random","stacked",0.66580554304729,0.33419445695271,0,0.33419445695271,0.384174999142706,8
1132,21,8,"random","skewed","random","simple",0.219931271477663,0.780068728522337,0,0.257731958762887,1.5313674842078,8
1132,21,8,"random","skewed","random","group",0.380952380952381,0.619047619047619,0,0.238095238095238,1.5313674842078,8
1132,21,8,"random","skewed","random","dynamic",0.187445749306186,0.812554250693814,0,0.231549205732439,1.5313674842078,8
1132,21,8,"random","skewed","random","calendar",0.187445749306186,0.812554250693814,0,0.231549205732439,1.5313674842078,8
1132,21,8,"random","skewed","random","stacked",0.45185190351473,0.54814809648527,0,0.327673244111494,0.384174999142706,8
1133,21,8,"random","skewed","random","simple",0.260586319218241,0.739413680781759,0,0.244299674267101,1.5313674842078,8
1133,21,8,"random","skewed","random","group",0.380952380952381,0.619047619047619,0,0.238095238095238,1.5313674842078,8
1133,21,8,"random","skewed","random","dynamic",0.21602403195812,0.78397596804188,0,0.220557558558618,1.5313674842078,8
1133,21,8,"random","skewed","random","calendar",0.21602403195812,0.78397596804188,0,0.220557558558618,1.5313674842078,8
1133,21,8,"random","skewed","random","stacked",0.515659179707775,0.484340820292225,0,0.289530382132852,0.384174999142706,8
1134,21,8,"random","skewed","random","simple",0.518072289156627,0.481927710843373,0,0.481927710843373,0.330913823440591,8
1134,21,8,"random","skewed","random","group",0.619047619047619,0.380952380952381,0,0.380952380952381,0.330913823440591,8
1134,21,8,"random","skewed","random","dynamic",0.489198536814636,0.510801463185364,0,0.510801463185364,0.330913823440591,8
1134,21,8,"random","skewed","random","calendar",0.489198536814636,0.510801463185364,0,0.510801463185364,0.330913823440591,8
1134,21,8,"random","skewed","random","stacked",0.619336346253318,0.380663653746682,0,0.380663653746682,0.304327082639462,8
1135,21,8,"random","skewed","random","simple",0.73134328358209,0.26865671641791,0,0,1.03969471120323,8
1135,21,8,"random","skewed","random","group",0.761904761904762,0.238095238095238,0,0,1.03969471120323,8
1135,21,8,"random","skewed","random","dynamic",0.738537602962912,0.261462397037087,0,0,1.03969471120323,8
1135,21,8,"random","skewed","random","calendar",0.738537602962912,0.261462397037087,0,0,1.03969471120323,8
1135,21,8,"random","skewed","random","stacked",0.769337819963582,0.230662180036418,0,0.230662180036418,0.98487056326405,8
1136,21,8,"random","skewed","random","simple",0.482014388489209,0.517985611510791,0,0.517985611510791,0.84833027763666,8
1136,21,8,"random","skewed","random","group",0.619047619047619,0.380952380952381,0,0.380952380952381,0.84833027763666,8
1136,21,8,"random","skewed","random","dynamic",0.419113793365599,0.580886206634401,0,0.580886206634401,0.84833027763666,8
1136,21,8,"random","skewed","random","calendar",0.419113793365599,0.580886206634401,0,0.580886206634401,0.84833027763666,8
1136,21,8,"random","skewed","random","stacked",0.725047502536818,0.274952497463183,0,0.274952497463183,0.780172541067144,8
1137,21,8,"random","skewed","random","simple",0.73134328358209,0.26865671641791,0,0,1.03969471120323,8
1137,21,8,"random","skewed","random","group",0.761904761904762,0.238095238095238,0,0,1.03969471120323,8
1137,21,8,"random","skewed","random","dynamic",0.741441958024775,0.258558041975225,0,0,1.03969471120323,8
1137,21,8,"random","skewed","random","calendar",0.741441958024776,0.258558041975225,0,0,1.03969471120323,8
1137,21,8,"random","skewed","random","stacked",0.751894536630673,0.248105463369327,0,0.248105463369327,0.98487056326405,8
1138,21,8,"random","skewed","random","simple",0.24375,0.75625,0,0,1.5313674842078,8
1138,21,8,"random","skewed","random","group",0.380952380952381,0.619047619047619,0,0,1.5313674842078,8
1138,21,8,"random","skewed","random","dynamic",0.226232570590563,0.773767429409437,0,0,1.5313674842078,8
1138,21,8,"random","skewed","random","calendar",0.226232570590563,0.773767429409437,0,0,1.5313674842078,8
1138,21,8,"random","skewed","random","stacked",0.504196313100339,0.495803686899661,0,0.233713537557559,1.4083322179545,8
1139,21,8,"random","skewed","random","simple",0.242811501597444,0.757188498402556,0,0.271565495207668,1.5313674842078,8
1139,21,8,"random","skewed","random","group",0.380952380952381,0.619047619047619,0,0.238095238095238,1.5313674842078,8
1139,21,8,"random","skewed","random","dynamic",0.220207187214683,0.779792812785317,0,0.259434482650223,1.5313674842078,8
1139,21,8,"random","skewed","random","calendar",0.220207187214683,0.779792812785317,0,0.259434482650223,1.5313674842078,8
1139,21,8,"random","skewed","random","stacked",0.488813787306017,0.511186212693983,0,0.270392155525149,0.662604854918761,8
1140,21,8,"random","skewed","random","simple",0.265573770491803,0.734426229508197,0,0.734426229508197,0.84833027763666,8
1140,21,8,"random","skewed","random","group",0.380952380952381,0.619047619047619,0,0.619047619047619,0.84833027763666,8
1140,21,8,"random","skewed","random","dynamic",0.234935445913258,0.765064554086742,0,0.765064554086742,0.84833027763666,8
1140,21,8,"random","skewed","random","calendar",0.234935445913258,0.765064554086742,0,0.765064554086742,0.84833027763666,8
1140,21,8,"random","skewed","random","stacked",0.476345318569762,0.523654681430238,0,0.523654681430238,0.780172541067144,8
1141,21,8,"random","skewed","random","simple",0.106707317073171,0.893292682926829,0,0.155487804878049,1.5313674842078,8
1141,21,8,"random","skewed","random","group",0.238095238095238,0.761904761904762,0,0.142857142857143,1.03969471120323,8
1141,21,8,"random","skewed","random","dynamic",0.0961190385664885,0.903880961433512,0,0.14974083816352,1.5313674842078,8
1141,21,8,"random","skewed","random","calendar",0.0961190385664885,0.903880961433511,0,0.14974083816352,1.5313674842078,8
1141,21,8,"random","skewed","random","stacked",0.336433681212798,0.663566318787202,0,0.405096956222801,0.98487056326405,8
1142,21,8,"random","skewed","random","simple",0.306060606060606,0.693939393939394,0,0.693939393939394,0.84833027763666,8
1142,21,8,"random","skewed","random","group",0.380952380952381,0.619047619047619,0,0.619047619047619,0.84833027763666,8
1142,21,8,"random","skewed","random","dynamic",0.286321434031702,0.713678565968298,0,0.713678565968298,0.84833027763666,8
1142,21,8,"random","skewed","random","calendar",0.286321434031702,0.713678565968298,0,0.713678565968298,0.84833027763666,8
1142,21,8,"random","skewed","random","stacked",0.486327564544161,0.513672435455839,0,0.513672435455839,0.780172541067144,8
1143,21,8,"random","skewed","random","simple",0.228956228956229,0.771043771043771,0,0.771043771043771,0.84833027763666,8
1143,21,8,"random","skewed","random","group",0.380952380952381,0.619047619047619,0,0.619047619047619,0.84833027763666,8
1143,21,8,"random","skewed","random","dynamic",0.21451579657204,0.78548420342796,0,0.78548420342796,0.84833027763666,8
1143,21,8,"random","skewed","random","calendar",0.21451579657204,0.78548420342796,0,0.78548420342796,0.84833027763666,8
1143,21,8,"random","skewed","random","stacked",0.408612217099169,0.591387782900831,0,0.591387782900831,0.780172541067144,8
1144,21,8,"random","skewed","random","simple",0.723926380368098,0.276073619631902,0,0,1.03969471120323,8
1144,21,8,"random","skewed","random","group",0.761904761904762,0.238095238095238,0,0,1.03969471120323,8
1144,21,8,"random","skewed","random","dynamic",0.734960067022761,0.265039932977239,0,0,1.03969471120323,8
1144,21,8,"random","skewed","random","calendar",0.734960067022761,0.265039932977239,0,0,1.03969471120323,8
1144,21,8,"random","skewed","random","stacked",0.728299195313836,0.271700804686164,0,0.271700804686164,0.98487056326405,8
1145,21,8,"random","skewed","random","simple",0.590659340659341,0.409340659340659,0,0,1.87680991261445,8
1145,21,8,"random","skewed","random","group",0.619047619047619,0.380952380952381,0,0,1.87680991261445,8
1145,21,8,"random","skewed","random","dynamic",0.599917346155736,0.400082653844264,0,0,1.87680991261445,8
1145,21,8,"random","skewed","random","calendar",0.599917346155736,0.400082653844264,0,0,1.87680991261445,8
1145,21,8,"random","skewed","random","stacked",0.622683827518835,0.377316172481165,0,0,1.77784383805991,8
1146,21,8,"random","skewed","random","simple",0.692832764505119,0.307167235494881,0,0,1.03969471120323,8
1146,21,8,"random","skewed","random","group",0.761904761904762,0.238095238095238,0,0,1.03969471120323,8
1146,21,8,"random","skewed","random","dynamic",0.698132102031096,0.301867897968904,0,0,1.03969471120323,8
1146,21,8,"random","skewed","random","calendar",0.698132102031096,0.301867897968904,0,0,1.03969471120323,8
1146,21,8,"random","skewed","random","stacked",0.7413335000812,0.2586664999188,0,0.2586664999188,0.98487056326405,8
1147,21,8,"random","skewed","random","simple",0.196013289036545,0.803986710963455,0,0,1.5313674842078,8
1147,21,8,"random","skewed","random","group",0.380952380952381,0.619047619047619,0,0,1.5313674842078,8
1147,21,8,"random","skewed","random","dynamic",0.166628484265359,0.833371515734641,0,0,1.5313674842078,8
1147,21,8,"random","skewed","random","calendar",0.166628484265359,0.833371515734641,0,0,1.5313674842078,8
1147,21,8,"random","skewed","random","stacked",0.545983237622212,0.454016762377788,0,0.214015882595114,1.4083322179545,8
1148,21,8,"random","skewed","random","simple",0.303225806451613,0.696774193548387,0,0.696774193548387,0.570742777277959,8
1148,21,8,"random","skewed","random","group",0.380952380952381,0.619047619047619,0,0.619047619047619,0.570742777277959,8
1148,21,8,"random","skewed","random","dynamic",0.282423438931816,0.717576561068184,0,0.717576561068184,0.570742777277959,8
1148,21,8,"random","skewed","random","calendar",0.282423438931816,0.717576561068184,0,0.717576561068184,0.570742777277959,8
1148,21,8,"random","skewed","random","stacked",0.450266310038538,0.549733689961462,0,0.549733689961462,0.524887363545659,8
1149,21,8,"random","skewed","random","simple",0.587570621468927,0.412429378531073,0,0.144067796610169,1.87680991261445,8
1149,21,8,"random","skewed","random","group",0.619047619047619,0.380952380952381,0,0.142857142857143,1.87680991261445,8
1149,21,8,"random","skewed","random","dynamic",0.597411968836117,0.402588031163883,0,0.136547434763379,1.87680991261445,8
1149,21,8,"random","skewed","random","calendar",0.597411968836118,0.402588031163883,0,0.136547434763379,1.87680991261445,8
1149,21,8,"random","skewed","random","stacked",0.612579415048801,0.387420584951199,0,0.200853072453238,0.854271745308325,8
1150,21,8,"random","skewed","random","simple",0.434944237918216,0.565055762081784,0,0,1.5313674842078,8
1150,21,8,"random","skewed","random","group",0.619047619047619,0.380952380952381,0,0,1.5313674842078,8
1150,21,8,"random","skewed","random","dynamic",0.353232191377865,0.646767808622135,0,0,1.5313674842078,8
1150,21,8,"random","skewed","random","calendar",0.353232191377865,0.646767808622135,0,0,1.5313674842078,8
1150,21,8,"random","skewed","random","stacked",0.798621072849201,0.201378927150799,0,0,1.4083322179545,8
1151,21,8,"random","skewed","random","simple",0.566860465116279,0.433139534883721,0,0,1.87680991261445,8
1151,21,8,"random","skewed","random","group",0.619047619047619,0.380952380952381,0,0,1.87680991261445,8
1151,21,8,"random","skewed","random","dynamic",0.577282327235888,0.422717672764112,0,0,1.87680991261445,8
1151,21,8,"random","skewed","random","calendar",0.577282327235888,0.422717672764112,0,0,1.87680991261445,8
1151,21,8,"random","skewed","random","stacked",0.590985850698892,0.409014149301108,0,0,1.77784383805991,8
1152,21,8,"random","skewed","random","simple",0.26530612244898,0.73469387755102,0,0.73469387755102,0.570742777277959,8
1152,21,8,"random","skewed","random","group",0.380952380952381,0.619047619047619,0,0.619047619047619,0.570742777277959,8
1152,21,8,"random","skewed","random","dynamic",0.246705033922754,0.753294966077246,0,0.753294966077246,0.570742777277959,8
1152,21,8,"random","skewed","random","calendar",0.246705033922754,0.753294966077246,0,0.753294966077246,0.570742777277959,8
1152,21,8,"random","skewed","random","stacked",0.42033115634032,0.57966884365968,0,0.57966884365968,0.524887363545659,8
1153,21,8,"random","skewed","random","simple",1,0,0,0,NA,8
1153,21,8,"random","skewed","random","group",1,0,0,0,NA,8
1153,21,8,"random","skewed","random","dynamic",1,0,0,0,NA,8
1153,21,8,"random","skewed","random","calendar",1,0,0,0,NA,8
1153,21,8,"random","skewed","random","stacked",1,0,0,0,NA,8
1154,21,8,"random","skewed","random","simple",0.728915662650602,0.271084337349398,0,0,1.03969471120323,8
1154,21,8,"random","skewed","random","group",0.761904761904762,0.238095238095238,0,0,1.03969471120323,8
1154,21,8,"random","skewed","random","dynamic",0.738118143681224,0.261881856318776,0,0,1.03969471120323,8
1154,21,8,"random","skewed","random","calendar",0.738118143681224,0.261881856318776,0,0,1.03969471120323,8
1154,21,8,"random","skewed","random","stacked",0.752789671923999,0.247210328076001,0,0.247210328076001,0.98487056326405,8
1155,21,8,"random","skewed","random","simple",0.592485549132948,0.407514450867052,0,0.147398843930636,1.03969471120323,8
1155,21,8,"random","skewed","random","group",0.619047619047619,0.380952380952381,0,0.142857142857143,1.03969471120323,8
1155,21,8,"random","skewed","random","dynamic",0.611404397116471,0.388595602883529,0,0.138511812619785,1.03969471120323,8
1155,21,8,"random","skewed","random","calendar",0.611404397116472,0.388595602883529,0,0.138511812619785,1.03969471120323,8
1155,21,8,"random","skewed","random","stacked",0.587592521092241,0.412407478907759,0,0.412407478907759,0.98487056326405,8
1156,21,8,"random","skewed","random","simple",0.268370607028754,0.731629392971246,0,0.731629392971246,0.84833027763666,8
1156,21,8,"random","skewed","random","group",0.380952380952381,0.619047619047619,0,0.619047619047619,0.84833027763666,8
1156,21,8,"random","skewed","random","dynamic",0.251130003658383,0.748869996341617,0,0.748869996341617,0.84833027763666,8
1156,21,8,"random","skewed","random","calendar",0.251130003658384,0.748869996341617,0,0.748869996341617,0.84833027763666,8
1156,21,8,"random","skewed","random","stacked",0.449412400836754,0.550587599163246,0,0.550587599163246,0.780172541067144,8
1157,21,8,"random","skewed","random","simple",1,0,0,0,NA,8
1157,21,8,"random","skewed","random","group",1,0,0,0,NA,8
1157,21,8,"random","skewed","random","dynamic",1,0,0,0,NA,8
1157,21,8,"random","skewed","random","calendar",1,0,0,0,NA,8
1157,21,8,"random","skewed","random","stacked",1,0,0,0,NA,8
1158,21,8,"random","skewed","random","simple",0.524475524475524,0.475524475524476,0,0.475524475524476,0.570742777277959,8
1158,21,8,"random","skewed","random","group",0.619047619047619,0.380952380952381,0,0.380952380952381,0.570742777277959,8
1158,21,8,"random","skewed","random","dynamic",0.464921642229965,0.535078357770035,0,0.535078357770035,0.570742777277959,8
1158,21,8,"random","skewed","random","calendar",0.464921642229965,0.535078357770035,0,0.535078357770035,0.570742777277959,8
1158,21,8,"random","skewed","random","stacked",0.705743570837931,0.294256429162069,0,0.294256429162069,0.524887363545659,8
1159,21,8,"random","skewed","random","simple",0.259375,0.740625,0,0.265625,1.5313674842078,8
1159,21,8,"random","skewed","random","group",0.380952380952381,0.619047619047619,0,0.238095238095238,1.5313674842078,8
1159,21,8,"random","skewed","random","dynamic",0.234469558829996,0.765530441170004,0,0.253948955105872,1.5313674842078,8
1159,21,8,"random","skewed","random","calendar",0.234469558829996,0.765530441170005,0,0.253948955105872,1.5313674842078,8
1159,21,8,"random","skewed","random","stacked",0.512214558881095,0.487785441118905,0,0.258014307864134,0.662604854918761,8
1160,21,8,"random","skewed","random","simple",0.25077399380805,0.74922600619195,0,0,1.5313674842078,8
1160,21,8,"random","skewed","random","group",0.380952380952381,0.619047619047619,0,0,1.5313674842078,8
1160,21,8,"random","skewed","random","dynamic",0.221512533914766,0.778487466085234,0,0,1.5313674842078,8
1160,21,8,"random","skewed","random","calendar",0.221512533914766,0.778487466085234,0,0,1.5313674842078,8
1160,21,8,"random","skewed","random","stacked",0.576397998597947,0.423602001402053,0,0.199678874683663,1.4083322179545,8
1161,21,8,"random","skewed","random","simple",0.240802675585284,0.759197324414716,0,0.250836120401338,1.5313674842078,8
1161,21,8,"random","skewed","random","group",0.380952380952381,0.619047619047619,0,0.238095238095238,1.5313674842078,8
1161,21,8,"random","skewed","random","dynamic",0.205409259733441,0.794590740266559,0,0.224640163260417,1.5313674842078,8
1161,21,8,"random","skewed","random","calendar",0.205409259733441,0.794590740266559,0,0.224640163260417,1.5313674842078,8
1161,21,8,"random","skewed","random","stacked",0.468957771779063,0.531042228220937,0,0.317447658392127,0.384174999142706,8
1162,21,8,"random","skewed","random","simple",0.517587939698492,0,0.482412060301508,0.482412060301508,0.193397730187677,8
1162,21,8,"random","skewed","random","group",0.619047619047619,0,0.380952380952381,0.380952380952381,0.193397730187677,8
1162,21,8,"random","skewed","random","dynamic",0.462210421730546,0,0.537789578269455,0.537789578269455,0.193397730187677,8
1162,21,8,"random","skewed","random","calendar",0.462210421730546,0,0.537789578269455,0.537789578269455,0.193397730187677,8
1162,21,8,"random","skewed","random","stacked",0.593598063419899,0,0.406401936580101,0.406401936580101,0.177859499507055,8
1163,21,8,"random","skewed","random","simple",0.237942122186495,0.762057877813505,0,0.273311897106109,1.5313674842078,8
1163,21,8,"random","skewed","random","group",0.380952380952381,0.619047619047619,0,0.238095238095238,1.5313674842078,8
1163,21,8,"random","skewed","random","dynamic",0.211903953640551,0.788096046359449,0,0.262628034024889,1.5313674842078,8
1163,21,8,"random","skewed","random","calendar",0.211903953640551,0.788096046359449,0,0.262628034024889,1.5313674842078,8
1163,21,8,"random","skewed","random","stacked",0.508433877595231,0.491566122404769,0,0.26001410077101,0.662604854918761,8
1164,21,8,"random","skewed","random","simple",0.496062992125984,0.503937007874016,0,0.503937007874016,0.42225765384893,8
1164,21,8,"random","skewed","random","group",0.619047619047619,0.380952380952381,0,0.380952380952381,0.42225765384893,8
1164,21,8,"random","skewed","random","dynamic",0.439672522180262,0.560327477819738,0,0.560327477819738,0.42225765384893,8
1164,21,8,"random","skewed","random","calendar",0.439672522180262,0.560327477819738,0,0.560327477819738,0.42225765384893,8
1164,21,8,"random","skewed","random","stacked",0.653230841844298,0.346769158155702,0,0.346769158155702,0.388332039386984,8
1165,21,8,"random","skewed","random","simple",0.744408945686901,0.255591054313099,0,0.255591054313099,0.517509584468528,8
1165,21,8,"random","skewed","random","group",0.761904761904762,0.238095238095238,0,0.238095238095238,0.517509584468528,8
1165,21,8,"random","skewed","random","dynamic",0.768269384339431,0.231730615660569,0,0.231730615660569,0.517509584468528,8
1165,21,8,"random","skewed","random","calendar",0.768269384339431,0.231730615660569,0,0.231730615660569,0.517509584468528,8
1165,21,8,"random","skewed","random","stacked",0.679054303441182,0.320945696558818,0,0.320945696558818,0.490220783522322,8
1166,21,8,"random","skewed","random","simple",0.746031746031746,0.253968253968254,0,0.253968253968254,0.517509584468528,8
1166,21,8,"random","skewed","random","group",0.761904761904762,0.238095238095238,0,0.238095238095238,0.517509584468528,8
1166,21,8,"random","skewed","random","dynamic",0.76820070302075,0.231799296979251,0,0.231799296979251,0.517509584468528,8
1166,21,8,"random","skewed","random","calendar",0.768200703020749,0.231799296979251,0,0.231799296979251,0.517509584468528,8
1166,21,8,"random","skewed","random","stacked",0.690028313797837,0.309971686202163,0,0.309971686202163,0.490220783522322,8
1167,21,8,"random","skewed","random","simple",0.247422680412371,0.752577319587629,0,0.752577319587629,0.84833027763666,8
1167,21,8,"random","skewed","random","group",0.380952380952381,0.619047619047619,0,0.619047619047619,0.84833027763666,8
1167,21,8,"random","skewed","random","dynamic",0.207856890319481,0.792143109680519,0,0.792143109680519,0.84833027763666,8
1167,21,8,"random","skewed","random","calendar",0.207856890319481,0.792143109680519,0,0.792143109680519,0.84833027763666,8
1167,21,8,"random","skewed","random","stacked",0.463734227041531,0.536265772958469,0,0.536265772958469,0.384174999142706,8
1168,21,8,"random","skewed","random","simple",0.27027027027027,0.72972972972973,0,0.72972972972973,0.570742777277959,8
1168,21,8,"random","skewed","random","group",0.380952380952381,0.619047619047619,0,0.619047619047619,0.570742777277959,8
1168,21,8,"random","skewed","random","dynamic",0.253340639661437,0.746659360338563,0,0.746659360338563,0.570742777277959,8
1168,21,8,"random","skewed","random","calendar",0.253340639661437,0.746659360338563,0,0.746659360338563,0.570742777277959,8
1168,21,8,"random","skewed","random","stacked",0.407873396395766,0.592126603604234,0,0.592126603604234,0.524887363545659,8
1169,21,8,"random","skewed","random","simple",0.718543046357616,0.281456953642384,0,0.281456953642384,0.699489647648167,8
1169,21,8,"random","skewed","random","group",0.761904761904762,0.238095238095238,0,0.238095238095238,0.699489647648167,8
1169,21,8,"random","skewed","random","dynamic",0.733276961256837,0.266723038743163,0,0.266723038743163,0.699489647648167,8
1169,21,8,"random","skewed","random","calendar",0.733276961256838,0.266723038743163,0,0.266723038743163,0.699489647648167,8
1169,21,8,"random","skewed","random","stacked",0.704857915190724,0.295142084809276,0,0.295142084809276,0.662604854918761,8
1170,21,8,"random","skewed","random","simple",0.261682242990654,0.738317757009346,0,0.264797507788162,1.5313674842078,8
1170,21,8,"random","skewed","random","group",0.380952380952381,0.619047619047619,0,0.238095238095238,1.5313674842078,8
1170,21,8,"random","skewed","random","dynamic",0.237156520041073,0.762843479958927,0,0.252915508486227,1.5313674842078,8
1170,21,8,"random","skewed","random","calendar",0.237156520041073,0.762843479958927,0,0.252915508486227,1.5313674842078,8
1170,21,8,"random","skewed","random","stacked",0.507707384486457,0.492292615513543,0,0.26039837959696,0.662604854918761,8
1171,21,8,"random","skewed","random","simple",0.724025974025974,0.275974025974026,0,0.275974025974026,0.699489647648167,8
1171,21,8,"random","skewed","random","group",0.761904761904762,0.238095238095238,0,0.238095238095238,0.699489647648167,8
1171,21,8,"random","skewed","random","dynamic",0.738383170407164,0.261616829592836,0,0.261616829592836,0.699489647648167,8
1171,21,8,"random","skewed","random","calendar",0.738383170407164,0.261616829592836,0,0.261616829592836,0.699489647648167,8
1171,21,8,"random","skewed","random","stacked",0.713363374005877,0.286636625994123,0,0.286636625994123,0.662604854918761,8
1172,21,8,"random","skewed","random","simple",0.263665594855305,0.736334405144695,0,0.736334405144695,0.84833027763666,8
1172,21,8,"random","skewed","random","group",0.380952380952381,0.619047619047619,0,0.619047619047619,0.84833027763666,8
1172,21,8,"random","skewed","random","dynamic",0.23890209592609,0.76109790407391,0,0.76109790407391,0.84833027763666,8
1172,21,8,"random","skewed","random","calendar",0.23890209592609,0.76109790407391,0,0.76109790407391,0.84833027763666,8
1172,21,8,"random","skewed","random","stacked",0.48211041661249,0.51788958338751,0,0.51788958338751,0.780172541067144,8
1173,21,8,"random","skewed","random","simple",0.727793696275072,0.272206303724928,0,0,1.87680991261445,8
1173,21,8,"random","skewed","random","group",0.761904761904762,0.238095238095238,0,0,1.87680991261445,8
1173,21,8,"random","skewed","random","dynamic",0.728289036599795,0.271710963400205,0,0,1.87680991261445,8
1173,21,8,"random","skewed","random","calendar",0.728289036599795,0.271710963400205,0,0,1.87680991261445,8
1173,21,8,"random","skewed","random","stacked",0.82482935118464,0.17517064881536,0,0,1.77784383805991,8
1174,21,8,"random","skewed","random","simple",0.594005449591281,0.405994550408719,0,0,1.87680991261445,8
1174,21,8,"random","skewed","random","group",0.619047619047619,0.380952380952381,0,0,1.87680991261445,8
1174,21,8,"random","skewed","random","dynamic",0.603647504885895,0.396352495114105,0,0,1.87680991261445,8
1174,21,8,"random","skewed","random","calendar",0.603647504885895,0.396352495114105,0,0,1.87680991261445,8
1174,21,8,"random","skewed","random","stacked",0.622683827518836,0.377316172481165,0,0,1.77784383805991,8
1175,21,8,"random","skewed","random","simple",0.470588235294118,0.529411764705882,0,0.529411764705882,0.84833027763666,8
1175,21,8,"random","skewed","random","group",0.619047619047619,0.380952380952381,0,0.380952380952381,0.84833027763666,8
1175,21,8,"random","skewed","random","dynamic",0.390559123634459,0.609440876365541,0,0.609440876365541,0.84833027763666,8
1175,21,8,"random","skewed","random","calendar",0.390559123634459,0.609440876365541,0,0.609440876365541,0.84833027763666,8
1175,21,8,"random","skewed","random","stacked",0.746810726971244,0.253189273028757,0,0.253189273028757,0.780172541067144,8
1176,21,8,"random","skewed","random","simple",0.480916030534351,0.519083969465649,0,0.519083969465649,0.570742777277959,8
1176,21,8,"random","skewed","random","group",0.619047619047619,0.380952380952381,0,0.380952380952381,0.570742777277959,8
1176,21,8,"random","skewed","random","dynamic",0.424204842689636,0.575795157310364,0,0.575795157310364,0.570742777277959,8
1176,21,8,"random","skewed","random","calendar",0.424204842689636,0.575795157310364,0,0.575795157310364,0.570742777277959,8
1176,21,8,"random","skewed","random","stacked",0.686931895320962,0.313068104679038,0,0.313068104679038,0.524887363545659,8
1177,21,8,"random","skewed","random","simple",0.114803625377644,0.885196374622357,0,0.154078549848943,1.5313674842078,8
1177,21,8,"random","skewed","random","group",0.238095238095238,0.761904761904762,0,0.142857142857143,1.03969471120323,8
1177,21,8,"random","skewed","random","dynamic",0.0997250608461298,0.90027493915387,0,0.149064708986088,1.5313674842078,8
1177,21,8,"random","skewed","random","calendar",0.0997250608461298,0.90027493915387,0,0.149064708986088,1.5313674842078,8
1177,21,8,"random","skewed","random","stacked",0.383030849147046,0.616969150852954,0,0.376650107182502,0.98487056326405,8
1178,21,8,"random","skewed","random","simple",0.580357142857143,0.419642857142857,0,0.151785714285714,1.03969471120323,8
1178,21,8,"random","skewed","random","group",0.619047619047619,0.380952380952381,0,0.142857142857143,1.03969471120323,8
1178,21,8,"random","skewed","random","dynamic",0.602191167965162,0.397808832034838,0,0.141966773551526,1.03969471120323,8
1178,21,8,"random","skewed","random","calendar",0.602191167965162,0.397808832034838,0,0.141966773551526,1.03969471120323,8
1178,21,8,"random","skewed","random","stacked",0.519593102065454,0.480406897934546,0,0.480406897934546,0.98487056326405,8
1179,21,8,"random","skewed","random","simple",0.482758620689655,0.517241379310345,0,0.517241379310345,0.330913823440591,8
1179,21,8,"random","skewed","random","group",0.619047619047619,0.380952380952381,0,0.380952380952381,0.330913823440591,8
1179,21,8,"random","skewed","random","dynamic",0.451306798922898,0.548693201077102,0,0.548693201077102,0.330913823440591,8
1179,21,8,"random","skewed","random","calendar",0.451306798922898,0.548693201077102,0,0.548693201077102,0.330913823440591,8
1179,21,8,"random","skewed","random","stacked",0.605449128151857,0.394550871848143,0,0.394550871848143,0.304327082639462,8
1180,21,8,"random","skewed","random","simple",0.25177304964539,0.74822695035461,0,0.74822695035461,0.570742777277959,8
1180,21,8,"random","skewed","random","group",0.380952380952381,0.619047619047619,0,0.619047619047619,0.570742777277959,8
1180,21,8,"random","skewed","random","dynamic",0.220652445704804,0.779347554295196,0,0.779347554295196,0.570742777277959,8
1180,21,8,"random","skewed","random","calendar",0.220652445704804,0.779347554295196,0,0.779347554295196,0.570742777277959,8
1180,21,8,"random","skewed","random","stacked",0.430315094107575,0.569684905892425,0,0.569684905892425,0.524887363545659,8
1181,21,8,"random","skewed","random","simple",0.218430034129693,0.781569965870307,0,0.781569965870307,0.84833027763666,8
1181,21,8,"random","skewed","random","group",0.380952380952381,0.619047619047619,0,0.619047619047619,0.84833027763666,8
1181,21,8,"random","skewed","random","dynamic",0.190736986802518,0.809263013197482,0,0.809263013197482,0.84833027763666,8
1181,21,8,"random","skewed","random","calendar",0.190736986802518,0.809263013197482,0,0.809263013197482,0.84833027763666,8
1181,21,8,"random","skewed","random","stacked",0.474983862249445,0.525016137750555,0,0.525016137750555,0.780172541067144,8
1182,21,8,"random","skewed","random","simple",0.270440251572327,0.729559748427673,0,0.251572327044025,1.5313674842078,8
1182,21,8,"random","skewed","random","group",0.380952380952381,0.619047619047619,0,0.238095238095238,1.5313674842078,8
1182,21,8,"random","skewed","random","dynamic",0.238169178105222,0.761830821894778,0,0.232283109635643,1.5313674842078,8
1182,21,8,"random","skewed","random","calendar",0.238169178105222,0.761830821894778,0,0.232283109635643,1.5313674842078,8
1182,21,8,"random","skewed","random","stacked",0.500807007800387,0.499192992199613,0,0.28412379643569,0.490220783522322,8
1183,21,8,"random","skewed","random","simple",0.252595155709343,0.747404844290657,0,0.747404844290657,0.570742777277959,8
1183,21,8,"random","skewed","random","group",0.380952380952381,0.619047619047619,0,0.619047619047619,0.570742777277959,8
1183,21,8,"random","skewed","random","dynamic",0.232712945859458,0.767287054140542,0,0.767287054140542,0.570742777277959,8
1183,21,8,"random","skewed","random","calendar",0.232712945859458,0.767287054140542,0,0.767287054140542,0.570742777277959,8
1183,21,8,"random","skewed","random","stacked",0.410828659209449,0.589171340790551,0,0.589171340790551,0.524887363545659,8
1184,21,8,"random","skewed","random","simple",0.179930795847751,0.820069204152249,0,0.294117647058824,1.5313674842078,8
1184,21,8,"random","skewed","random","group",0.380952380952381,0.619047619047619,0,0.238095238095238,1.5313674842078,8
1184,21,8,"random","skewed","random","dynamic",0.146742274933981,0.853257725066019,0,0.287690218142801,1.5313674842078,8
1184,21,8,"random","skewed","random","calendar",0.146742274933981,0.853257725066019,0,0.287690218142801,1.5313674842078,8
1184,21,8,"random","skewed","random","stacked",0.512124503769108,0.487875496230892,0,0.25806194255232,0.662604854918761,8
1185,21,8,"random","skewed","random","simple",0.162857142857143,0.837142857142857,0,0.145714285714286,1.5313674842078,8
1185,21,8,"random","skewed","random","group",0.238095238095238,0.761904761904762,0,0.142857142857143,1.03969471120323,8
1185,21,8,"random","skewed","random","dynamic",0.149128238553039,0.850871761446961,0,0.139801613166042,1.5313674842078,8
1185,21,8,"random","skewed","random","calendar",0.149128238553039,0.850871761446961,0,0.139801613166042,1.5313674842078,8
1185,21,8,"random","skewed","random","stacked",0.389847312126293,0.610152687873707,0,0.372488762148979,0.98487056326405,8
1186,21,8,"random","skewed","random","simple",0.758842443729904,0.241157556270096,0,0.241157556270096,0.405560618505449,8
1186,21,8,"random","skewed","random","group",0.761904761904762,0.238095238095238,0,0.238095238095238,0.405560618505449,8
1186,21,8,"random","skewed","random","dynamic",0.789721452008604,0.210278547991396,0,0.210278547991396,0.405560618505449,8
1186,21,8,"random","skewed","random","calendar",0.789721452008604,0.210278547991396,0,0.210278547991396,0.405560618505449,8
1186,21,8,"random","skewed","random","stacked",0.65284525169184,0.34715474830816,0,0.34715474830816,0.384174999142706,8
1187,21,8,"random","skewed","random","simple",0.279761904761905,0.720238095238095,0,0,1.5313674842078,8
1187,21,8,"random","skewed","random","group",0.380952380952381,0.619047619047619,0,0,1.5313674842078,8
1187,21,8,"random","skewed","random","dynamic",0.25899769418386,0.74100230581614,0,0,1.5313674842078,8
1187,21,8,"random","skewed","random","calendar",0.25899769418386,0.74100230581614,0,0,1.5313674842078,8
1187,21,8,"random","skewed","random","stacked",0.5379718854002,0.4620281145998,0,0.217792299588166,1.4083322179545,8
1188,21,8,"random","skewed","random","simple",0.736842105263158,0.263157894736842,0,0.263157894736842,0.699489647648167,8
1188,21,8,"random","skewed","random","group",0.761904761904762,0.238095238095238,0,0.238095238095238,0.699489647648167,8
1188,21,8,"random","skewed","random","dynamic",0.751547089821084,0.248452910178916,0,0.248452910178916,0.699489647648167,8
1188,21,8,"random","skewed","random","calendar",0.751547089821084,0.248452910178916,0,0.248452910178916,0.699489647648167,8
1188,21,8,"random","skewed","random","stacked",0.732431938331419,0.267568061668581,0,0.267568061668581,0.662604854918761,8
1189,21,8,"random","skewed","random","simple",0.738461538461539,0.261538461538462,0,0.261538461538462,0.699489647648167,8
1189,21,8,"random","skewed","random","group",0.761904761904762,0.238095238095238,0,0.238095238095238,0.699489647648167,8
1189,21,8,"random","skewed","random","dynamic",0.755301822145862,0.244698177854138,0,0.244698177854138,0.699489647648167,8
1189,21,8,"random","skewed","random","calendar",0.755301822145862,0.244698177854138,0,0.244698177854138,0.699489647648167,8
1189,21,8,"random","skewed","random","stacked",0.715328684104533,0.284671315895467,0,0.284671315895467,0.662604854918761,8
1190,21,8,"random","skewed","random","simple",0.535269709543568,0,0.464730290456432,0.464730290456432,0.269611852350941,8
1190,21,8,"random","skewed","random","group",0.619047619047619,0,0.380952380952381,0.380952380952381,0.269611852350941,8
1190,21,8,"random","skewed","random","dynamic",0.483798566660132,0,0.516201433339868,0.516201433339868,0.269611852350941,8
1190,21,8,"random","skewed","random","calendar",0.483798566660132,0,0.516201433339868,0.516201433339868,0.269611852350941,8
1190,21,8,"random","skewed","random","stacked",0.634488012875956,0,0.365511987124044,0.365511987124044,0.247950320170634,8
1191,21,8,"random","skewed","random","simple",0.234113712374582,0.765886287625418,0,0.765886287625418,0.84833027763666,8
1191,21,8,"random","skewed","random","group",0.380952380952381,0.619047619047619,0,0.619047619047619,0.84833027763666,8
1191,21,8,"random","skewed","random","dynamic",0.207677486199158,0.792322513800842,0,0.792322513800842,0.84833027763666,8
1191,21,8,"random","skewed","random","calendar",0.207677486199158,0.792322513800842,0,0.792322513800842,0.84833027763666,8
1191,21,8,"random","skewed","random","stacked",0.481392324329826,0.518607675670174,0,0.518607675670174,0.780172541067144,8
1192,21,8,"random","skewed","random","simple",0.580459770114943,0.419540229885057,0,0.146551724137931,1.87680991261445,8
1192,21,8,"random","skewed","random","group",0.619047619047619,0.380952380952381,0,0.142857142857143,1.87680991261445,8
1192,21,8,"random","skewed","random","dynamic",0.590390247867028,0.409609752132972,0,0.139180580126788,1.87680991261445,8
1192,21,8,"random","skewed","random","calendar",0.590390247867028,0.409609752132972,0,0.139180580126788,1.87680991261445,8
1192,21,8,"random","skewed","random","stacked",0.603177310406423,0.396822689593577,0,0.205727469112327,0.854271745308325,8
1193,21,8,"random","skewed","random","simple",0.725609756097561,0.274390243902439,0,0,1.03969471120323,8
1193,21,8,"random","skewed","random","group",0.761904761904762,0.238095238095238,0,0,1.03969471120323,8
1193,21,8,"random","skewed","random","dynamic",0.734113186435168,0.265886813564832,0,0,1.03969471120323,8
1193,21,8,"random","skewed","random","calendar",0.734113186435168,0.265886813564832,0,0,1.03969471120323,8
1193,21,8,"random","skewed","random","stacked",0.762412740775017,0.237587259224983,0,0.237587259224983,0.98487056326405,8
1194,21,8,"random","skewed","random","simple",0.23826714801444,0.76173285198556,0,0.76173285198556,0.570742777277959,8
1194,21,8,"random","skewed","random","group",0.380952380952381,0.619047619047619,0,0.619047619047619,0.570742777277959,8
1194,21,8,"random","skewed","random","dynamic",0.210736146883934,0.789263853116066,0,0.789263853116066,0.570742777277959,8
1194,21,8,"random","skewed","random","calendar",0.210736146883934,0.789263853116066,0,0.789263853116066,0.570742777277959,8
1194,21,8,"random","skewed","random","stacked",0.404164833696487,0.595835166303513,0,0.595835166303513,0.524887363545659,8
1195,21,8,"random","skewed","random","simple",0.709480122324159,0.290519877675841,0,0,1.87680991261445,8
1195,21,8,"random","skewed","random","group",0.761904761904762,0.238095238095238,0,0,1.87680991261445,8
1195,21,8,"random","skewed","random","dynamic",0.7092530534481,0.2907469465519,0,0,1.87680991261445,8
1195,21,8,"random","skewed","random","calendar",0.7092530534481,0.2907469465519,0,0,1.87680991261445,8
1195,21,8,"random","skewed","random","stacked",0.81770807531087,0.18229192468913,0,0,1.77784383805991,8
1196,21,8,"random","skewed","random","simple",0.733542319749216,0.266457680250784,0,0.266457680250784,0.699489647648167,8
1196,21,8,"random","skewed","random","group",0.761904761904762,0.238095238095238,0,0.238095238095238,0.699489647648167,8
1196,21,8,"random","skewed","random","dynamic",0.751665374314368,0.248334625685632,0,0.248334625685632,0.699489647648167,8
1196,21,8,"random","skewed","random","calendar",0.751665374314368,0.248334625685632,0,0.248334625685632,0.699489647648167,8
1196,21,8,"random","skewed","random","stacked",0.694796193681051,0.305203806318949,0,0.305203806318949,0.662604854918761,8
1197,21,8,"random","skewed","random","simple",0.241379310344828,0.758620689655172,0,0,1.5313674842078,8
1197,21,8,"random","skewed","random","group",0.380952380952381,0.619047619047619,0,0,1.5313674842078,8
1197,21,8,"random","skewed","random","dynamic",0.214081676068396,0.785918323931604,0,0,1.5313674842078,8
1197,21,8,"random","skewed","random","calendar",0.214081676068396,0.785918323931604,0,0,1.5313674842078,8
1197,21,8,"random","skewed","random","stacked",0.564081356590763,0.435918643409237,0,0.205484733031207,1.4083322179545,8
1198,21,8,"random","skewed","random","simple",0.224913494809689,0.775086505190311,0,0.775086505190311,0.84833027763666,8
1198,21,8,"random","skewed","random","group",0.380952380952381,0.619047619047619,0,0.619047619047619,0.84833027763666,8
1198,21,8,"random","skewed","random","dynamic",0.194780217155088,0.805219782844912,0,0.805219782844912,0.84833027763666,8
1198,21,8,"random","skewed","random","calendar",0.194780217155088,0.805219782844912,0,0.805219782844912,0.84833027763666,8
1198,21,8,"random","skewed","random","stacked",0.458472692683877,0.541527307316123,0,0.541527307316123,0.780172541067144,8
1199,21,8,"random","skewed","random","simple",0.736842105263158,0.263157894736842,0,0.263157894736842,0.699489647648167,8
1199,21,8,"random","skewed","random","group",0.761904761904762,0.238095238095238,0,0.238095238095238,0.699489647648167,8
1199,21,8,"random","skewed","random","dynamic",0.754412036407005,0.245587963592995,0,0.245587963592995,0.699489647648167,8
1199,21,8,"random","skewed","random","calendar",0.754412036407005,0.245587963592995,0,0.245587963592995,0.699489647648167,8
1199,21,8,"random","skewed","random","stacked",0.700185999612729,0.299814000387271,0,0.299814000387271,0.662604854918761,8
1200,21,8,"random","skewed","random","simple",0.298816568047337,0.701183431952663,0,0.251479289940828,1.5313674842078,8
1200,21,8,"random","skewed","random","group",0.380952380952381,0.619047619047619,0,0.238095238095238,1.5313674842078,8
1200,21,8,"random","skewed","random","dynamic",0.269729988024757,0.730270011975243,0,0.240387251569425,1.5313674842078,8
1200,21,8,"random","skewed","random","calendar",0.269729988024757,0.730270011975243,0,0.240387251569425,1.5313674842078,8
1200,21,8,"random","skewed","random","stacked",0.541593100089031,0.458406899910969,0,0.242474516519735,0.662604854918761,8
1201,21,8,"random","skewed","random","simple",0.599431818181818,0.400568181818182,0,0.144886363636364,1.03969471120323,8
1201,21,8,"random","skewed","random","group",0.619047619047619,0.380952380952381,0,0.142857142857143,1.03969471120323,8
1201,21,8,"random","skewed","random","dynamic",0.619800632803729,0.380199367196271,0,0.135363224237063,1.03969471120323,8
1201,21,8,"random","skewed","random","calendar",0.619800632803729,0.380199367196271,0,0.135363224237063,1.03969471120323,8
1201,21,8,"random","skewed","random","stacked",0.574966004980992,0.425033995019007,0,0.425033995019007,0.98487056326405,8
1202,21,8,"random","skewed","random","simple",0.728813559322034,0.271186440677966,0,0.271186440677966,0.517509584468528,8
1202,21,8,"random","skewed","random","group",0.761904761904762,0.238095238095238,0,0.238095238095238,0.517509584468528,8
1202,21,8,"random","skewed","random","dynamic",0.746634768954815,0.253365231045185,0,0.253365231045185,0.517509584468528,8
1202,21,8,"random","skewed","random","calendar",0.746634768954815,0.253365231045185,0,0.253365231045185,0.517509584468528,8
1202,21,8,"random","skewed","random","stacked",0.692416983462072,0.307583016537928,0,0.307583016537928,0.490220783522322,8
1203,21,8,"random","skewed","random","simple",0.245791245791246,0.754208754208754,0,0.754208754208754,0.84833027763666,8
1203,21,8,"random","skewed","random","group",0.380952380952381,0.619047619047619,0,0.619047619047619,0.84833027763666,8
1203,21,8,"random","skewed","random","dynamic",0.216517430558968,0.783482569441032,0,0.783482569441032,0.84833027763666,8
1203,21,8,"random","skewed","random","calendar",0.216517430558968,0.783482569441032,0,0.783482569441032,0.84833027763666,8
1203,21,8,"random","skewed","random","stacked",0.463415804569331,0.536584195430669,0,0.536584195430669,0.780172541067144,8
1204,21,8,"random","skewed","random","simple",0.26219512195122,0.73780487804878,0,0,1.5313674842078,8
1204,21,8,"random","skewed","random","group",0.380952380952381,0.619047619047619,0,0,1.5313674842078,8
1204,21,8,"random","skewed","random","dynamic",0.23712684057926,0.76287315942074,0,0,1.5313674842078,8
1204,21,8,"random","skewed","random","calendar",0.23712684057926,0.76287315942074,0,0,1.5313674842078,8
1204,21,8,"random","skewed","random","stacked",0.561418335517044,0.438581664482956,0,0.206740036475239,1.4083322179545,8
1205,21,8,"random","skewed","random","simple",0.227106227106227,0.772893772893773,0,0.772893772893773,0.570742777277959,8
1205,21,8,"random","skewed","random","group",0.380952380952381,0.619047619047619,0,0.619047619047619,0.570742777277959,8
1205,21,8,"random","skewed","random","dynamic",0.191310239265985,0.808689760734015,0,0.808689760734015,0.570742777277959,8
1205,21,8,"random","skewed","random","calendar",0.191310239265985,0.808689760734015,0,0.808689760734015,0.570742777277959,8
1205,21,8,"random","skewed","random","stacked",0.429640415298647,0.570359584701353,0,0.570359584701353,0.524887363545659,8
1206,21,8,"random","skewed","random","simple",0.747634069400631,0.252365930599369,0,0.252365930599369,0.517509584468528,8
1206,21,8,"random","skewed","random","group",0.761904761904762,0.238095238095238,0,0.238095238095238,0.517509584468528,8
1206,21,8,"random","skewed","random","dynamic",0.77216761029648,0.22783238970352,0,0.22783238970352,0.517509584468528,8
1206,21,8,"random","skewed","random","calendar",0.77216761029648,0.22783238970352,0,0.22783238970352,0.517509584468528,8
1206,21,8,"random","skewed","random","stacked",0.677493326658676,0.322506673341324,0,0.322506673341324,0.490220783522322,8
1207,21,8,"random","skewed","random","simple",0.210344827586207,0.789655172413793,0,0.789655172413793,0.84833027763666,8
1207,21,8,"random","skewed","random","group",0.380952380952381,0.619047619047619,0,0.619047619047619,0.84833027763666,8
1207,21,8,"random","skewed","random","dynamic",0.179257341338095,0.820742658661905,0,0.820742658661905,0.84833027763666,8
1207,21,8,"random","skewed","random","calendar",0.179257341338095,0.820742658661905,0,0.820742658661905,0.84833027763666,8
1207,21,8,"random","skewed","random","stacked",0.485554276946411,0.514445723053589,0,0.514445723053589,0.780172541067144,8
1208,21,8,"random","skewed","random","simple",0.57183908045977,0.42816091954023,0,0,1.87680991261445,8
1208,21,8,"random","skewed","random","group",0.619047619047619,0.380952380952381,0,0,1.87680991261445,8
1208,21,8,"random","skewed","random","dynamic",0.581162124768936,0.418837875231064,0,0,1.87680991261445,8
1208,21,8,"random","skewed","random","calendar",0.581162124768936,0.418837875231064,0,0,1.87680991261445,8
1208,21,8,"random","skewed","random","stacked",0.619406559188173,0.380593440811827,0,0,1.77784383805991,8
1209,21,8,"random","skewed","random","simple",0.248344370860927,0.751655629139073,0,0.248344370860927,1.5313674842078,8
1209,21,8,"random","skewed","random","group",0.380952380952381,0.619047619047619,0,0.238095238095238,1.5313674842078,8
1209,21,8,"random","skewed","random","dynamic",0.211131608691491,0.788868391308509,0,0.222439259815013,1.5313674842078,8
1209,21,8,"random","skewed","random","calendar",0.211131608691491,0.788868391308509,0,0.222439259815013,1.5313674842078,8
1209,21,8,"random","skewed","random","stacked",0.482894389349277,0.517105610650723,0,0.30911659472438,0.384174999142706,8
1210,21,8,"random","skewed","random","simple",0.254716981132075,0.745283018867924,0,0.267295597484277,1.5313674842078,8
1210,21,8,"random","skewed","random","group",0.380952380952381,0.619047619047619,0,0.238095238095238,1.5313674842078,8
1210,21,8,"random","skewed","random","dynamic",0.221684015249682,0.778315984750317,0,0.258866471867531,1.5313674842078,8
1210,21,8,"random","skewed","random","calendar",0.221684015249682,0.778315984750318,0,0.258866471867531,1.5313674842078,8
1210,21,8,"random","skewed","random","stacked",0.546102115710725,0.453897884289275,0,0.240089470869108,0.662604854918761,8
1211,21,8,"random","skewed","random","simple",0.571847507331378,0.428152492668622,0,0.149560117302053,1.87680991261445,8
1211,21,8,"random","skewed","random","group",0.619047619047619,0.380952380952381,0,0.142857142857143,1.87680991261445,8
1211,21,8,"random","skewed","random","dynamic",0.581522490237661,0.418477509762339,0,0.1425059892378,1.87680991261445,8
1211,21,8,"random","skewed","random","calendar",0.581522490237661,0.418477509762339,0,0.1425059892378,1.87680991261445,8
1211,21,8,"random","skewed","random","stacked",0.595820700663178,0.404179299336822,0,0.209541406025246,0.854271745308325,8
1212,21,8,"random","skewed","random","simple",0.58160237388724,0.41839762611276,0,0.1513353115727,1.03969471120323,8
1212,21,8,"random","skewed","random","group",0.619047619047619,0.380952380952381,0,0.142857142857143,1.03969471120323,8
1212,21,8,"random","skewed","random","dynamic",0.601659200792328,0.398340799207672,0,0.142166261241339,1.03969471120323,8
1212,21,8,"random","skewed","random","calendar",0.601659200792328,0.398340799207672,0,0.142166261241339,1.03969471120323,8
1212,21,8,"random","skewed","random","stacked",0.556599253955519,0.443400746044481,0,0.443400746044481,0.98487056326405,8
1213,21,8,"random","skewed","random","simple",0.744744744744745,0.255255255255255,0,0.255255255255255,0.699489647648167,8
1213,21,8,"random","skewed","random","group",0.761904761904762,0.238095238095238,0,0.238095238095238,0.699489647648167,8
1213,21,8,"random","skewed","random","dynamic",0.762729953654876,0.237270046345124,0,0.237270046345124,0.699489647648167,8
1213,21,8,"random","skewed","random","calendar",0.762729953654876,0.237270046345124,0,0.237270046345124,0.699489647648167,8
1213,21,8,"random","skewed","random","stacked",0.713903118485451,0.286096881514549,0,0.286096881514549,0.662604854918761,8
1214,21,8,"random","skewed","random","simple",0.734982332155477,0.265017667844523,0,0.265017667844523,0.405560618505449,8
1214,21,8,"random","skewed","random","group",0.761904761904762,0.238095238095238,0,0.238095238095238,0.405560618505449,8
1214,21,8,"random","skewed","random","dynamic",0.759197425596419,0.240802574403581,0,0.240802574403581,0.405560618505449,8
1214,21,8,"random","skewed","random","calendar",0.759197425596419,0.240802574403581,0,0.240802574403581,0.405560618505449,8
1214,21,8,"random","skewed","random","stacked",0.653369944867062,0.346630055132938,0,0.346630055132938,0.384174999142706,8
1215,21,8,"random","skewed","random","simple",0.737609329446064,0.262390670553936,0,0,1.03969471120323,8
1215,21,8,"random","skewed","random","group",0.761904761904762,0.238095238095238,0,0,1.03969471120323,8
1215,21,8,"random","skewed","random","dynamic",0.745568755504901,0.254431244495099,0,0,1.03969471120323,8
1215,21,8,"random","skewed","random","calendar",0.745568755504901,0.254431244495099,0,0,1.03969471120323,8
1215,21,8,"random","skewed","random","stacked",0.772862044702403,0.227137955297596,0,0.227137955297596,0.98487056326405,8
1216,21,8,"random","skewed","random","simple",0.0928792569659443,0.907120743034056,0,0.157894736842105,1.5313674842078,8
1216,21,8,"random","skewed","random","group",0.238095238095238,0.761904761904762,0,0.142857142857143,1.03969471120323,8
1216,21,8,"random","skewed","random","dynamic",0.0838029025091108,0.916197097490889,0,0.152050113674279,1.5313674842078,8
1216,21,8,"random","skewed","random","calendar",0.0838029025091108,0.916197097490889,0,0.152050113674279,1.5313674842078,8
1216,21,8,"random","skewed","random","stacked",0.292728593321174,0.707271406678826,0,0.431778235207404,0.98487056326405,8
1217,21,8,"random","skewed","random","simple",0.767080745341615,0.232919254658385,0,0.232919254658385,0.405560618505449,8
1217,21,8,"random","skewed","random","group",0.761904761904762,0.238095238095238,0,0.238095238095238,0.405560618505449,8
1217,21,8,"random","skewed","random","dynamic",0.796989622434669,0.203010377565331,0,0.203010377565331,0.405560618505449,8
1217,21,8,"random","skewed","random","calendar",0.796989622434669,0.203010377565331,0,0.203010377565331,0.405560618505449,8
1217,21,8,"random","skewed","random","stacked",0.68013531234978,0.31986468765022,0,0.31986468765022,0.384174999142706,8
1218,21,8,"random","skewed","random","simple",0.20655737704918,0.79344262295082,0,0,1.5313674842078,8
1218,21,8,"random","skewed","random","group",0.380952380952381,0.619047619047619,0,0,1.5313674842078,8
1218,21,8,"random","skewed","random","dynamic",0.177782595032473,0.822217404967527,0,0,1.5313674842078,8
1218,21,8,"random","skewed","random","calendar",0.177782595032473,0.822217404967527,0,0,1.5313674842078,8
1218,21,8,"random","skewed","random","stacked",0.552409515359785,0.447590484640215,0,0.210986643113723,1.4083322179545,8
1219,21,8,"random","skewed","random","simple",0.586402266288952,0.413597733711048,0,0.144475920679887,1.87680991261445,8
1219,21,8,"random","skewed","random","group",0.619047619047619,0.380952380952381,0,0.142857142857143,1.87680991261445,8
1219,21,8,"random","skewed","random","dynamic",0.596777048201197,0.403222951798803,0,0.136785530001474,1.87680991261445,8
1219,21,8,"random","skewed","random","calendar",0.596777048201197,0.403222951798803,0,0.136785530001474,1.87680991261445,8
1219,21,8,"random","skewed","random","stacked",0.596651543942269,0.403348456057731,0,0.209110666328352,0.854271745308325,8
1220,21,8,"random","skewed","random","simple",0.267558528428094,0.732441471571906,0,0.732441471571906,0.84833027763666,8
1220,21,8,"random","skewed","random","group",0.380952380952381,0.619047619047619,0,0.619047619047619,0.84833027763666,8
1220,21,8,"random","skewed","random","dynamic",0.227317306064726,0.772682693935274,0,0.772682693935274,0.84833027763666,8
1220,21,8,"random","skewed","random","calendar",0.227317306064726,0.772682693935274,0,0.772682693935274,0.84833027763666,8
1220,21,8,"random","skewed","random","stacked",0.480296781955627,0.519703218044373,0,0.519703218044373,0.384174999142706,8
1221,21,8,"random","skewed","random","simple",0.282685512367491,0.717314487632509,0,0.717314487632509,0.42225765384893,8
1221,21,8,"random","skewed","random","group",0.380952380952381,0.619047619047619,0,0.619047619047619,0.42225765384893,8
1221,21,8,"random","skewed","random","dynamic",0.250129728426458,0.749870271573542,0,0.749870271573542,0.42225765384893,8
1221,21,8,"random","skewed","random","calendar",0.250129728426458,0.749870271573542,0,0.749870271573542,0.42225765384893,8
1221,21,8,"random","skewed","random","stacked",0.438632762557324,0.561367237442676,0,0.561367237442676,0.388332039386984,8
1222,21,8,"random","skewed","random","simple",0.274760383386581,0.725239616613419,0,0.23961661341853,1.5313674842078,8
1222,21,8,"random","skewed","random","group",0.380952380952381,0.619047619047619,0,0.238095238095238,1.5313674842078,8
1222,21,8,"random","skewed","random","dynamic",0.233016073465397,0.766983926534603,0,0.214022157978896,1.5313674842078,8
1222,21,8,"random","skewed","random","calendar",0.233016073465397,0.766983926534603,0,0.214022157978896,1.5313674842078,8
1222,21,8,"random","skewed","random","stacked",0.507389579753941,0.492610420246059,0,0.294473802828376,0.384174999142706,8
1223,21,8,"random","skewed","random","simple",0.263157894736842,0.736842105263158,0,0.736842105263158,0.84833027763666,8
1223,21,8,"random","skewed","random","group",0.380952380952381,0.619047619047619,0,0.619047619047619,0.84833027763666,8
1223,21,8,"random","skewed","random","dynamic",0.22777692461,0.77222307539,0,0.77222307539,0.84833027763666,8
1223,21,8,"random","skewed","random","calendar",0.22777692461,0.77222307539,0,0.77222307539,0.84833027763666,8
1223,21,8,"random","skewed","random","stacked",0.493045781282671,0.506954218717329,0,0.506954218717329,0.780172541067144,8
1224,21,8,"random","skewed","random","simple",0.0872274143302181,0.912772585669782,0,0.158878504672897,1.5313674842078,8
1224,21,8,"random","skewed","random","group",0.238095238095238,0.761904761904762,0,0.142857142857143,1.03969471120323,8
1224,21,8,"random","skewed","random","dynamic",0.0785498317517219,0.921450168248278,0,0.153035064441289,1.5313674842078,8
1224,21,8,"random","skewed","random","calendar",0.0785498317517219,0.921450168248278,0,0.153035064441289,1.5313674842078,8
1224,21,8,"random","skewed","random","stacked",0.301671993478553,0.698328006521447,0,0.426318427981717,0.98487056326405,8
1225,21,8,"random","skewed","random","simple",0.761904761904762,0.238095238095238,0,0.238095238095238,0.405560618505449,8
1225,21,8,"random","skewed","random","group",0.761904761904762,0.238095238095238,0,0.238095238095238,0.405560618505449,8
1225,21,8,"random","skewed","random","dynamic",0.788501454900449,0.211498545099551,0,0.211498545099551,0.405560618505449,8
1225,21,8,"random","skewed","random","calendar",0.788501454900449,0.211498545099551,0,0.211498545099551,0.405560618505449,8
1225,21,8,"random","skewed","random","stacked",0.691578896813658,0.308421103186342,0,0.308421103186342,0.384174999142706,8
1226,21,8,"random","skewed","random","simple",0.713855421686747,0.286144578313253,0,0,1.87680991261445,8
1226,21,8,"random","skewed","random","group",0.761904761904762,0.238095238095238,0,0,1.87680991261445,8
1226,21,8,"random","skewed","random","dynamic",0.714373178421166,0.285626821578834,0,0,1.87680991261445,8
1226,21,8,"random","skewed","random","calendar",0.714373178421166,0.285626821578834,0,0,1.87680991261445,8
1226,21,8,"random","skewed","random","stacked",0.816658373465479,0.183341626534521,0,0,1.77784383805991,8
1227,21,8,"random","skewed","random","simple",0.488584474885845,0,0.511415525114155,0.511415525114155,0.269611852350941,8
1227,21,8,"random","skewed","random","group",0.619047619047619,0,0.380952380952381,0.380952380952381,0.269611852350941,8
1227,21,8,"random","skewed","random","dynamic",0.424751790054753,0,0.575248209945247,0.575248209945247,0.269611852350941,8
1227,21,8,"random","skewed","random","calendar",0.424751790054753,0,0.575248209945247,0.575248209945247,0.269611852350941,8
1227,21,8,"random","skewed","random","stacked",0.610658415245001,0,0.389341584754999,0.389341584754999,0.247950320170634,8
1228,21,8,"random","skewed","random","simple",0.297546012269939,0.702453987730061,0,0.702453987730061,0.84833027763666,8
1228,21,8,"random","skewed","random","group",0.380952380952381,0.619047619047619,0,0.619047619047619,0.84833027763666,8
1228,21,8,"random","skewed","random","dynamic",0.276327836202707,0.723672163797293,0,0.723672163797293,0.84833027763666,8
1228,21,8,"random","skewed","random","calendar",0.276327836202707,0.723672163797293,0,0.723672163797293,0.84833027763666,8
1228,21,8,"random","skewed","random","stacked",0.494462295003864,0.505537704996136,0,0.505537704996136,0.780172541067144,8
1229,21,8,"random","skewed","random","simple",0.26813880126183,0.73186119873817,0,0.252365930599369,1.5313674842078,8
1229,21,8,"random","skewed","random","group",0.380952380952381,0.619047619047619,0,0.238095238095238,1.5313674842078,8
1229,21,8,"random","skewed","random","dynamic",0.236504800442799,0.7634951995572,0,0.232923254890421,1.5313674842078,8
1229,21,8,"random","skewed","random","calendar",0.2365048004428,0.763495199557201,0,0.232923254890421,1.5313674842078,8
1229,21,8,"random","skewed","random","stacked",0.492838975401862,0.507161024598138,0,0.288658931444729,0.490220783522322,8
1230,21,8,"random","skewed","random","simple",0.209386281588448,0.790613718411552,0,0.790613718411552,0.84833027763666,8
1230,21,8,"random","skewed","random","group",0.380952380952381,0.619047619047619,0,0.619047619047619,0.84833027763666,8
1230,21,8,"random","skewed","random","dynamic",0.168478214872694,0.831521785127306,0,0.831521785127306,0.84833027763666,8
1230,21,8,"random","skewed","random","calendar",0.168478214872694,0.831521785127306,0,0.831521785127306,0.84833027763666,8
1230,21,8,"random","skewed","random","stacked",0.453007948042369,0.546992051957631,0,0.546992051957631,0.384174999142706,8
1231,21,8,"random","skewed","random","simple",0.12012012012012,0.87987987987988,0,0.153153153153153,1.5313674842078,8
1231,21,8,"random","skewed","random","group",0.238095238095238,0.761904761904762,0,0.142857142857143,1.03969471120323,8
1231,21,8,"random","skewed","random","dynamic",0.105474729134498,0.894525270865502,0,0.147986646182019,1.5313674842078,8
1231,21,8,"random","skewed","random","calendar",0.105474729134498,0.894525270865502,0,0.147986646182018,1.5313674842078,8
1231,21,8,"random","skewed","random","stacked",0.378067949954532,0.621932050045468,0,0.379679880243623,0.98487056326405,8
1232,21,8,"random","skewed","random","simple",0.277602523659306,0.722397476340694,0,0.722397476340694,0.84833027763666,8
1232,21,8,"random","skewed","random","group",0.380952380952381,0.619047619047619,0,0.619047619047619,0.84833027763666,8
1232,21,8,"random","skewed","random","dynamic",0.253166071496825,0.746833928503175,0,0.746833928503175,0.84833027763666,8
1232,21,8,"random","skewed","random","calendar",0.253166071496825,0.746833928503175,0,0.746833928503175,0.84833027763666,8
1232,21,8,"random","skewed","random","stacked",0.499717461407319,0.500282538592681,0,0.500282538592681,0.780172541067144,8
1233,21,8,"random","skewed","random","simple",0.138235294117647,0.861764705882353,0,0.15,1.5313674842078,8
1233,21,8,"random","skewed","random","group",0.238095238095238,0.761904761904762,0,0.142857142857143,1.03969471120323,8
1233,21,8,"random","skewed","random","dynamic",0.127987667827981,0.872012332172019,0,0.14376547017699,1.5313674842078,8
1233,21,8,"random","skewed","random","calendar",0.127987667827981,0.872012332172019,0,0.14376547017699,1.5313674842078,8
1233,21,8,"random","skewed","random","stacked",0.339833206892689,0.660166793107311,0,0.403021598467992,0.98487056326405,8
1234,21,8,"random","skewed","random","simple",0.730878186968839,0.269121813031161,0,0,1.87680991261445,8
1234,21,8,"random","skewed","random","group",0.761904761904762,0.238095238095238,0,0,1.87680991261445,8
1234,21,8,"random","skewed","random","dynamic",0.731225913104783,0.268774086895217,0,0,1.87680991261445,8
1234,21,8,"random","skewed","random","calendar",0.731225913104783,0.268774086895217,0,0,1.87680991261445,8
1234,21,8,"random","skewed","random","stacked",0.826756349049092,0.173243650950908,0,0,1.77784383805991,8
1235,21,8,"random","skewed","random","simple",1,0,0,0,NA,8
1235,21,8,"random","skewed","random","group",1,0,0,0,NA,8
1235,21,8,"random","skewed","random","dynamic",1,0,0,0,NA,8
1235,21,8,"random","skewed","random","calendar",1,0,0,0,NA,8
1235,21,8,"random","skewed","random","stacked",1,0,0,0,NA,8
1236,21,8,"random","skewed","random","simple",0.714714714714715,0.285285285285285,0,0,1.87680991261445,8
1236,21,8,"random","skewed","random","group",0.761904761904762,0.238095238095238,0,0,1.87680991261445,8
1236,21,8,"random","skewed","random","dynamic",0.714780293021392,0.285219706978608,0,0,1.87680991261445,8
1236,21,8,"random","skewed","random","calendar",0.714780293021392,0.285219706978608,0,0,1.87680991261445,8
1236,21,8,"random","skewed","random","stacked",0.820830126869995,0.179169873130005,0,0,1.77784383805991,8
1237,21,8,"random","skewed","random","simple",0.263665594855305,0.736334405144695,0,0.736334405144695,0.84833027763666,8
1237,21,8,"random","skewed","random","group",0.380952380952381,0.619047619047619,0,0.619047619047619,0.84833027763666,8
1237,21,8,"random","skewed","random","dynamic",0.246893172473668,0.753106827526332,0,0.753106827526332,0.84833027763666,8
1237,21,8,"random","skewed","random","calendar",0.246893172473668,0.753106827526332,0,0.753106827526332,0.84833027763666,8
1237,21,8,"random","skewed","random","stacked",0.450202626616587,0.549797373383413,0,0.549797373383413,0.780172541067144,8
1238,21,8,"random","skewed","random","simple",0.483870967741935,0.516129032258065,0,0.516129032258065,0.84833027763666,8
1238,21,8,"random","skewed","random","group",0.619047619047619,0.380952380952381,0,0.380952380952381,0.84833027763666,8
1238,21,8,"random","skewed","random","dynamic",0.416925966667969,0.583074033332031,0,0.583074033332031,0.84833027763666,8
1238,21,8,"random","skewed","random","calendar",0.416925966667969,0.583074033332031,0,0.583074033332031,0.84833027763666,8
1238,21,8,"random","skewed","random","stacked",0.740387088769636,0.259612911230365,0,0.259612911230365,0.780172541067144,8
1239,21,8,"random","skewed","random","simple",0.311046511627907,0.688953488372093,0,0.247093023255814,1.5313674842078,8
1239,21,8,"random","skewed","random","group",0.380952380952381,0.619047619047619,0,0.238095238095238,1.5313674842078,8
1239,21,8,"random","skewed","random","dynamic",0.282147674397552,0.717852325602448,0,0.23561121834912,1.5313674842078,8
1239,21,8,"random","skewed","random","calendar",0.282147674397552,0.717852325602448,0,0.23561121834912,1.5313674842078,8
1239,21,8,"random","skewed","random","stacked",0.537614710016377,0.462385289983623,0,0.244578887569955,0.662604854918761,8
1240,21,8,"random","skewed","random","simple",0.575581395348837,0.424418604651163,0,0.148255813953488,1.87680991261445,8
1240,21,8,"random","skewed","random","group",0.619047619047619,0.380952380952381,0,0.142857142857143,1.87680991261445,8
1240,21,8,"random","skewed","random","dynamic",0.585336436868945,0.414663563131055,0,0.141075759251069,1.87680991261445,8
1240,21,8,"random","skewed","random","calendar",0.585336436868945,0.414663563131055,0,0.141075759251069,1.87680991261445,8
1240,21,8,"random","skewed","random","stacked",0.60075504440128,0.39924495559872,0,0.206983260849602,0.854271745308325,8
1241,21,8,"random","skewed","random","simple",0.582840236686391,0.417159763313609,0,0.150887573964497,1.03969471120323,8
1241,21,8,"random","skewed","random","group",0.619047619047619,0.380952380952381,0,0.142857142857143,1.03969471120323,8
1241,21,8,"random","skewed","random","dynamic",0.604805547050129,0.395194452949871,0,0.140986381394663,1.03969471120323,8
1241,21,8,"random","skewed","random","calendar",0.604805547050129,0.395194452949871,0,0.140986381394663,1.03969471120323,8
1241,21,8,"random","skewed","random","stacked",0.520569034454868,0.479430965545132,0,0.479430965545132,0.98487056326405,8
1242,21,8,"random","skewed","random","simple",0.225190839694657,0.774809160305344,0,0.774809160305344,0.42225765384893,8
1242,21,8,"random","skewed","random","group",0.380952380952381,0.619047619047619,0,0.619047619047619,0.42225765384893,8
1242,21,8,"random","skewed","random","dynamic",0.201624388790604,0.798375611209396,0,0.798375611209396,0.42225765384893,8
1242,21,8,"random","skewed","random","calendar",0.201624388790604,0.798375611209396,0,0.798375611209396,0.42225765384893,8
1242,21,8,"random","skewed","random","stacked",0.377218796692651,0.622781203307349,0,0.622781203307349,0.388332039386984,8
1243,21,8,"random","skewed","random","simple",0.722222222222222,0.277777777777778,0,0,1.87680991261445,8
1243,21,8,"random","skewed","random","group",0.761904761904762,0.238095238095238,0,0,1.87680991261445,8
1243,21,8,"random","skewed","random","dynamic",0.722952318579254,0.277047681420746,0,0,1.87680991261445,8
1243,21,8,"random","skewed","random","calendar",0.722952318579254,0.277047681420746,0,0,1.87680991261445,8
1243,21,8,"random","skewed","random","stacked",0.821857112708714,0.178142887291286,0,0,1.77784383805991,8
1244,21,8,"random","skewed","random","simple",0.581661891117479,0.418338108882522,0,0.146131805157593,1.87680991261445,8
1244,21,8,"random","skewed","random","group",0.619047619047619,0.380952380952381,0,0.142857142857143,1.87680991261445,8
1244,21,8,"random","skewed","random","dynamic",0.59198688652249,0.40801311347751,0,0.138581840630989,1.87680991261445,8
1244,21,8,"random","skewed","random","calendar",0.59198688652249,0.40801311347751,0,0.138581840630989,1.87680991261445,8
1244,21,8,"random","skewed","random","stacked",0.594148703077496,0.405851296922504,0,0.210408231034715,0.854271745308325,8
1245,21,8,"random","skewed","random","simple",0.576704545454545,0.423295454545455,0,0,1.87680991261445,8
1245,21,8,"random","skewed","random","group",0.619047619047619,0.380952380952381,0,0,1.87680991261445,8
1245,21,8,"random","skewed","random","dynamic",0.587182076609321,0.412817923390679,0,0,1.87680991261445,8
1245,21,8,"random","skewed","random","calendar",0.587182076609321,0.412817923390679,0,0,1.87680991261445,8
1245,21,8,"random","skewed","random","stacked",0.600312889120295,0.399687110879705,0,0,1.77784383805991,8
1246,21,8,"random","skewed","random","simple",0.275,0.725,0,0.725,0.42225765384893,8
1246,21,8,"random","skewed","random","group",0.380952380952381,0.619047619047619,0,0.619047619047619,0.42225765384893,8
1246,21,8,"random","skewed","random","dynamic",0.247823180807411,0.752176819192589,0,0.752176819192589,0.42225765384893,8
1246,21,8,"random","skewed","random","calendar",0.247823180807411,0.752176819192589,0,0.752176819192589,0.42225765384893,8
1246,21,8,"random","skewed","random","stacked",0.424912411898482,0.575087588101518,0,0.575087588101518,0.388332039386984,8
1247,21,8,"random","skewed","random","simple",0.722222222222222,0.277777777777778,0,0,1.03969471120323,8
1247,21,8,"random","skewed","random","group",0.761904761904762,0.238095238095238,0,0,1.03969471120323,8
1247,21,8,"random","skewed","random","dynamic",0.72847866035753,0.27152133964247,0,0,1.03969471120323,8
1247,21,8,"random","skewed","random","calendar",0.72847866035753,0.27152133964247,0,0,1.03969471120323,8
1247,21,8,"random","skewed","random","stacked",0.772840352761826,0.227159647238174,0,0.227159647238174,0.98487056326405,8
1248,21,8,"random","skewed","random","simple",0.267148014440433,0.732851985559567,0,0.732851985559567,0.42225765384893,8
1248,21,8,"random","skewed","random","group",0.380952380952381,0.619047619047619,0,0.619047619047619,0.42225765384893,8
1248,21,8,"random","skewed","random","dynamic",0.247825983463561,0.752174016536439,0,0.752174016536439,0.42225765384893,8
1248,21,8,"random","skewed","random","calendar",0.247825983463561,0.752174016536439,0,0.752174016536439,0.42225765384893,8
1248,21,8,"random","skewed","random","stacked",0.393315896833795,0.606684103166205,0,0.606684103166205,0.388332039386984,8
1249,21,8,"random","skewed","random","simple",0.472527472527473,0.527472527472527,0,0.527472527472527,0.84833027763666,8
1249,21,8,"random","skewed","random","group",0.619047619047619,0.380952380952381,0,0.380952380952381,0.84833027763666,8
1249,21,8,"random","skewed","random","dynamic",0.392011556459441,0.607988443540559,0,0.607988443540559,0.84833027763666,8
1249,21,8,"random","skewed","random","calendar",0.392011556459441,0.607988443540559,0,0.607988443540559,0.84833027763666,8
1249,21,8,"random","skewed","random","stacked",0.747706292022977,0.252293707977023,0,0.252293707977023,0.780172541067144,8
1250,21,8,"random","skewed","random","simple",0.200729927007299,0.799270072992701,0,0.799270072992701,0.84833027763666,8
1250,21,8,"random","skewed","random","group",0.380952380952381,0.619047619047619,0,0.619047619047619,0.84833027763666,8
1250,21,8,"random","skewed","random","dynamic",0.160234361775899,0.839765638224101,0,0.839765638224101,0.84833027763666,8
1250,21,8,"random","skewed","random","calendar",0.160234361775899,0.839765638224101,0,0.839765638224101,0.84833027763666,8
1250,21,8,"random","skewed","random","stacked",0.450949862397212,0.549050137602788,0,0.549050137602788,0.384174999142706,8
1251,21,8,"random","skewed","random","simple",0.217821782178218,0.782178217821782,0,0.280528052805281,1.5313674842078,8
1251,21,8,"random","skewed","random","group",0.380952380952381,0.619047619047619,0,0.238095238095238,1.5313674842078,8
1251,21,8,"random","skewed","random","dynamic",0.186157699460209,0.813842300539791,0,0.272530439478867,1.5313674842078,8
1251,21,8,"random","skewed","random","calendar",0.186157699460209,0.813842300539791,0,0.272530439478867,1.5313674842078,8
1251,21,8,"random","skewed","random","stacked",0.527990265692303,0.472009734307697,0,0.249669741317366,0.662604854918761,8
1252,21,8,"random","skewed","random","simple",0.516014234875445,0.483985765124555,0,0.483985765124555,0.570742777277959,8
1252,21,8,"random","skewed","random","group",0.619047619047619,0.380952380952381,0,0.380952380952381,0.570742777277959,8
1252,21,8,"random","skewed","random","dynamic",0.458646438650081,0.541353561349919,0,0.541353561349919,0.570742777277959,8
1252,21,8,"random","skewed","random","calendar",0.458646438650081,0.541353561349919,0,0.541353561349919,0.570742777277959,8
1252,21,8,"random","skewed","random","stacked",0.696803882703985,0.303196117296015,0,0.303196117296015,0.524887363545659,8
1253,21,8,"random","skewed","random","simple",0.574285714285714,0.425714285714286,0,0,1.87680991261445,8
1253,21,8,"random","skewed","random","group",0.619047619047619,0.380952380952381,0,0,1.87680991261445,8
1253,21,8,"random","skewed","random","dynamic",0.584842895322772,0.415157104677228,0,0,1.87680991261445,8
1253,21,8,"random","skewed","random","calendar",0.584842895322772,0.415157104677229,0,0,1.87680991261445,8
1253,21,8,"random","skewed","random","stacked",0.59382935188084,0.40617064811916,0,0,1.77784383805991,8
1254,21,8,"random","skewed","random","simple",0.531531531531532,0,0.468468468468468,0.468468468468468,0.225928173885438,8
1254,21,8,"random","skewed","random","group",0.619047619047619,0,0.380952380952381,0.380952380952381,0.225928173885438,8
1254,21,8,"random","skewed","random","dynamic",0.501876631478918,0,0.498123368521082,0.498123368521082,0.225928173885438,8
1254,21,8,"random","skewed","random","calendar",0.501876631478918,0,0.498123368521082,0.498123368521082,0.225928173885438,8
1254,21,8,"random","skewed","random","stacked",0.599976900539702,0,0.400023099460298,0.400023099460298,0.207776336841245,8
1255,21,8,"random","skewed","random","simple",0.294314381270903,0.705685618729097,0,0.705685618729097,0.570742777277959,8
1255,21,8,"random","skewed","random","group",0.380952380952381,0.619047619047619,0,0.619047619047619,0.570742777277959,8
1255,21,8,"random","skewed","random","dynamic",0.26278549603536,0.737214503964641,0,0.737214503964641,0.570742777277959,8
1255,21,8,"random","skewed","random","calendar",0.262785496035359,0.737214503964641,0,0.737214503964641,0.570742777277959,8
1255,21,8,"random","skewed","random","stacked",0.451855276088729,0.548144723911271,0,0.548144723911271,0.524887363545659,8
1256,21,8,"random","skewed","random","simple",0.177083333333333,0.822916666666667,0,0.295138888888889,1.5313674842078,8
1256,21,8,"random","skewed","random","group",0.380952380952381,0.619047619047619,0,0.238095238095238,1.5313674842078,8
1256,21,8,"random","skewed","random","dynamic",0.144134749929519,0.855865250070481,0,0.288693112375286,1.5313674842078,8
1256,21,8,"random","skewed","random","calendar",0.144134749929519,0.855865250070481,0,0.288693112375286,1.5313674842078,8
1256,21,8,"random","skewed","random","stacked",0.510630758207619,0.489369241792381,0,0.258852059875806,0.662604854918761,8
1257,21,8,"random","skewed","random","simple",0.470588235294118,0.529411764705882,0,0.529411764705882,0.84833027763666,8
1257,21,8,"random","skewed","random","group",0.619047619047619,0.380952380952381,0,0.380952380952381,0.84833027763666,8
1257,21,8,"random","skewed","random","dynamic",0.404161316648417,0.595838683351583,0,0.595838683351583,0.84833027763666,8
1257,21,8,"random","skewed","random","calendar",0.404161316648417,0.595838683351583,0,0.595838683351583,0.84833027763666,8
1257,21,8,"random","skewed","random","stacked",0.738160791160647,0.261839208839353,0,0.261839208839353,0.780172541067144,8
1258,21,8,"random","skewed","random","simple",0.25705329153605,0.74294670846395,0,0.266457680250784,1.5313674842078,8
1258,21,8,"random","skewed","random","group",0.380952380952381,0.619047619047619,0,0.238095238095238,1.5313674842078,8
1258,21,8,"random","skewed","random","dynamic",0.23430564284809,0.76569435715191,0,0.254011999714297,1.5313674842078,8
1258,21,8,"random","skewed","random","calendar",0.23430564284809,0.76569435715191,0,0.254011999714297,1.5313674842078,8
1258,21,8,"random","skewed","random","stacked",0.490443467763896,0.509556532236104,0,0.26953013538282,0.662604854918761,8
1259,21,8,"random","skewed","random","simple",0.306590257879656,0.693409742120344,0,0,1.5313674842078,8
1259,21,8,"random","skewed","random","group",0.380952380952381,0.619047619047619,0,0,1.5313674842078,8
1259,21,8,"random","skewed","random","dynamic",0.281604650170317,0.718395349829683,0,0,1.5313674842078,8
1259,21,8,"random","skewed","random","calendar",0.281604650170317,0.718395349829683,0,0,1.5313674842078,8
1259,21,8,"random","skewed","random","stacked",0.570050730280669,0.429949269719331,0,0.202670870450242,1.4083322179545,8
1260,21,8,"random","skewed","random","simple",0.286135693215339,0.713864306784661,0,0,1.5313674842078,8
1260,21,8,"random","skewed","random","group",0.380952380952381,0.619047619047619,0,0,1.5313674842078,8
1260,21,8,"random","skewed","random","dynamic",0.262778689499807,0.737221310500193,0,0,1.5313674842078,8
1260,21,8,"random","skewed","random","calendar",0.262778689499807,0.737221310500193,0,0,1.5313674842078,8
1260,21,8,"random","skewed","random","stacked",0.562791785635801,0.437208214364199,0,0.206092615138135,1.4083322179545,8
1261,21,8,"random","skewed","random","simple",0.255813953488372,0.744186046511628,0,0.744186046511628,0.84833027763666,8
1261,21,8,"random","skewed","random","group",0.380952380952381,0.619047619047619,0,0.619047619047619,0.84833027763666,8
1261,21,8,"random","skewed","random","dynamic",0.230079112541703,0.769920887458297,0,0.769920887458297,0.84833027763666,8
1261,21,8,"random","skewed","random","calendar",0.230079112541703,0.769920887458297,0,0.769920887458297,0.84833027763666,8
1261,21,8,"random","skewed","random","stacked",0.45277171718396,0.54722828281604,0,0.54722828281604,0.780172541067144,8
1262,21,8,"random","skewed","random","simple",0.257668711656442,0.742331288343558,0,0,1.5313674842078,8
1262,21,8,"random","skewed","random","group",0.380952380952381,0.619047619047619,0,0,1.5313674842078,8
1262,21,8,"random","skewed","random","dynamic",0.232718341260789,0.767281658739211,0,0,1.5313674842078,8
1262,21,8,"random","skewed","random","calendar",0.232718341260789,0.767281658739211,0,0,1.5313674842078,8
1262,21,8,"random","skewed","random","stacked",0.558700525192171,0.441299474807829,0,0.208021166652807,1.4083322179545,8
1263,21,8,"random","skewed","random","simple",0.26219512195122,0.73780487804878,0,0,1.5313674842078,8
1263,21,8,"random","skewed","random","group",0.380952380952381,0.619047619047619,0,0,1.5313674842078,8
1263,21,8,"random","skewed","random","dynamic",0.232644530573079,0.767355469426921,0,0,1.5313674842078,8
1263,21,8,"random","skewed","random","calendar",0.232644530573079,0.767355469426921,0,0,1.5313674842078,8
1263,21,8,"random","skewed","random","stacked",0.577654119759372,0.422345880240629,0,0.199086760248063,1.4083322179545,8
1264,21,8,"random","skewed","random","simple",1,0,0,0,NA,8
1264,21,8,"random","skewed","random","group",1,0,0,0,NA,8
1264,21,8,"random","skewed","random","dynamic",1,0,0,0,NA,8
1264,21,8,"random","skewed","random","calendar",1,0,0,0,NA,8
1264,21,8,"random","skewed","random","stacked",1,0,0,0,NA,8
1265,21,8,"random","skewed","random","simple",0.491638795986622,0.508361204013378,0,0,1.5313674842078,8
1265,21,8,"random","skewed","random","group",0.619047619047619,0.380952380952381,0,0,1.5313674842078,8
1265,21,8,"random","skewed","random","dynamic",0.413577386349099,0.586422613650901,0,0,1.5313674842078,8
1265,21,8,"random","skewed","random","calendar",0.413577386349099,0.586422613650901,0,0,1.5313674842078,8
1265,21,8,"random","skewed","random","stacked",0.803381674193518,0.196618325806482,0,0,1.4083322179545,8
1266,21,8,"random","skewed","random","simple",0.246105919003115,0.753894080996885,0,0,1.5313674842078,8
1266,21,8,"random","skewed","random","group",0.380952380952381,0.619047619047619,0,0,1.5313674842078,8
1266,21,8,"random","skewed","random","dynamic",0.223795007384302,0.776204992615698,0,0,1.5313674842078,8
1266,21,8,"random","skewed","random","calendar",0.223795007384302,0.776204992615698,0,0,1.5313674842078,8
1266,21,8,"random","skewed","random","stacked",0.537190952824244,0.462809047175756,0,0.218160418099067,1.4083322179545,8
1267,21,8,"random","skewed","random","simple",0.601694915254237,0.398305084745763,0,0.144067796610169,1.03969471120323,8
1267,21,8,"random","skewed","random","group",0.619047619047619,0.380952380952381,0,0.142857142857143,1.03969471120323,8
1267,21,8,"random","skewed","random","dynamic",0.622895870898967,0.377104129101033,0,0.134202509951349,1.03969471120323,8
1267,21,8,"random","skewed","random","calendar",0.622895870898967,0.377104129101033,0,0.134202509951349,1.03969471120323,8
1267,21,8,"random","skewed","random","stacked",0.557430753599785,0.442569246400215,0,0.442569246400215,0.98487056326405,8
1268,21,8,"random","skewed","random","simple",0.145772594752187,0.854227405247813,0,0.14868804664723,1.5313674842078,8
1268,21,8,"random","skewed","random","group",0.238095238095238,0.761904761904762,0,0.142857142857143,1.03969471120323,8
1268,21,8,"random","skewed","random","dynamic",0.133369026280872,0.866630973719128,0,0.142756465467073,1.5313674842078,8
1268,21,8,"random","skewed","random","calendar",0.133369026280872,0.866630973719128,0,0.142756465467073,1.5313674842078,8
1268,21,8,"random","skewed","random","stacked",0.370984226861438,0.629015773138562,0,0.38400438343568,0.98487056326405,8
1269,21,8,"random","skewed","random","simple",0.3,0.7,0,0.7,0.84833027763666,8
1269,21,8,"random","skewed","random","group",0.380952380952381,0.619047619047619,0,0.619047619047619,0.84833027763666,8
1269,21,8,"random","skewed","random","dynamic",0.271891978038779,0.728108021961221,0,0.728108021961221,0.84833027763666,8
1269,21,8,"random","skewed","random","calendar",0.271891978038779,0.728108021961221,0,0.728108021961221,0.84833027763666,8
1269,21,8,"random","skewed","random","stacked",0.468275012449701,0.531724987550299,0,0.531724987550299,0.780172541067144,8
1270,21,8,"random","skewed","random","simple",0.253086419753086,0.746913580246914,0,0,1.5313674842078,8
1270,21,8,"random","skewed","random","group",0.380952380952381,0.619047619047619,0,0,1.5313674842078,8
1270,21,8,"random","skewed","random","dynamic",0.232405058052769,0.767594941947231,0,0,1.5313674842078,8
1270,21,8,"random","skewed","random","calendar",0.232405058052769,0.767594941947231,0,0,1.5313674842078,8
1270,21,8,"random","skewed","random","stacked",0.536468213128442,0.463531786871558,0,0.218501105462841,1.4083322179545,8
1271,21,8,"random","skewed","random","simple",0.482993197278912,0.517006802721088,0,0,1.5313674842078,8
1271,21,8,"random","skewed","random","group",0.619047619047619,0.380952380952381,0,0,1.5313674842078,8
1271,21,8,"random","skewed","random","dynamic",0.407188607384143,0.592811392615857,0,0,1.5313674842078,8
1271,21,8,"random","skewed","random","calendar",0.407188607384143,0.592811392615857,0,0,1.5313674842078,8
1271,21,8,"random","skewed","random","stacked",0.799986508597363,0.200013491402637,0,0,1.4083322179545,8
1272,21,8,"random","skewed","random","simple",0.533073929961089,0.466926070038911,0,0.466926070038911,0.330913823440591,8
1272,21,8,"random","skewed","random","group",0.619047619047619,0.380952380952381,0,0.380952380952381,0.330913823440591,8
1272,21,8,"random","skewed","random","dynamic",0.481892236876757,0.518107763123243,0,0.518107763123243,0.330913823440591,8
1272,21,8,"random","skewed","random","calendar",0.481892236876757,0.518107763123243,0,0.518107763123243,0.330913823440591,8
1272,21,8,"random","skewed","random","stacked",0.653683964037075,0.346316035962925,0,0.346316035962925,0.304327082639462,8
1273,21,11,"random","equal","random","simple",0.842592592592593,0.157407407407407,0,0.157407407407407,0.883187855576138,11
1273,21,11,"random","equal","random","group",0.909090909090909,0.0909090909090909,0,0.0909090909090909,0.883187855576138,11
1273,21,11,"random","equal","random","dynamic",0.83053391053391,0.169466089466089,0,0.169466089466089,0.883187855576138,11
1273,21,11,"random","equal","random","calendar",0.830533910533911,0.169466089466089,0,0.169466089466089,0.883187855576138,11
1273,21,11,"random","equal","random","stacked",0.913705583756345,0.0862944162436548,0,0.0862944162436548,0.854271745308325,11
1274,21,11,"random","equal","random","simple",0.678571428571429,0.321428571428571,0,0.151785714285714,2.36969300063141,11
1274,21,11,"random","equal","random","group",0.818181818181818,0.181818181818182,0,0.0909090909090909,0.883187855576138,11
1274,21,11,"random","equal","random","dynamic",0.554925191767297,0.445074808232703,0,0.169905825168983,2.36969300063141,11
1274,21,11,"random","equal","random","calendar",0.554925191767297,0.445074808232703,0,0.169905825168983,2.36969300063141,11
1274,21,11,"random","equal","random","stacked",0.869135802469136,0.130864197530864,0,0.0839506172839506,0.854271745308325,11
1275,21,11,"random","equal","random","simple",0.55,0.45,0,0.141666666666667,1.31273671530204,11
1275,21,11,"random","equal","random","group",0.727272727272727,0.272727272727273,0,0.0909090909090909,1.31273671530204,11
1275,21,11,"random","equal","random","dynamic",0.416649578491684,0.583350421508316,0,0.159362421204526,1.31273671530204,11
1275,21,11,"random","equal","random","calendar",0.416649578491684,0.583350421508316,0,0.159362421204526,1.31273671530204,11
1275,21,11,"random","equal","random","stacked",0.822222222222222,0.177777777777778,0,0.0755555555555556,1.2697569127916,11
1276,21,11,"random","equal","random","simple",0.831858407079646,0.168141592920354,0,0,2.36969300063141,11
1276,21,11,"random","equal","random","group",0.909090909090909,0.0909090909090909,0,0,2.36969300063141,11
1276,21,11,"random","equal","random","dynamic",0.784422799422799,0.215577200577201,0,0,2.36969300063141,11
1276,21,11,"random","equal","random","calendar",0.784422799422799,0.215577200577201,0,0,2.36969300063141,11
1276,21,11,"random","equal","random","stacked",0.951282051282051,0.0487179487179487,0,0,2.29210780324164,11
1277,21,11,"random","equal","random","simple",0.703389830508475,0.296610169491525,0,0.144067796610169,1.31273671530204,11
1277,21,11,"random","equal","random","group",0.818181818181818,0.181818181818182,0,0.0909090909090909,0.883187855576138,11
1277,21,11,"random","equal","random","dynamic",0.682337662337662,0.317662337662338,0,0.146331168831169,1.31273671530204,11
1277,21,11,"random","equal","random","calendar",0.682337662337662,0.317662337662338,0,0.146331168831169,1.31273671530204,11
1277,21,11,"random","equal","random","stacked",0.844387755102041,0.155612244897959,0,0.086734693877551,0.854271745308325,11
1278,21,11,"random","equal","random","simple",0.7,0.3,0,0.141666666666667,2.36969300063141,11
1278,21,11,"random","equal","random","group",0.818181818181818,0.181818181818182,0,0.0909090909090909,0.883187855576138,11
1278,21,11,"random","equal","random","dynamic",0.669123376623377,0.330876623376623,0,0.140438311688312,2.36969300063141,11
1278,21,11,"random","equal","random","calendar",0.669123376623377,0.330876623376623,0,0.140438311688312,2.36969300063141,11
1278,21,11,"random","equal","random","stacked",0.854794520547945,0.145205479452055,0,0.0931506849315069,0.854271745308325,11
1279,21,11,"random","equal","random","simple",0.786516853932584,0.213483146067416,0,0,2.36969300063141,11
1279,21,11,"random","equal","random","group",0.909090909090909,0.0909090909090909,0,0,2.36969300063141,11
1279,21,11,"random","equal","random","dynamic",0.604216981848561,0.395783018151439,0,0,2.36969300063141,11
1279,21,11,"random","equal","random","calendar",0.604216981848561,0.395783018151439,0,0,2.36969300063141,11
1279,21,11,"random","equal","random","stacked",0.953316953316953,0.0466830466830467,0,0,2.29210780324164,11
1280,21,11,"random","equal","random","simple",0.602941176470588,0.397058823529412,0,0.125,1.31273671530204,11
1280,21,11,"random","equal","random","group",0.727272727272727,0.272727272727273,0,0.0909090909090909,1.31273671530204,11
1280,21,11,"random","equal","random","dynamic",0.508384597858282,0.491615402141718,0,0.12878408141566,1.31273671530204,11
1280,21,11,"random","equal","random","calendar",0.508384597858282,0.491615402141718,0,0.12878408141566,1.31273671530204,11
1280,21,11,"random","equal","random","stacked",0.808612440191388,0.191387559808612,0,0.0813397129186603,1.2697569127916,11
1281,21,11,"random","equal","random","simple",0.84070796460177,0.15929203539823,0,0,1.31273671530204,11
1281,21,11,"random","equal","random","group",0.909090909090909,0.0909090909090909,0,0,1.31273671530204,11
1281,21,11,"random","equal","random","dynamic",0.804244227994228,0.195755772005772,0,0,1.31273671530204,11
1281,21,11,"random","equal","random","calendar",0.804244227994228,0.195755772005772,0,0,1.31273671530204,11
1281,21,11,"random","equal","random","stacked",0.933002481389578,0.0669975186104219,0,0,1.2697569127916,11
1282,21,11,"random","equal","random","simple",0.861788617886179,0.138211382113821,0,0.138211382113821,0.883187855576138,11
1282,21,11,"random","equal","random","group",0.909090909090909,0.0909090909090909,0,0.0909090909090909,0.883187855576138,11
1282,21,11,"random","equal","random","dynamic",0.846863275613276,0.153136724386724,0,0.153136724386724,0.883187855576138,11
1282,21,11,"random","equal","random","calendar",0.846863275613276,0.153136724386724,0,0.153136724386724,0.883187855576138,11
1282,21,11,"random","equal","random","stacked",0.924276169265033,0.0757238307349666,0,0.0757238307349666,0.854271745308325,11
1283,21,11,"random","equal","random","simple",0.824074074074074,0.175925925925926,0,0,2.36969300063141,11
1283,21,11,"random","equal","random","group",0.909090909090909,0.0909090909090909,0,0,2.36969300063141,11
1283,21,11,"random","equal","random","dynamic",0.771922799422799,0.228077200577201,0,0,2.36969300063141,11
1283,21,11,"random","equal","random","calendar",0.771922799422799,0.228077200577201,0,0,2.36969300063141,11
1283,21,11,"random","equal","random","stacked",0.950904392764858,0.0490956072351421,0,0,2.29210780324164,11
1284,21,11,"random","equal","random","simple",0.694214876033058,0.305785123966942,0,0,2.36969300063141,11
1284,21,11,"random","equal","random","group",0.818181818181818,0.181818181818182,0,0,1.31273671530204,11
1284,21,11,"random","equal","random","dynamic",0.635386002886003,0.364613997113997,0,0,2.36969300063141,11
1284,21,11,"random","equal","random","calendar",0.635386002886003,0.364613997113997,0,0,2.36969300063141,11
1284,21,11,"random","equal","random","stacked",0.889952153110048,0.110047846889952,0,0,1.2697569127916,11
1285,21,11,"random","equal","random","simple",0.724409448818898,0.275590551181102,0,0.133858267716535,1.31273671530204,11
1285,21,11,"random","equal","random","group",0.818181818181818,0.181818181818182,0,0.0909090909090909,0.883187855576138,11
1285,21,11,"random","equal","random","dynamic",0.701738816738817,0.298261183261183,0,0.136630591630592,1.31273671530204,11
1285,21,11,"random","equal","random","calendar",0.701738816738817,0.298261183261183,0,0.136630591630592,1.31273671530204,11
1285,21,11,"random","equal","random","stacked",0.855450236966825,0.144549763033175,0,0.0805687203791469,0.854271745308325,11
1286,21,11,"random","equal","random","simple",0.663636363636364,0.336363636363636,0,0,2.36969300063141,11
1286,21,11,"random","equal","random","group",0.818181818181818,0.181818181818182,0,0,1.31273671530204,11
1286,21,11,"random","equal","random","dynamic",0.508513708513709,0.491486291486291,0,0,2.36969300063141,11
1286,21,11,"random","equal","random","calendar",0.508513708513708,0.491486291486291,0,0,2.36969300063141,11
1286,21,11,"random","equal","random","stacked",0.896860986547085,0.103139013452915,0,0,1.2697569127916,11
1287,21,11,"random","equal","random","simple",0.513513513513513,0.486486486486487,0,0.153153153153153,1.31273671530204,11
1287,21,11,"random","equal","random","group",0.727272727272727,0.272727272727273,0,0.0909090909090909,1.31273671530204,11
1287,21,11,"random","equal","random","dynamic",0.402056277056277,0.597943722943723,0,0.164226855016329,1.31273671530204,11
1287,21,11,"random","equal","random","calendar",0.402056277056277,0.597943722943723,0,0.164226855016329,1.31273671530204,11
1287,21,11,"random","equal","random","stacked",0.798994974874372,0.201005025125628,0,0.085427135678392,1.2697569127916,11
1288,21,11,"random","equal","random","simple",0.701612903225806,0.298387096774194,0,0,2.36969300063141,11
1288,21,11,"random","equal","random","group",0.818181818181818,0.181818181818182,0,0,1.31273671530204,11
1288,21,11,"random","equal","random","dynamic",0.64475468975469,0.35524531024531,0,0,2.36969300063141,11
1288,21,11,"random","equal","random","calendar",0.64475468975469,0.35524531024531,0,0,2.36969300063141,11
1288,21,11,"random","equal","random","stacked",0.89047619047619,0.10952380952381,0,0,1.2697569127916,11
1289,21,11,"random","equal","random","simple",0.853448275862069,0.146551724137931,0,0.146551724137931,0.883187855576138,11
1289,21,11,"random","equal","random","group",0.909090909090909,0.0909090909090909,0,0.0909090909090909,0.883187855576138,11
1289,21,11,"random","equal","random","dynamic",0.837617243867244,0.162382756132756,0,0.162382756132756,0.883187855576138,11
1289,21,11,"random","equal","random","calendar",0.837617243867244,0.162382756132756,0,0.162382756132756,0.883187855576138,11
1289,21,11,"random","equal","random","stacked",0.921296296296296,0.0787037037037037,0,0.0787037037037037,0.854271745308325,11
1290,21,11,"random","equal","random","simple",0.6875,0.3125,0,0.151785714285714,1.31273671530204,11
1290,21,11,"random","equal","random","group",0.818181818181818,0.181818181818182,0,0.0909090909090909,0.883187855576138,11
1290,21,11,"random","equal","random","dynamic",0.571865480198814,0.428134519801187,0,0.186289482122815,1.31273671530204,11
1290,21,11,"random","equal","random","calendar",0.571865480198814,0.428134519801186,0,0.186289482122815,1.31273671530204,11
1290,21,11,"random","equal","random","stacked",0.865934065934066,0.134065934065934,0,0.0747252747252747,0.854271745308325,11
1291,21,11,"random","equal","random","simple",0.833333333333333,0.166666666666667,0,0,2.36969300063141,11
1291,21,11,"random","equal","random","group",0.909090909090909,0.0909090909090909,0,0,2.36969300063141,11
1291,21,11,"random","equal","random","dynamic",0.770710678210678,0.229289321789322,0,0,2.36969300063141,11
1291,21,11,"random","equal","random","calendar",0.770710678210678,0.229289321789322,0,0,2.36969300063141,11
1291,21,11,"random","equal","random","stacked",0.955813953488372,0.0441860465116279,0,0,2.29210780324164,11
1292,21,11,"random","equal","random","simple",0.611510791366906,0.388489208633094,0,0.122302158273381,1.31273671530204,11
1292,21,11,"random","equal","random","group",0.727272727272727,0.272727272727273,0,0.0909090909090909,1.31273671530204,11
1292,21,11,"random","equal","random","dynamic",0.587483766233766,0.412516233766234,0,0.118060966810967,1.31273671530204,11
1292,21,11,"random","equal","random","calendar",0.587483766233766,0.412516233766234,0,0.118060966810967,1.31273671530204,11
1292,21,11,"random","equal","random","stacked",0.797979797979798,0.202020202020202,0,0.0858585858585859,1.2697569127916,11
1293,21,11,"random","equal","random","simple",0.709677419354839,0.290322580645161,0,0.137096774193548,2.36969300063141,11
1293,21,11,"random","equal","random","group",0.818181818181818,0.181818181818182,0,0.0909090909090909,0.883187855576138,11
1293,21,11,"random","equal","random","dynamic",0.668845598845599,0.331154401154401,0,0.140577200577201,2.36969300063141,11
1293,21,11,"random","equal","random","calendar",0.668845598845599,0.331154401154401,0,0.140577200577201,2.36969300063141,11
1293,21,11,"random","equal","random","stacked",0.863753213367609,0.136246786632391,0,0.0874035989717224,0.854271745308325,11
1294,21,11,"random","equal","random","simple",0.686440677966102,0.313559322033898,0,0,2.36969300063141,11
1294,21,11,"random","equal","random","group",0.818181818181818,0.181818181818182,0,0,1.31273671530204,11
1294,21,11,"random","equal","random","dynamic",0.565075567707147,0.434924432292853,0,0,2.36969300063141,11
1294,21,11,"random","equal","random","calendar",0.565075567707147,0.434924432292853,0,0,2.36969300063141,11
1294,21,11,"random","equal","random","stacked",0.889423076923077,0.110576923076923,0,0,1.2697569127916,11
1295,21,11,"random","equal","random","simple",0.848214285714286,0.151785714285714,0,0.151785714285714,0.883187855576138,11
1295,21,11,"random","equal","random","group",0.909090909090909,0.0909090909090909,0,0.0909090909090909,0.883187855576138,11
1295,21,11,"random","equal","random","dynamic",0.825672799422799,0.174327200577201,0,0.174327200577201,0.883187855576138,11
1295,21,11,"random","equal","random","calendar",0.825672799422799,0.174327200577201,0,0.174327200577201,0.883187855576138,11
1295,21,11,"random","equal","random","stacked",0.922902494331066,0.0770975056689343,0,0.0770975056689343,0.854271745308325,11
1296,21,11,"random","equal","random","simple",1,0,0,0,NA,11
1296,21,11,"random","equal","random","group",1,0,0,0,NA,11
1296,21,11,"random","equal","random","dynamic",1,0,0,0,NA,11
1296,21,11,"random","equal","random","calendar",1,0,0,0,NA,11
1296,21,11,"random","equal","random","stacked",1,0,0,0,NA,11
1297,21,11,"random","equal","random","simple",0.663461538461538,0.336538461538462,0,0.163461538461538,1.31273671530204,11
1297,21,11,"random","equal","random","group",0.818181818181818,0.181818181818182,0,0.0909090909090909,0.883187855576138,11
1297,21,11,"random","equal","random","dynamic",0.542235850569184,0.457764149430816,0,0.20110429693763,1.31273671530204,11
1297,21,11,"random","equal","random","calendar",0.542235850569184,0.457764149430816,0,0.20110429693763,1.31273671530204,11
1297,21,11,"random","equal","random","stacked",0.855106888361045,0.144893111638955,0,0.0807600950118765,0.854271745308325,11
1298,21,11,"random","equal","random","simple",0.63758389261745,0.36241610738255,0,0.114093959731544,1.31273671530204,11
1298,21,11,"random","equal","random","group",0.727272727272727,0.272727272727273,0,0.0909090909090909,1.31273671530204,11
1298,21,11,"random","equal","random","dynamic",0.602775974025974,0.397224025974026,0,0.112963564213564,1.31273671530204,11
1298,21,11,"random","equal","random","calendar",0.602775974025974,0.397224025974026,0,0.112963564213564,1.31273671530204,11
1298,21,11,"random","equal","random","stacked",0.813953488372093,0.186046511627907,0,0.0790697674418605,1.2697569127916,11
1299,21,11,"random","equal","random","simple",0.727272727272727,0.272727272727273,0,0.128787878787879,2.36969300063141,11
1299,21,11,"random","equal","random","group",0.818181818181818,0.181818181818182,0,0.0909090909090909,0.883187855576138,11
1299,21,11,"random","equal","random","dynamic",0.687968975468975,0.312031024531025,0,0.131015512265512,2.36969300063141,11
1299,21,11,"random","equal","random","calendar",0.687968975468975,0.312031024531024,0,0.131015512265512,2.36969300063141,11
1299,21,11,"random","equal","random","stacked",0.874407582938389,0.125592417061611,0,0.0805687203791469,0.854271745308325,11
1300,21,11,"random","equal","random","simple",0.722222222222222,0.277777777777778,0,0.134920634920635,1.31273671530204,11
1300,21,11,"random","equal","random","group",0.818181818181818,0.181818181818182,0,0.0909090909090909,0.883187855576138,11
1300,21,11,"random","equal","random","dynamic",0.611848645181979,0.388151354818022,0,0.166297899631233,1.31273671530204,11
1300,21,11,"random","equal","random","calendar",0.611848645181979,0.388151354818021,0,0.166297899631233,1.31273671530204,11
1300,21,11,"random","equal","random","stacked",0.872651356993737,0.127348643006263,0,0.0709812108559499,0.854271745308325,11
1301,21,11,"random","equal","random","simple",0.71875,0.28125,0,0.1328125,2.36969300063141,11
1301,21,11,"random","equal","random","group",0.818181818181818,0.181818181818182,0,0.0909090909090909,0.883187855576138,11
1301,21,11,"random","equal","random","dynamic",0.670191197691198,0.329808802308802,0,0.139904401154401,2.36969300063141,11
1301,21,11,"random","equal","random","calendar",0.670191197691198,0.329808802308802,0,0.139904401154401,2.36969300063141,11
1301,21,11,"random","equal","random","stacked",0.874109263657957,0.125890736342043,0,0.0807600950118765,0.854271745308325,11
1302,21,11,"random","equal","random","simple",0.72992700729927,0.27007299270073,0,0,2.36969300063141,11
1302,21,11,"random","equal","random","group",0.818181818181818,0.181818181818182,0,0,1.31273671530204,11
1302,21,11,"random","equal","random","dynamic",0.671572871572871,0.328427128427129,0,0,2.36969300063141,11
1302,21,11,"random","equal","random","calendar",0.671572871572872,0.328427128427128,0,0,2.36969300063141,11
1302,21,11,"random","equal","random","stacked",0.898230088495575,0.101769911504425,0,0,1.2697569127916,11
1303,21,11,"random","equal","random","simple",0.83495145631068,0.16504854368932,0,0.16504854368932,0.883187855576138,11
1303,21,11,"random","equal","random","group",0.909090909090909,0.0909090909090909,0,0.0909090909090909,0.883187855576138,11
1303,21,11,"random","equal","random","dynamic",0.796783910533911,0.203216089466089,0,0.203216089466089,0.883187855576138,11
1303,21,11,"random","equal","random","calendar",0.796783910533911,0.203216089466089,0,0.203216089466089,0.883187855576138,11
1303,21,11,"random","equal","random","stacked",0.920560747663551,0.0794392523364486,0,0.0794392523364486,0.854271745308325,11
1304,21,11,"random","equal","random","simple",0.714285714285714,0.285714285714286,0,0.134920634920635,2.36969300063141,11
1304,21,11,"random","equal","random","group",0.818181818181818,0.181818181818182,0,0.0909090909090909,0.883187855576138,11
1304,21,11,"random","equal","random","dynamic",0.675512265512266,0.324487734487734,0,0.137243867243867,2.36969300063141,11
1304,21,11,"random","equal","random","calendar",0.675512265512266,0.324487734487734,0,0.137243867243867,2.36969300063141,11
1304,21,11,"random","equal","random","stacked",0.868811881188119,0.131188118811881,0,0.0841584158415842,0.854271745308325,11
1305,21,11,"random","equal","random","simple",0.672727272727273,0.327272727272727,0,0.154545454545455,2.36969300063141,11
1305,21,11,"random","equal","random","group",0.818181818181818,0.181818181818182,0,0.0909090909090909,0.883187855576138,11
1305,21,11,"random","equal","random","dynamic",0.536504139135718,0.463495860864282,0,0.179116351484773,2.36969300063141,11
1305,21,11,"random","equal","random","calendar",0.536504139135718,0.463495860864282,0,0.179116351484773,2.36969300063141,11
1305,21,11,"random","equal","random","stacked",0.875586854460094,0.124413145539906,0,0.07981220657277,0.854271745308325,11
1306,21,11,"random","equal","random","simple",0.666666666666667,0.333333333333333,0,0.161904761904762,1.31273671530204,11
1306,21,11,"random","equal","random","group",0.818181818181818,0.181818181818182,0,0.0909090909090909,0.883187855576138,11
1306,21,11,"random","equal","random","dynamic",0.529537437870771,0.470462562129229,0,0.207453503286837,1.31273671530204,11
1306,21,11,"random","equal","random","calendar",0.529537437870771,0.470462562129229,0,0.207453503286837,1.31273671530204,11
1306,21,11,"random","equal","random","stacked",0.853365384615385,0.146634615384615,0,0.0817307692307692,0.854271745308325,11
1307,21,11,"random","equal","random","simple",0.827272727272727,0.172727272727273,0,0,2.36969300063141,11
1307,21,11,"random","equal","random","group",0.909090909090909,0.0909090909090909,0,0,2.36969300063141,11
1307,21,11,"random","equal","random","dynamic",0.764978354978355,0.235021645021645,0,0,2.36969300063141,11
1307,21,11,"random","equal","random","calendar",0.764978354978355,0.235021645021645,0,0,2.36969300063141,11
1307,21,11,"random","equal","random","stacked",0.95343137254902,0.0465686274509804,0,0,2.29210780324164,11
1308,21,11,"random","equal","random","simple",0.705882352941177,0.294117647058823,0,0.142857142857143,1.31273671530204,11
1308,21,11,"random","equal","random","group",0.818181818181818,0.181818181818182,0,0.0909090909090909,0.883187855576138,11
1308,21,11,"random","equal","random","dynamic",0.577541285874619,0.422458714125381,0,0.183451579284913,1.31273671530204,11
1308,21,11,"random","equal","random","calendar",0.577541285874619,0.422458714125381,0,0.183451579284913,1.31273671530204,11
1308,21,11,"random","equal","random","stacked",0.87396694214876,0.12603305785124,0,0.0702479338842975,0.854271745308325,11
1309,21,11,"random","equal","random","simple",0.721804511278195,0.278195488721804,0,0,2.36969300063141,11
1309,21,11,"random","equal","random","group",0.818181818181818,0.181818181818182,0,0,1.31273671530204,11
1309,21,11,"random","equal","random","dynamic",0.682330447330447,0.317669552669553,0,0,2.36969300063141,11
1309,21,11,"random","equal","random","calendar",0.682330447330447,0.317669552669553,0,0,2.36969300063141,11
1309,21,11,"random","equal","random","stacked",0.887254901960784,0.112745098039216,0,0,1.2697569127916,11
1310,21,11,"random","equal","random","simple",0.841121495327103,0.158878504672897,0,0.158878504672897,0.883187855576138,11
1310,21,11,"random","equal","random","group",0.909090909090909,0.0909090909090909,0,0.0909090909090909,0.883187855576138,11
1310,21,11,"random","equal","random","dynamic",0.823470418470419,0.176529581529582,0,0.176529581529582,0.883187855576138,11
1310,21,11,"random","equal","random","calendar",0.823470418470418,0.176529581529582,0,0.176529581529582,0.883187855576138,11
1310,21,11,"random","equal","random","stacked",0.913265306122449,0.086734693877551,0,0.086734693877551,0.854271745308325,11
1311,21,11,"random","equal","random","simple",0.818181818181818,0.181818181818182,0,0,1.31273671530204,11
1311,21,11,"random","equal","random","group",0.909090909090909,0.0909090909090909,0,0,1.31273671530204,11
1311,21,11,"random","equal","random","dynamic",0.682162898829565,0.317837101170435,0,0,1.31273671530204,11
1311,21,11,"random","equal","random","calendar",0.682162898829565,0.317837101170435,0,0,1.31273671530204,11
1311,21,11,"random","equal","random","stacked",0.940133037694013,0.0598669623059867,0,0,1.2697569127916,11
1312,21,11,"random","equal","random","simple",0.678899082568807,0.321100917431193,0,0.155963302752294,1.31273671530204,11
1312,21,11,"random","equal","random","group",0.818181818181818,0.181818181818182,0,0.0909090909090909,0.883187855576138,11
1312,21,11,"random","equal","random","dynamic",0.559211159211159,0.440788840788841,0,0.192616642616643,1.31273671530204,11
1312,21,11,"random","equal","random","calendar",0.559211159211159,0.440788840788841,0,0.192616642616643,1.31273671530204,11
1312,21,11,"random","equal","random","stacked",0.8584686774942,0.1415313225058,0,0.0788863109048724,0.854271745308325,11
1313,21,11,"random","equal","random","simple",1,0,0,0,NA,11
1313,21,11,"random","equal","random","group",1,0,0,0,NA,11
1313,21,11,"random","equal","random","dynamic",1,0,0,0,NA,11
1313,21,11,"random","equal","random","calendar",1,0,0,0,NA,11
1313,21,11,"random","equal","random","stacked",1,0,0,0,NA,11
1314,21,11,"random","equal","random","simple",0.819047619047619,0.180952380952381,0,0,2.36969300063141,11
1314,21,11,"random","equal","random","group",0.909090909090909,0.0909090909090909,0,0,2.36969300063141,11
1314,21,11,"random","equal","random","dynamic",0.755950577200577,0.244049422799423,0,0,2.36969300063141,11
1314,21,11,"random","equal","random","calendar",0.755950577200577,0.244049422799423,0,0,2.36969300063141,11
1314,21,11,"random","equal","random","stacked",0.951030927835052,0.0489690721649485,0,0,2.29210780324164,11
1315,21,11,"random","equal","random","simple",0.854700854700855,0.145299145299145,0,0.145299145299145,0.883187855576138,11
1315,21,11,"random","equal","random","group",0.909090909090909,0.0909090909090909,0,0.0909090909090909,0.883187855576138,11
1315,21,11,"random","equal","random","dynamic",0.839641053391053,0.160358946608947,0,0.160358946608947,0.883187855576138,11
1315,21,11,"random","equal","random","calendar",0.839641053391053,0.160358946608947,0,0.160358946608947,0.883187855576138,11
1315,21,11,"random","equal","random","stacked",0.921296296296296,0.0787037037037037,0,0.0787037037037037,0.854271745308325,11
1316,21,11,"random","equal","random","simple",0.702479338842975,0.297520661157025,0,0.140495867768595,2.36969300063141,11
1316,21,11,"random","equal","random","group",0.818181818181818,0.181818181818182,0,0.0909090909090909,0.883187855576138,11
1316,21,11,"random","equal","random","dynamic",0.659357864357864,0.340642135642136,0,0.145321067821068,2.36969300063141,11
1316,21,11,"random","equal","random","calendar",0.659357864357864,0.340642135642136,0,0.145321067821068,2.36969300063141,11
1316,21,11,"random","equal","random","stacked",0.86783042394015,0.13216957605985,0,0.084788029925187,0.854271745308325,11
1317,21,11,"random","equal","random","simple",0.678899082568807,0.321100917431193,0,0.155963302752294,1.31273671530204,11
1317,21,11,"random","equal","random","group",0.818181818181818,0.181818181818182,0,0.0909090909090909,0.883187855576138,11
1317,21,11,"random","equal","random","dynamic",0.645588023088023,0.354411976911977,0,0.164705988455988,1.31273671530204,11
1317,21,11,"random","equal","random","calendar",0.645588023088023,0.354411976911977,0,0.164705988455988,1.31273671530204,11
1317,21,11,"random","equal","random","stacked",0.843989769820972,0.156010230179028,0,0.0869565217391304,0.854271745308325,11
1318,21,11,"random","equal","random","simple",0.846846846846847,0.153153153153153,0,0.153153153153153,0.883187855576138,11
1318,21,11,"random","equal","random","group",0.909090909090909,0.0909090909090909,0,0.0909090909090909,0.883187855576138,11
1318,21,11,"random","equal","random","dynamic",0.829877344877345,0.170122655122655,0,0.170122655122655,0.883187855576138,11
1318,21,11,"random","equal","random","calendar",0.829877344877345,0.170122655122655,0,0.170122655122655,0.883187855576138,11
1318,21,11,"random","equal","random","stacked",0.918854415274463,0.081145584725537,0,0.081145584725537,0.854271745308325,11
1319,21,11,"random","equal","random","simple",0.6,0.4,0,0.125925925925926,1.31273671530204,11
1319,21,11,"random","equal","random","group",0.727272727272727,0.272727272727273,0,0.0909090909090909,1.31273671530204,11
1319,21,11,"random","equal","random","dynamic",0.576661255411255,0.423338744588745,0,0.12166847041847,1.31273671530204,11
1319,21,11,"random","equal","random","calendar",0.576661255411255,0.423338744588745,0,0.12166847041847,1.31273671530204,11
1319,21,11,"random","equal","random","stacked",0.782608695652174,0.217391304347826,0,0.0923913043478261,1.2697569127916,11
1320,21,11,"random","equal","random","simple",0.694214876033058,0.305785123966942,0,0,2.36969300063141,11
1320,21,11,"random","equal","random","group",0.818181818181818,0.181818181818182,0,0,1.31273671530204,11
1320,21,11,"random","equal","random","dynamic",0.57931571352624,0.42068428647376,0,0,2.36969300063141,11
1320,21,11,"random","equal","random","calendar",0.57931571352624,0.42068428647376,0,0,2.36969300063141,11
1320,21,11,"random","equal","random","stacked",0.891509433962264,0.108490566037736,0,0,1.2697569127916,11
1321,21,11,"random","equal","random","simple",0.720930232558139,0.279069767441861,0,0.131782945736434,2.36969300063141,11
1321,21,11,"random","equal","random","group",0.818181818181818,0.181818181818182,0,0.0909090909090909,0.883187855576138,11
1321,21,11,"random","equal","random","dynamic",0.682135642135642,0.317864357864358,0,0.133932178932179,2.36969300063141,11
1321,21,11,"random","equal","random","calendar",0.682135642135642,0.317864357864358,0,0.133932178932179,2.36969300063141,11
1321,21,11,"random","equal","random","stacked",0.870098039215686,0.129901960784314,0,0.0833333333333333,0.854271745308325,11
1322,21,11,"random","equal","random","simple",0.704918032786885,0.295081967213115,0,0.139344262295082,2.36969300063141,11
1322,21,11,"random","equal","random","group",0.818181818181818,0.181818181818182,0,0.0909090909090909,0.883187855576138,11
1322,21,11,"random","equal","random","dynamic",0.587297789929369,0.412702210070631,0,0.153719526087947,2.36969300063141,11
1322,21,11,"random","equal","random","calendar",0.587297789929369,0.412702210070631,0,0.153719526087947,2.36969300063141,11
1322,21,11,"random","equal","random","stacked",0.871980676328502,0.128019323671498,0,0.0821256038647343,0.854271745308325,11
1323,21,11,"random","equal","random","simple",0.602941176470588,0.397058823529412,0,0.125,1.31273671530204,11
1323,21,11,"random","equal","random","group",0.727272727272727,0.272727272727273,0,0.0909090909090909,1.31273671530204,11
1323,21,11,"random","equal","random","dynamic",0.500979722032354,0.499020277967646,0,0.131252373357637,1.31273671530204,11
1323,21,11,"random","equal","random","calendar",0.500979722032354,0.499020277967646,0,0.131252373357637,1.31273671530204,11
1323,21,11,"random","equal","random","stacked",0.822616407982262,0.177383592017738,0,0.0753880266075388,1.2697569127916,11
1324,21,11,"random","equal","random","simple",0.833333333333333,0.166666666666667,0,0,2.36969300063141,11
1324,21,11,"random","equal","random","group",0.909090909090909,0.0909090909090909,0,0,2.36969300063141,11
1324,21,11,"random","equal","random","dynamic",0.770950577200577,0.229049422799423,0,0,2.36969300063141,11
1324,21,11,"random","equal","random","calendar",0.770950577200577,0.229049422799423,0,0,2.36969300063141,11
1324,21,11,"random","equal","random","stacked",0.955399061032864,0.0446009389671362,0,0,2.29210780324164,11
1325,21,11,"random","equal","random","simple",0.842105263157895,0.157894736842105,0,0,1.31273671530204,11
1325,21,11,"random","equal","random","group",0.909090909090909,0.0909090909090909,0,0,1.31273671530204,11
1325,21,11,"random","equal","random","dynamic",0.778450577200577,0.221549422799423,0,0,1.31273671530204,11
1325,21,11,"random","equal","random","calendar",0.778450577200577,0.221549422799423,0,0,1.31273671530204,11
1325,21,11,"random","equal","random","stacked",0.941048034934498,0.0589519650655022,0,0,1.2697569127916,11
1326,21,11,"random","equal","random","simple",0.55,0.45,0,0.141666666666667,1.31273671530204,11
1326,21,11,"random","equal","random","group",0.727272727272727,0.272727272727273,0,0.0909090909090909,1.31273671530204,11
1326,21,11,"random","equal","random","dynamic",0.50362012987013,0.49637987012987,0,0.146015512265512,1.31273671530204,11
1326,21,11,"random","equal","random","calendar",0.50362012987013,0.49637987012987,0,0.146015512265512,1.31273671530204,11
1326,21,11,"random","equal","random","stacked",0.7911227154047,0.2088772845953,0,0.0887728459530026,1.2697569127916,11
1327,21,11,"random","equal","random","simple",0.691666666666667,0.308333333333333,0,0,2.36969300063141,11
1327,21,11,"random","equal","random","group",0.818181818181818,0.181818181818182,0,0,1.31273671530204,11
1327,21,11,"random","equal","random","dynamic",0.651226551226551,0.348773448773449,0,0,2.36969300063141,11
1327,21,11,"random","equal","random","calendar",0.651226551226551,0.348773448773449,0,0,2.36969300063141,11
1327,21,11,"random","equal","random","stacked",0.8732782369146,0.1267217630854,0,0,1.2697569127916,11
1328,21,11,"random","equal","random","simple",0.694915254237288,0.305084745762712,0,0.144067796610169,2.36969300063141,11
1328,21,11,"random","equal","random","group",0.818181818181818,0.181818181818182,0,0.0909090909090909,0.883187855576138,11
1328,21,11,"random","equal","random","dynamic",0.578525860104807,0.421474139895193,0,0.158105491000228,2.36969300063141,11
1328,21,11,"random","equal","random","calendar",0.578525860104807,0.421474139895192,0,0.158105491000228,2.36969300063141,11
1328,21,11,"random","equal","random","stacked",0.870098039215686,0.129901960784314,0,0.0833333333333333,0.854271745308325,11
1329,21,11,"random","equal","random","simple",0.827272727272727,0.172727272727273,0,0,2.36969300063141,11
1329,21,11,"random","equal","random","group",0.909090909090909,0.0909090909090909,0,0,2.36969300063141,11
1329,21,11,"random","equal","random","dynamic",0.67483101693628,0.32516898306372,0,0,2.36969300063141,11
1329,21,11,"random","equal","random","calendar",0.67483101693628,0.32516898306372,0,0,2.36969300063141,11
1329,21,11,"random","equal","random","stacked",0.957683741648107,0.0423162583518931,0,0,2.29210780324164,11
1330,21,11,"random","equal","random","simple",0.644230769230769,0.355769230769231,0,0,2.36969300063141,11
1330,21,11,"random","equal","random","group",0.818181818181818,0.181818181818182,0,0,1.31273671530204,11
1330,21,11,"random","equal","random","dynamic",0.523220931115668,0.476779068884332,0,0,2.36969300063141,11
1330,21,11,"random","equal","random","calendar",0.523220931115668,0.476779068884332,0,0,2.36969300063141,11
1330,21,11,"random","equal","random","stacked",0.879581151832461,0.120418848167539,0,0,1.2697569127916,11
1331,21,11,"random","equal","random","simple",0.836206896551724,0.163793103448276,0,0,2.36969300063141,11
1331,21,11,"random","equal","random","group",0.909090909090909,0.0909090909090909,0,0,2.36969300063141,11
1331,21,11,"random","equal","random","dynamic",0.652542340700235,0.347457659299765,0,0,2.36969300063141,11
1331,21,11,"random","equal","random","calendar",0.652542340700235,0.347457659299765,0,0,2.36969300063141,11
1331,21,11,"random","equal","random","stacked",0.962075848303393,0.0379241516966068,0,0,2.29210780324164,11
1332,21,11,"random","equal","random","simple",0.848214285714286,0.151785714285714,0,0.151785714285714,0.883187855576138,11
1332,21,11,"random","equal","random","group",0.909090909090909,0.0909090909090909,0,0.0909090909090909,0.883187855576138,11
1332,21,11,"random","equal","random","dynamic",0.813567821067821,0.186432178932179,0,0.186432178932179,0.883187855576138,11
1332,21,11,"random","equal","random","calendar",0.813567821067821,0.186432178932179,0,0.186432178932179,0.883187855576138,11
1332,21,11,"random","equal","random","stacked",0.924611973392461,0.0753880266075388,0,0.0753880266075388,0.854271745308325,11
1333,21,11,"random","equal","random","simple",0.560975609756098,0.439024390243902,0,0.138211382113821,1.31273671530204,11
1333,21,11,"random","equal","random","group",0.727272727272727,0.272727272727273,0,0.0909090909090909,1.31273671530204,11
1333,21,11,"random","equal","random","dynamic",0.453503075871497,0.546496924128503,0,0.147077922077922,1.31273671530204,11
1333,21,11,"random","equal","random","calendar",0.453503075871497,0.546496924128503,0,0.147077922077922,1.31273671530204,11
1333,21,11,"random","equal","random","stacked",0.805825242718447,0.194174757281553,0,0.0825242718446602,1.2697569127916,11
1334,21,11,"random","equal","random","simple",0.660377358490566,0.339622641509434,0,0.160377358490566,2.36969300063141,11
1334,21,11,"random","equal","random","group",0.818181818181818,0.181818181818182,0,0.0909090909090909,0.883187855576138,11
1334,21,11,"random","equal","random","dynamic",0.534749753170806,0.465250246829194,0,0.179993544467229,2.36969300063141,11
1334,21,11,"random","equal","random","calendar",0.534749753170806,0.465250246829194,0,0.179993544467229,2.36969300063141,11
1334,21,11,"random","equal","random","stacked",0.868159203980099,0.131840796019901,0,0.0845771144278607,0.854271745308325,11
1335,21,11,"random","equal","random","simple",0.806122448979592,0.193877551020408,0,0,2.36969300063141,11
1335,21,11,"random","equal","random","group",0.909090909090909,0.0909090909090909,0,0,2.36969300063141,11
1335,21,11,"random","equal","random","dynamic",0.731446608946609,0.268553391053391,0,0,2.36969300063141,11
1335,21,11,"random","equal","random","calendar",0.731446608946609,0.268553391053391,0,0,2.36969300063141,11
1335,21,11,"random","equal","random","stacked",0.950904392764858,0.0490956072351421,0,0,2.29210780324164,11
1336,21,11,"random","equal","random","simple",0.663551401869159,0.336448598130841,0,0.158878504672897,2.36969300063141,11
1336,21,11,"random","equal","random","group",0.818181818181818,0.181818181818182,0,0.0909090909090909,0.883187855576138,11
1336,21,11,"random","equal","random","dynamic",0.51357180830865,0.48642819169135,0,0.190582516898306,2.36969300063141,11
1336,21,11,"random","equal","random","calendar",0.51357180830865,0.48642819169135,0,0.190582516898306,2.36969300063141,11
1336,21,11,"random","equal","random","stacked",0.873508353221957,0.126491646778043,0,0.081145584725537,0.854271745308325,11
1337,21,11,"random","equal","random","simple",0.830188679245283,0.169811320754717,0,0,1.31273671530204,11
1337,21,11,"random","equal","random","group",0.909090909090909,0.0909090909090909,0,0,1.31273671530204,11
1337,21,11,"random","equal","random","dynamic",0.678833974667308,0.321166025332692,0,0,1.31273671530204,11
1337,21,11,"random","equal","random","calendar",0.678833974667308,0.321166025332692,0,0,1.31273671530204,11
1337,21,11,"random","equal","random","stacked",0.942796610169492,0.0572033898305085,0,0,1.2697569127916,11
1338,21,11,"random","equal","random","simple",0.732824427480916,0.267175572519084,0,0.129770992366412,1.31273671530204,11
1338,21,11,"random","equal","random","group",0.818181818181818,0.181818181818182,0,0.0909090909090909,0.883187855576138,11
1338,21,11,"random","equal","random","dynamic",0.716345598845599,0.283654401154401,0,0.129327200577201,1.31273671530204,11
1338,21,11,"random","equal","random","calendar",0.716345598845599,0.283654401154401,0,0.129327200577201,1.31273671530204,11
1338,21,11,"random","equal","random","stacked",0.84863523573201,0.15136476426799,0,0.0843672456575682,0.854271745308325,11
1339,21,11,"random","equal","random","simple",0.86046511627907,0.13953488372093,0,0,1.31273671530204,11
1339,21,11,"random","equal","random","group",0.909090909090909,0.0909090909090909,0,0,1.31273671530204,11
1339,21,11,"random","equal","random","dynamic",0.82783189033189,0.17216810966811,0,0,1.31273671530204,11
1339,21,11,"random","equal","random","calendar",0.82783189033189,0.17216810966811,0,0,1.31273671530204,11
1339,21,11,"random","equal","random","stacked",0.941048034934498,0.0589519650655022,0,0,1.2697569127916,11
1340,21,11,"random","equal","random","simple",0.715384615384615,0.284615384615385,0,0,2.36969300063141,11
1340,21,11,"random","equal","random","group",0.818181818181818,0.181818181818182,0,0,1.31273671530204,11
1340,21,11,"random","equal","random","dynamic",0.667135642135642,0.332864357864358,0,0,2.36969300063141,11
1340,21,11,"random","equal","random","calendar",0.667135642135642,0.332864357864358,0,0,2.36969300063141,11
1340,21,11,"random","equal","random","stacked",0.88861985472155,0.11138014527845,0,0,1.2697569127916,11
1341,21,11,"random","equal","random","simple",0.715384615384615,0.284615384615385,0,0,2.36969300063141,11
1341,21,11,"random","equal","random","group",0.818181818181818,0.181818181818182,0,0,1.31273671530204,11
1341,21,11,"random","equal","random","dynamic",0.664401154401154,0.335598845598846,0,0,2.36969300063141,11
1341,21,11,"random","equal","random","calendar",0.664401154401154,0.335598845598846,0,0,2.36969300063141,11
1341,21,11,"random","equal","random","stacked",0.886699507389163,0.113300492610837,0,0,1.2697569127916,11
1342,21,11,"random","equal","random","simple",1,0,0,0,NA,11
1342,21,11,"random","equal","random","group",1,0,0,0,NA,11
1342,21,11,"random","equal","random","dynamic",1,0,0,0,NA,11
1342,21,11,"random","equal","random","calendar",1,0,0,0,NA,11
1342,21,11,"random","equal","random","stacked",1,0,0,0,NA,11
1343,21,11,"random","equal","random","simple",0.698275862068966,0.301724137931034,0,0.146551724137931,1.31273671530204,11
1343,21,11,"random","equal","random","group",0.818181818181818,0.181818181818182,0,0.0909090909090909,0.883187855576138,11
1343,21,11,"random","equal","random","dynamic",0.665670995670996,0.334329004329004,0,0.154664502164502,1.31273671530204,11
1343,21,11,"random","equal","random","calendar",0.665670995670996,0.334329004329004,0,0.154664502164502,1.31273671530204,11
1343,21,11,"random","equal","random","stacked",0.84788029925187,0.15211970074813,0,0.084788029925187,0.854271745308325,11
1344,21,11,"random","equal","random","simple",0.686440677966102,0.313559322033898,0,0,2.36969300063141,11
1344,21,11,"random","equal","random","group",0.818181818181818,0.181818181818182,0,0,1.31273671530204,11
1344,21,11,"random","equal","random","dynamic",0.633365800865801,0.366634199134199,0,0,2.36969300063141,11
1344,21,11,"random","equal","random","calendar",0.633365800865801,0.366634199134199,0,0,2.36969300063141,11
1344,21,11,"random","equal","random","stacked",0.884130982367758,0.115869017632242,0,0,1.2697569127916,11
1345,21,11,"random","equal","random","simple",0.845454545454545,0.154545454545455,0,0.154545454545455,0.883187855576138,11
1345,21,11,"random","equal","random","group",0.909090909090909,0.0909090909090909,0,0.0909090909090909,0.883187855576138,11
1345,21,11,"random","equal","random","dynamic",0.833827561327561,0.166172438672439,0,0.166172438672439,0.883187855576138,11
1345,21,11,"random","equal","random","calendar",0.833827561327561,0.166172438672439,0,0.166172438672439,0.883187855576138,11
1345,21,11,"random","equal","random","stacked",0.913265306122449,0.086734693877551,0,0.086734693877551,0.854271745308325,11
1346,21,11,"random","equal","random","simple",0.644230769230769,0.355769230769231,0,0,2.36969300063141,11
1346,21,11,"random","equal","random","group",0.818181818181818,0.181818181818182,0,0,1.31273671530204,11
1346,21,11,"random","equal","random","dynamic",0.577178932178932,0.422821067821068,0,0,2.36969300063141,11
1346,21,11,"random","equal","random","calendar",0.577178932178932,0.422821067821068,0,0,2.36969300063141,11
1346,21,11,"random","equal","random","stacked",0.872576177285318,0.127423822714682,0,0,1.2697569127916,11
1347,21,11,"random","equal","random","simple",0.517857142857143,0.482142857142857,0,0.151785714285714,1.31273671530204,11
1347,21,11,"random","equal","random","group",0.727272727272727,0.272727272727273,0,0.0909090909090909,1.31273671530204,11
1347,21,11,"random","equal","random","dynamic",0.385138983823194,0.614861016176806,0,0.16986595276069,1.31273671530204,11
1347,21,11,"random","equal","random","calendar",0.385138983823194,0.614861016176806,0,0.16986595276069,1.31273671530204,11
1347,21,11,"random","equal","random","stacked",0.809069212410501,0.190930787589499,0,0.081145584725537,1.2697569127916,11
1348,21,11,"random","equal","random","simple",0.841666666666667,0.158333333333333,0,0,2.36969300063141,11
1348,21,11,"random","equal","random","group",0.909090909090909,0.0909090909090909,0,0,2.36969300063141,11
1348,21,11,"random","equal","random","dynamic",0.783867243867244,0.216132756132756,0,0,2.36969300063141,11
1348,21,11,"random","equal","random","calendar",0.783867243867244,0.216132756132756,0,0,2.36969300063141,11
1348,21,11,"random","equal","random","stacked",0.955294117647059,0.0447058823529412,0,0,2.29210780324164,11
1349,21,11,"random","equal","random","simple",0.746478873239437,0.253521126760563,0,0.119718309859155,2.36969300063141,11
1349,21,11,"random","equal","random","group",0.818181818181818,0.181818181818182,0,0.0909090909090909,0.883187855576138,11
1349,21,11,"random","equal","random","dynamic",0.708719336219336,0.291280663780664,0,0.120640331890332,2.36969300063141,11
1349,21,11,"random","equal","random","calendar",0.708719336219336,0.291280663780664,0,0.120640331890332,2.36969300063141,11
1349,21,11,"random","equal","random","stacked",0.876168224299065,0.123831775700935,0,0.0794392523364486,0.854271745308325,11
1350,21,11,"random","equal","random","simple",0.701612903225806,0.298387096774194,0,0,2.36969300063141,11
1350,21,11,"random","equal","random","group",0.818181818181818,0.181818181818182,0,0,1.31273671530204,11
1350,21,11,"random","equal","random","dynamic",0.585376319586846,0.414623680413154,0,0,2.36969300063141,11
1350,21,11,"random","equal","random","calendar",0.585376319586846,0.414623680413154,0,0,2.36969300063141,11
1350,21,11,"random","equal","random","stacked",0.892271662763466,0.107728337236534,0,0,1.2697569127916,11
1351,21,11,"random","equal","random","simple",0.660550458715596,0.339449541284404,0,0,2.36969300063141,11
1351,21,11,"random","equal","random","group",0.818181818181818,0.181818181818182,0,0,1.31273671530204,11
1351,21,11,"random","equal","random","dynamic",0.514449001291107,0.485550998708893,0,0,2.36969300063141,11
1351,21,11,"random","equal","random","calendar",0.514449001291107,0.485550998708893,0,0,2.36969300063141,11
1351,21,11,"random","equal","random","stacked",0.893023255813953,0.106976744186047,0,0,1.2697569127916,11
1352,21,11,"random","equal","random","simple",0.802197802197802,0.197802197802198,0,0,1.31273671530204,11
1352,21,11,"random","equal","random","group",0.909090909090909,0.0909090909090909,0,0,1.31273671530204,11
1352,21,11,"random","equal","random","dynamic",0.585006814173481,0.414993185826519,0,0,1.31273671530204,11
1352,21,11,"random","equal","random","calendar",0.585006814173481,0.414993185826519,0,0,1.31273671530204,11
1352,21,11,"random","equal","random","stacked",0.939325842696629,0.0606741573033708,0,0,1.2697569127916,11
1353,21,11,"random","equal","random","simple",0.746478873239437,0.253521126760563,0,0.119718309859155,2.36969300063141,11
1353,21,11,"random","equal","random","group",0.818181818181818,0.181818181818182,0,0.0909090909090909,0.883187855576138,11
1353,21,11,"random","equal","random","dynamic",0.694029581529582,0.305970418470419,0,0.127985209235209,2.36969300063141,11
1353,21,11,"random","equal","random","calendar",0.694029581529582,0.305970418470419,0,0.127985209235209,2.36969300063141,11
1353,21,11,"random","equal","random","stacked",0.885775862068965,0.114224137931035,0,0.0732758620689655,0.854271745308325,11
1354,21,11,"random","equal","random","simple",1,0,0,0,NA,11
1354,21,11,"random","equal","random","group",1,0,0,0,NA,11
1354,21,11,"random","equal","random","dynamic",1,0,0,0,NA,11
1354,21,11,"random","equal","random","calendar",1,0,0,0,NA,11
1354,21,11,"random","equal","random","stacked",1,0,0,0,NA,11
1355,21,11,"random","equal","random","simple",0.826530612244898,0.173469387755102,0,0.173469387755102,0.883187855576138,11
1355,21,11,"random","equal","random","group",0.909090909090909,0.0909090909090909,0,0.0909090909090909,0.883187855576138,11
1355,21,11,"random","equal","random","dynamic",0.701561836855955,0.298438163144045,0,0.298438163144045,0.883187855576138,11
1355,21,11,"random","equal","random","calendar",0.701561836855955,0.298438163144046,0,0.298438163144046,0.883187855576138,11
1355,21,11,"random","equal","random","stacked",0.923595505617978,0.0764044943820225,0,0.0764044943820225,0.854271745308325,11
1356,21,11,"random","equal","random","simple",0.637254901960784,0.362745098039216,0,0,2.36969300063141,11
1356,21,11,"random","equal","random","group",0.818181818181818,0.181818181818182,0,0,1.31273671530204,11
1356,21,11,"random","equal","random","dynamic",0.489762284499127,0.510237715500873,0,0,2.36969300063141,11
1356,21,11,"random","equal","random","calendar",0.489762284499127,0.510237715500873,0,0,2.36969300063141,11
1356,21,11,"random","equal","random","stacked",0.885572139303483,0.114427860696517,0,0,1.2697569127916,11
1357,21,11,"random","equal","random","simple",0.848,0.152,0,0,2.36969300063141,11
1357,21,11,"random","equal","random","group",0.909090909090909,0.0909090909090909,0,0,2.36969300063141,11
1357,21,11,"random","equal","random","dynamic",0.795294011544011,0.204705988455988,0,0,2.36969300063141,11
1357,21,11,"random","equal","random","calendar",0.795294011544011,0.204705988455988,0,0,2.36969300063141,11
1357,21,11,"random","equal","random","stacked",0.95662100456621,0.04337899543379,0,0,2.29210780324164,11
1358,21,11,"random","equal","random","simple",1,0,0,0,NA,11
1358,21,11,"random","equal","random","group",1,0,0,0,NA,11
1358,21,11,"random","equal","random","dynamic",1,0,0,0,NA,11
1358,21,11,"random","equal","random","calendar",1,0,0,0,NA,11
1358,21,11,"random","equal","random","stacked",1,0,0,0,NA,11
1359,21,11,"random","equal","random","simple",0.669811320754717,0.330188679245283,0,0.160377358490566,1.31273671530204,11
1359,21,11,"random","equal","random","group",0.818181818181818,0.181818181818182,0,0.0909090909090909,0.883187855576138,11
1359,21,11,"random","equal","random","dynamic",0.5586379669713,0.4413620330287,0,0.192903238736572,1.31273671530204,11
1359,21,11,"random","equal","random","calendar",0.5586379669713,0.4413620330287,0,0.192903238736572,1.31273671530204,11
1359,21,11,"random","equal","random","stacked",0.856132075471698,0.143867924528302,0,0.080188679245283,0.854271745308325,11
1360,21,11,"random","equal","random","simple",1,0,0,0,NA,11
1360,21,11,"random","equal","random","group",1,0,0,0,NA,11
1360,21,11,"random","equal","random","dynamic",1,0,0,0,NA,11
1360,21,11,"random","equal","random","calendar",1,0,0,0,NA,11
1360,21,11,"random","equal","random","stacked",1,0,0,0,NA,11
1361,21,11,"random","equal","random","simple",0.708661417322835,0.291338582677165,0,0,2.36969300063141,11
1361,21,11,"random","equal","random","group",0.818181818181818,0.181818181818182,0,0,1.31273671530204,11
1361,21,11,"random","equal","random","dynamic",0.676821789321789,0.323178210678211,0,0,2.36969300063141,11
1361,21,11,"random","equal","random","calendar",0.676821789321789,0.323178210678211,0,0,2.36969300063141,11
1361,21,11,"random","equal","random","stacked",0.870422535211268,0.129577464788732,0,0,1.2697569127916,11
1362,21,11,"random","equal","random","simple",0.857142857142857,0.142857142857143,0,0,1.31273671530204,11
1362,21,11,"random","equal","random","group",0.909090909090909,0.0909090909090909,0,0,1.31273671530204,11
1362,21,11,"random","equal","random","dynamic",0.827002164502165,0.172997835497835,0,0,1.31273671530204,11
1362,21,11,"random","equal","random","calendar",0.827002164502165,0.172997835497836,0,0,1.31273671530204,11
1362,21,11,"random","equal","random","stacked",0.937209302325581,0.0627906976744186,0,0,1.2697569127916,11
1363,21,11,"random","equal","random","simple",0.710743801652893,0.289256198347107,0,0.140495867768595,1.31273671530204,11
1363,21,11,"random","equal","random","group",0.818181818181818,0.181818181818182,0,0.0909090909090909,0.883187855576138,11
1363,21,11,"random","equal","random","dynamic",0.694123376623377,0.305876623376623,0,0.140438311688312,1.31273671530204,11
1363,21,11,"random","equal","random","calendar",0.694123376623377,0.305876623376623,0,0.140438311688312,1.31273671530204,11
1363,21,11,"random","equal","random","stacked",0.843589743589744,0.156410256410256,0,0.0871794871794872,0.854271745308325,11
1364,21,11,"random","equal","random","simple",0.836538461538462,0.163461538461538,0,0.163461538461538,0.883187855576138,11
1364,21,11,"random","equal","random","group",0.909090909090909,0.0909090909090909,0,0.0909090909090909,0.883187855576138,11
1364,21,11,"random","equal","random","dynamic",0.802317821067821,0.197682178932179,0,0.197682178932179,0.883187855576138,11
1364,21,11,"random","equal","random","calendar",0.802317821067821,0.197682178932179,0,0.197682178932179,0.883187855576138,11
1364,21,11,"random","equal","random","stacked",0.92,0.08,0,0.08,0.854271745308325,11
1365,21,11,"random","equal","random","simple",0.708661417322835,0.291338582677165,0,0,2.36969300063141,11
1365,21,11,"random","equal","random","group",0.818181818181818,0.181818181818182,0,0,1.31273671530204,11
1365,21,11,"random","equal","random","dynamic",0.671659451659452,0.328340548340548,0,0,2.36969300063141,11
1365,21,11,"random","equal","random","calendar",0.671659451659452,0.328340548340548,0,0,2.36969300063141,11
1365,21,11,"random","equal","random","stacked",0.877659574468085,0.122340425531915,0,0,1.2697569127916,11
1366,21,11,"random","equal","random","simple",0.647058823529412,0.352941176470588,0,0.166666666666667,2.36969300063141,11
1366,21,11,"random","equal","random","group",0.818181818181818,0.181818181818182,0,0.0909090909090909,0.883187855576138,11
1366,21,11,"random","equal","random","dynamic",0.478609402293613,0.521390597706387,0,0.208063719905825,2.36969300063141,11
1366,21,11,"random","equal","random","calendar",0.478609402293613,0.521390597706387,0,0.208063719905825,2.36969300063141,11
1366,21,11,"random","equal","random","stacked",0.874407582938389,0.125592417061611,0,0.0805687203791469,0.854271745308325,11
1367,21,11,"random","equal","random","simple",1,0,0,0,NA,11
1367,21,11,"random","equal","random","group",1,0,0,0,NA,11
1367,21,11,"random","equal","random","dynamic",1,0,0,0,NA,11
1367,21,11,"random","equal","random","calendar",1,0,0,0,NA,11
1367,21,11,"random","equal","random","stacked",1,0,0,0,NA,11
1368,21,11,"random","equal","random","simple",0.797872340425532,0.202127659574468,0,0,2.36969300063141,11
1368,21,11,"random","equal","random","group",0.909090909090909,0.0909090909090909,0,0,2.36969300063141,11
1368,21,11,"random","equal","random","dynamic",0.587404116351485,0.412595883648515,0,0,2.36969300063141,11
1368,21,11,"random","equal","random","calendar",0.587404116351485,0.412595883648515,0,0,2.36969300063141,11
1368,21,11,"random","equal","random","stacked",0.95662100456621,0.04337899543379,0,0,2.29210780324164,11
1369,21,11,"random","equal","random","simple",0.675438596491228,0.324561403508772,0,0,2.36969300063141,11
1369,21,11,"random","equal","random","group",0.818181818181818,0.181818181818182,0,0,1.31273671530204,11
1369,21,11,"random","equal","random","dynamic",0.550873395610238,0.449126604389762,0,0,2.36969300063141,11
1369,21,11,"random","equal","random","calendar",0.550873395610238,0.449126604389762,0,0,2.36969300063141,11
1369,21,11,"random","equal","random","stacked",0.89047619047619,0.10952380952381,0,0,1.2697569127916,11
1370,21,11,"random","equal","random","simple",0.830357142857143,0.169642857142857,0,0,2.36969300063141,11
1370,21,11,"random","equal","random","group",0.909090909090909,0.0909090909090909,0,0,2.36969300063141,11
1370,21,11,"random","equal","random","dynamic",0.651585402901192,0.348414597098808,0,0,2.36969300063141,11
1370,21,11,"random","equal","random","calendar",0.651585402901192,0.348414597098808,0,0,2.36969300063141,11
1370,21,11,"random","equal","random","stacked",0.959227467811159,0.0407725321888412,0,0,2.29210780324164,11
1371,21,11,"random","equal","random","simple",0.72,0.28,0,0.136,1.31273671530204,11
1371,21,11,"random","equal","random","group",0.818181818181818,0.181818181818182,0,0.0909090909090909,0.883187855576138,11
1371,21,11,"random","equal","random","dynamic",0.703878066378066,0.296121933621934,0,0.135560966810967,1.31273671530204,11
1371,21,11,"random","equal","random","calendar",0.703878066378066,0.296121933621934,0,0.135560966810967,1.31273671530204,11
1371,21,11,"random","equal","random","stacked",0.849753694581281,0.150246305418719,0,0.083743842364532,0.854271745308325,11
1372,21,11,"random","equal","random","simple",0.619718309859155,0.380281690140845,0,0.119718309859155,1.31273671530204,11
1372,21,11,"random","equal","random","group",0.727272727272727,0.272727272727273,0,0.0909090909090909,1.31273671530204,11
1372,21,11,"random","equal","random","dynamic",0.585925324675325,0.414074675324675,0,0.118580447330447,1.31273671530204,11
1372,21,11,"random","equal","random","calendar",0.585925324675325,0.414074675324675,0,0.118580447330447,1.31273671530204,11
1372,21,11,"random","equal","random","stacked",0.81042654028436,0.18957345971564,0,0.0805687203791469,1.2697569127916,11
1373,21,11,"random","equal","random","simple",0.715384615384615,0.284615384615385,0,0,2.36969300063141,11
1373,21,11,"random","equal","random","group",0.818181818181818,0.181818181818182,0,0,1.31273671530204,11
1373,21,11,"random","equal","random","dynamic",0.674837662337662,0.325162337662338,0,0,2.36969300063141,11
1373,21,11,"random","equal","random","calendar",0.674837662337662,0.325162337662338,0,0,2.36969300063141,11
1373,21,11,"random","equal","random","stacked",0.881748071979434,0.118251928020566,0,0,1.2697569127916,11
1374,21,11,"random","equal","random","simple",0.84070796460177,0.15929203539823,0,0,1.31273671530204,11
1374,21,11,"random","equal","random","group",0.909090909090909,0.0909090909090909,0,0,1.31273671530204,11
1374,21,11,"random","equal","random","dynamic",0.788905122655123,0.211094877344877,0,0,1.31273671530204,11
1374,21,11,"random","equal","random","calendar",0.788905122655123,0.211094877344877,0,0,1.31273671530204,11
1374,21,11,"random","equal","random","stacked",0.939325842696629,0.0606741573033708,0,0,1.2697569127916,11
1375,21,11,"random","equal","random","simple",0.825242718446602,0.174757281553398,0,0,1.31273671530204,11
1375,21,11,"random","equal","random","group",0.909090909090909,0.0909090909090909,0,0,1.31273671530204,11
1375,21,11,"random","equal","random","dynamic",0.678988295654962,0.321011704345038,0,0,1.31273671530204,11
1375,21,11,"random","equal","random","calendar",0.678988295654962,0.321011704345038,0,0,1.31273671530204,11
1375,21,11,"random","equal","random","stacked",0.939597315436242,0.0604026845637584,0,0,1.2697569127916,11
1376,21,11,"random","equal","random","simple",1,0,0,0,NA,11
1376,21,11,"random","equal","random","group",1,0,0,0,NA,11
1376,21,11,"random","equal","random","dynamic",1,0,0,0,NA,11
1376,21,11,"random","equal","random","calendar",1,0,0,0,NA,11
1376,21,11,"random","equal","random","stacked",1,0,0,0,NA,11
1377,21,11,"random","equal","random","simple",0.738805970149254,0.261194029850746,0,0.126865671641791,1.31273671530204,11
1377,21,11,"random","equal","random","group",0.818181818181818,0.181818181818182,0,0.0909090909090909,0.883187855576138,11
1377,21,11,"random","equal","random","dynamic",0.714830447330447,0.285169552669553,0,0.130084776334776,1.31273671530204,11
1377,21,11,"random","equal","random","calendar",0.714830447330447,0.285169552669553,0,0.130084776334776,1.31273671530204,11
1377,21,11,"random","equal","random","stacked",0.862921348314607,0.137078651685393,0,0.0764044943820225,0.854271745308325,11
1378,21,11,"random","equal","random","simple",0.847457627118644,0.152542372881356,0,0,1.31273671530204,11
1378,21,11,"random","equal","random","group",0.909090909090909,0.0909090909090909,0,0,1.31273671530204,11
1378,21,11,"random","equal","random","dynamic",0.823212481962482,0.176787518037518,0,0,1.31273671530204,11
1378,21,11,"random","equal","random","calendar",0.823212481962482,0.176787518037518,0,0,1.31273671530204,11
1378,21,11,"random","equal","random","stacked",0.929133858267717,0.0708661417322835,0,0,1.2697569127916,11
1379,21,11,"random","equal","random","simple",0.708333333333333,0.291666666666667,0,0.141666666666667,1.31273671530204,11
1379,21,11,"random","equal","random","group",0.818181818181818,0.181818181818182,0,0.0909090909090909,0.883187855576138,11
1379,21,11,"random","equal","random","dynamic",0.611988936988937,0.388011063011063,0,0.166227753727754,1.31273671530204,11
1379,21,11,"random","equal","random","calendar",0.611988936988937,0.388011063011063,0,0.166227753727754,1.31273671530204,11
1379,21,11,"random","equal","random","stacked",0.861678004535147,0.138321995464853,0,0.0770975056689343,0.854271745308325,11
1380,21,11,"random","equal","random","simple",0.735294117647059,0.264705882352941,0,0.125,2.36969300063141,11
1380,21,11,"random","equal","random","group",0.818181818181818,0.181818181818182,0,0.0909090909090909,0.883187855576138,11
1380,21,11,"random","equal","random","dynamic",0.687968975468976,0.312031024531025,0,0.131015512265512,2.36969300063141,11
1380,21,11,"random","equal","random","calendar",0.687968975468975,0.312031024531025,0,0.131015512265512,2.36969300063141,11
1380,21,11,"random","equal","random","stacked",0.877030162412993,0.122969837587007,0,0.0788863109048724,0.854271745308325,11
1381,21,11,"random","equal","random","simple",0.553719008264463,0.446280991735537,0,0.140495867768595,1.31273671530204,11
1381,21,11,"random","equal","random","group",0.727272727272727,0.272727272727273,0,0.0909090909090909,1.31273671530204,11
1381,21,11,"random","equal","random","dynamic",0.432387787650945,0.567612212349054,0,0.154116351484773,1.31273671530204,11
1381,21,11,"random","equal","random","calendar",0.432387787650946,0.567612212349054,0,0.154116351484773,1.31273671530204,11
1381,21,11,"random","equal","random","stacked",0.815242494226328,0.184757505773672,0,0.0785219399538106,1.2697569127916,11
1382,21,11,"random","equal","random","simple",0.846774193548387,0.153225806451613,0,0,2.36969300063141,11
1382,21,11,"random","equal","random","group",0.909090909090909,0.0909090909090909,0,0,2.36969300063141,11
1382,21,11,"random","equal","random","dynamic",0.795117243867244,0.204882756132756,0,0,2.36969300063141,11
1382,21,11,"random","equal","random","calendar",0.795117243867244,0.204882756132756,0,0,2.36969300063141,11
1382,21,11,"random","equal","random","stacked",0.955710955710956,0.0442890442890443,0,0,2.29210780324164,11
1383,21,11,"random","equal","random","simple",0.660377358490566,0.339622641509434,0,0.160377358490566,2.36969300063141,11
1383,21,11,"random","equal","random","group",0.818181818181818,0.181818181818182,0,0.0909090909090909,0.883187855576138,11
1383,21,11,"random","equal","random","dynamic",0.468960279486595,0.531039720513405,0,0.212888281309334,2.36969300063141,11
1383,21,11,"random","equal","random","calendar",0.468960279486595,0.531039720513405,0,0.212888281309334,2.36969300063141,11
1383,21,11,"random","equal","random","stacked",0.883002207505519,0.116997792494481,0,0.0750551876379691,0.854271745308325,11
1384,21,11,"random","equal","random","simple",0.851239669421488,0.148760330578512,0,0,1.31273671530204,11
1384,21,11,"random","equal","random","group",0.909090909090909,0.0909090909090909,0,0,1.31273671530204,11
1384,21,11,"random","equal","random","dynamic",0.824422799422799,0.175577200577201,0,0,1.31273671530204,11
1384,21,11,"random","equal","random","calendar",0.8244227994228,0.175577200577201,0,0,1.31273671530204,11
1384,21,11,"random","equal","random","stacked",0.933823529411765,0.0661764705882353,0,0,1.2697569127916,11
1385,21,11,"random","equal","random","simple",0.590909090909091,0.409090909090909,0,0.128787878787879,1.31273671530204,11
1385,21,11,"random","equal","random","group",0.727272727272727,0.272727272727273,0,0.0909090909090909,1.31273671530204,11
1385,21,11,"random","equal","random","dynamic",0.561601731601732,0.438398268398268,0,0.126688311688312,1.31273671530204,11
1385,21,11,"random","equal","random","calendar",0.561601731601732,0.438398268398268,0,0.126688311688312,1.31273671530204,11
1385,21,11,"random","equal","random","stacked",0.79328165374677,0.20671834625323,0,0.0878552971576227,1.2697569127916,11
1386,21,11,"random","equal","random","simple",0.704,0.296,0,0,2.36969300063141,11
1386,21,11,"random","equal","random","group",0.818181818181818,0.181818181818182,0,0,1.31273671530204,11
1386,21,11,"random","equal","random","dynamic",0.560480747322853,0.439519252677147,0,0,2.36969300063141,11
1386,21,11,"random","equal","random","calendar",0.560480747322853,0.439519252677147,0,0,2.36969300063141,11
1386,21,11,"random","equal","random","stacked",0.897091722595078,0.102908277404922,0,0,1.2697569127916,11
1387,21,11,"random","equal","random","simple",0.6,0.4,0,0.125925925925926,1.31273671530204,11
1387,21,11,"random","equal","random","group",0.727272727272727,0.272727272727273,0,0.0909090909090909,1.31273671530204,11
1387,21,11,"random","equal","random","dynamic",0.56862012987013,0.43137987012987,0,0.124348845598846,1.31273671530204,11
1387,21,11,"random","equal","random","calendar",0.56862012987013,0.43137987012987,0,0.124348845598846,1.31273671530204,11
1387,21,11,"random","equal","random","stacked",0.801980198019802,0.198019801980198,0,0.0841584158415842,1.2697569127916,11
1388,21,11,"random","equal","random","simple",1,0,0,0,NA,11
1388,21,11,"random","equal","random","group",1,0,0,0,NA,11
1388,21,11,"random","equal","random","dynamic",1,0,0,0,NA,11
1388,21,11,"random","equal","random","calendar",1,0,0,0,NA,11
1388,21,11,"random","equal","random","stacked",1,0,0,0,NA,11
1389,21,11,"random","equal","random","simple",0.690265486725664,0.309734513274336,0,0.150442477876106,1.31273671530204,11
1389,21,11,"random","equal","random","group",0.818181818181818,0.181818181818182,0,0.0909090909090909,0.883187855576138,11
1389,21,11,"random","equal","random","dynamic",0.539317780984448,0.460682219015552,0,0.202563331729998,1.31273671530204,11
1389,21,11,"random","equal","random","calendar",0.539317780984448,0.460682219015552,0,0.202563331729998,1.31273671530204,11
1389,21,11,"random","equal","random","stacked",0.872384937238494,0.127615062761506,0,0.0711297071129707,0.854271745308325,11
1390,21,11,"random","equal","random","simple",0.660550458715596,0.339449541284404,0,0,2.36969300063141,11
1390,21,11,"random","equal","random","group",0.818181818181818,0.181818181818182,0,0,1.31273671530204,11
1390,21,11,"random","equal","random","dynamic",0.59245670995671,0.40754329004329,0,0,2.36969300063141,11
1390,21,11,"random","equal","random","calendar",0.59245670995671,0.40754329004329,0,0,2.36969300063141,11
1390,21,11,"random","equal","random","stacked",0.879581151832461,0.120418848167539,0,0,1.2697569127916,11
1391,21,11,"random","equal","random","simple",0.733812949640288,0.266187050359712,0,0,2.36969300063141,11
1391,21,11,"random","equal","random","group",0.818181818181818,0.181818181818182,0,0,1.31273671530204,11
1391,21,11,"random","equal","random","dynamic",0.688012265512265,0.311987734487735,0,0,2.36969300063141,11
1391,21,11,"random","equal","random","calendar",0.688012265512266,0.311987734487735,0,0,2.36969300063141,11
1391,21,11,"random","equal","random","stacked",0.891252955082742,0.108747044917258,0,0,1.2697569127916,11
1392,21,11,"random","equal","random","simple",0.826923076923077,0.173076923076923,0,0,1.31273671530204,11
1392,21,11,"random","equal","random","group",0.909090909090909,0.0909090909090909,0,0,1.31273671530204,11
1392,21,11,"random","equal","random","dynamic",0.721382475549142,0.278617524450858,0,0,1.31273671530204,11
1392,21,11,"random","equal","random","calendar",0.721382475549142,0.278617524450858,0,0,1.31273671530204,11
1392,21,11,"random","equal","random","stacked",0.934146341463415,0.0658536585365854,0,0,1.2697569127916,11
1393,21,11,"random","equal","random","simple",1,0,0,0,NA,11
1393,21,11,"random","equal","random","group",1,0,0,0,NA,11
1393,21,11,"random","equal","random","dynamic",1,0,0,0,NA,11
1393,21,11,"random","equal","random","calendar",1,0,0,0,NA,11
1393,21,11,"random","equal","random","stacked",1,0,0,0,NA,11
1394,21,11,"random","equal","random","simple",0.721804511278195,0.278195488721804,0,0,2.36969300063141,11
1394,21,11,"random","equal","random","group",0.818181818181818,0.181818181818182,0,0,1.31273671530204,11
1394,21,11,"random","equal","random","dynamic",0.672893217893218,0.327106782106782,0,0,2.36969300063141,11
1394,21,11,"random","equal","random","calendar",0.672893217893218,0.327106782106782,0,0,2.36969300063141,11
1394,21,11,"random","equal","random","stacked",0.889156626506024,0.110843373493976,0,0,1.2697569127916,11
1395,21,11,"random","equal","random","simple",0.733333333333333,0.266666666666667,0,0.125925925925926,2.36969300063141,11
1395,21,11,"random","equal","random","group",0.818181818181818,0.181818181818182,0,0.0909090909090909,0.883187855576138,11
1395,21,11,"random","equal","random","dynamic",0.699238816738817,0.300761183261183,0,0.125380591630592,2.36969300063141,11
1395,21,11,"random","equal","random","calendar",0.699238816738817,0.300761183261183,0,0.125380591630592,2.36969300063141,11
1395,21,11,"random","equal","random","stacked",0.86848635235732,0.13151364764268,0,0.0843672456575682,0.854271745308325,11
1396,21,11,"random","equal","random","simple",0.705882352941177,0.294117647058823,0,0.142857142857143,1.31273671530204,11
1396,21,11,"random","equal","random","group",0.818181818181818,0.181818181818182,0,0.0909090909090909,0.883187855576138,11
1396,21,11,"random","equal","random","dynamic",0.694083694083694,0.305916305916306,0,0.140458152958153,1.31273671530204,11
1396,21,11,"random","equal","random","calendar",0.694083694083694,0.305916305916306,0,0.140458152958153,1.31273671530204,11
1396,21,11,"random","equal","random","stacked",0.832876712328767,0.167123287671233,0,0.0931506849315068,0.854271745308325,11
1397,21,11,"random","equal","random","simple",0.841121495327103,0.158878504672897,0,0.158878504672897,0.883187855576138,11
1397,21,11,"random","equal","random","group",0.909090909090909,0.0909090909090909,0,0.0909090909090909,0.883187855576138,11
1397,21,11,"random","equal","random","dynamic",0.73804643069349,0.26195356930651,0,0.26195356930651,0.883187855576138,11
1397,21,11,"random","equal","random","calendar",0.73804643069349,0.26195356930651,0,0.26195356930651,0.883187855576138,11
1397,21,11,"random","equal","random","stacked",0.929460580912863,0.0705394190871369,0,0.0705394190871369,0.854271745308325,11
1398,21,11,"random","equal","random","simple",0.684210526315789,0.315789473684211,0,0.149122807017544,2.36969300063141,11
1398,21,11,"random","equal","random","group",0.818181818181818,0.181818181818182,0,0.0909090909090909,0.883187855576138,11
1398,21,11,"random","equal","random","dynamic",0.562402217665376,0.437597782334624,0,0.166167312219944,2.36969300063141,11
1398,21,11,"random","equal","random","calendar",0.562402217665376,0.437597782334624,0,0.166167312219944,2.36969300063141,11
1398,21,11,"random","equal","random","stacked",0.873508353221957,0.126491646778043,0,0.081145584725537,0.854271745308325,11
1399,21,11,"random","equal","random","simple",0.716535433070866,0.283464566929134,0,0.133858267716535,2.36969300063141,11
1399,21,11,"random","equal","random","group",0.818181818181818,0.181818181818182,0,0.0909090909090909,0.883187855576138,11
1399,21,11,"random","equal","random","dynamic",0.674440836940837,0.325559163059163,0,0.137779581529582,2.36969300063141,11
1399,21,11,"random","equal","random","calendar",0.674440836940837,0.325559163059163,0,0.137779581529582,2.36969300063141,11
1399,21,11,"random","equal","random","stacked",0.8675,0.1325,0,0.085,0.854271745308325,11
1400,21,11,"random","equal","random","simple",0.578125,0.421875,0,0.1328125,1.31273671530204,11
1400,21,11,"random","equal","random","group",0.727272727272727,0.272727272727273,0,0.0909090909090909,1.31273671530204,11
1400,21,11,"random","equal","random","dynamic",0.477813852813853,0.522186147186147,0,0.138974329763803,1.31273671530204,11
1400,21,11,"random","equal","random","calendar",0.477813852813853,0.522186147186147,0,0.138974329763803,1.31273671530204,11
1400,21,11,"random","equal","random","stacked",0.811764705882353,0.188235294117647,0,0.08,1.2697569127916,11
1401,21,11,"random","equal","random","simple",0.672566371681416,0.327433628318584,0,0,2.36969300063141,11
1401,21,11,"random","equal","random","group",0.818181818181818,0.181818181818182,0,0,1.31273671530204,11
1401,21,11,"random","equal","random","dynamic",0.629996392496392,0.370003607503608,0,0,2.36969300063141,11
1401,21,11,"random","equal","random","calendar",0.629996392496392,0.370003607503608,0,0,2.36969300063141,11
1401,21,11,"random","equal","random","stacked",0.872222222222222,0.127777777777778,0,0,1.2697569127916,11
1402,21,11,"random","equal","random","simple",0.833333333333333,0.166666666666667,0,0.166666666666667,0.883187855576138,11
1402,21,11,"random","equal","random","group",0.909090909090909,0.0909090909090909,0,0.0909090909090909,0.883187855576138,11
1402,21,11,"random","equal","random","dynamic",0.759941855530091,0.240058144469909,0,0.240058144469909,0.883187855576138,11
1402,21,11,"random","equal","random","calendar",0.759941855530091,0.240058144469909,0,0.240058144469909,0.883187855576138,11
1402,21,11,"random","equal","random","stacked",0.92,0.08,0,0.08,0.854271745308325,11
1403,21,11,"random","equal","random","simple",0.706349206349206,0.293650793650794,0,0,2.36969300063141,11
1403,21,11,"random","equal","random","group",0.818181818181818,0.181818181818182,0,0,1.31273671530204,11
1403,21,11,"random","equal","random","dynamic",0.65777417027417,0.34222582972583,0,0,2.36969300063141,11
1403,21,11,"random","equal","random","calendar",0.65777417027417,0.34222582972583,0,0,2.36969300063141,11
1403,21,11,"random","equal","random","stacked",0.884422110552764,0.115577889447236,0,0,1.2697569127916,11
1404,21,11,"random","equal","random","simple",0.828282828282828,0.171717171717172,0,0.171717171717172,0.883187855576138,11
1404,21,11,"random","equal","random","group",0.909090909090909,0.0909090909090909,0,0.0909090909090909,0.883187855576138,11
1404,21,11,"random","equal","random","dynamic",0.737066038536627,0.262933961463373,0,0.262933961463373,0.883187855576138,11
1404,21,11,"random","equal","random","calendar",0.737066038536627,0.262933961463373,0,0.262933961463373,0.883187855576138,11
1404,21,11,"random","equal","random","stacked",0.925764192139738,0.074235807860262,0,0.074235807860262,0.854271745308325,11
1405,21,11,"random","equal","random","simple",0.71969696969697,0.28030303030303,0,0,2.36969300063141,11
1405,21,11,"random","equal","random","group",0.818181818181818,0.181818181818182,0,0,1.31273671530204,11
1405,21,11,"random","equal","random","dynamic",0.672691197691198,0.327308802308802,0,0,2.36969300063141,11
1405,21,11,"random","equal","random","calendar",0.672691197691198,0.327308802308802,0,0,2.36969300063141,11
1405,21,11,"random","equal","random","stacked",0.890214797136038,0.109785202863962,0,0,1.2697569127916,11
1406,21,11,"random","equal","random","simple",0.75177304964539,0.24822695035461,0,0.120567375886525,1.31273671530204,11
1406,21,11,"random","equal","random","group",0.818181818181818,0.181818181818182,0,0.0909090909090909,0.883187855576138,11
1406,21,11,"random","equal","random","dynamic",0.731093073593074,0.268906926406926,0,0.121953463203463,1.31273671530204,11
1406,21,11,"random","equal","random","calendar",0.731093073593074,0.268906926406926,0,0.121953463203463,1.31273671530204,11
1406,21,11,"random","equal","random","stacked",0.865638766519824,0.134361233480176,0,0.0748898678414097,0.854271745308325,11
1407,21,11,"random","equal","random","simple",0.564516129032258,0.435483870967742,0,0.137096774193548,1.31273671530204,11
1407,21,11,"random","equal","random","group",0.727272727272727,0.272727272727273,0,0.0909090909090909,1.31273671530204,11
1407,21,11,"random","equal","random","dynamic",0.540589826839827,0.459410173160173,0,0.13369227994228,1.31273671530204,11
1407,21,11,"random","equal","random","calendar",0.540589826839827,0.459410173160173,0,0.13369227994228,1.31273671530204,11
1407,21,11,"random","equal","random","stacked",0.777158774373259,0.222841225626741,0,0.0947075208913649,1.2697569127916,11
1408,21,11,"random","equal","random","simple",0.837606837606838,0.162393162393162,0,0,2.36969300063141,11
1408,21,11,"random","equal","random","group",0.909090909090909,0.0909090909090909,0,0,2.36969300063141,11
1408,21,11,"random","equal","random","dynamic",0.680696058327637,0.319303941672363,0,0,2.36969300063141,11
1408,21,11,"random","equal","random","calendar",0.680696058327637,0.319303941672363,0,0,2.36969300063141,11
1408,21,11,"random","equal","random","stacked",0.960905349794239,0.0390946502057613,0,0,2.29210780324164,11
1409,21,11,"random","equal","random","simple",0.715447154471545,0.284552845528455,0,0.138211382113821,1.31273671530204,11
1409,21,11,"random","equal","random","group",0.818181818181818,0.181818181818182,0,0.0909090909090909,0.883187855576138,11
1409,21,11,"random","equal","random","dynamic",0.599643257976591,0.400356742023409,0,0.172400593233927,1.31273671530204,11
1409,21,11,"random","equal","random","calendar",0.599643257976591,0.400356742023409,0,0.172400593233927,1.31273671530204,11
1409,21,11,"random","equal","random","stacked",0.872651356993737,0.127348643006263,0,0.0709812108559499,0.854271745308325,11
1410,21,11,"random","equal","random","simple",0.597014925373134,0.402985074626866,0,0.126865671641791,1.31273671530204,11
1410,21,11,"random","equal","random","group",0.727272727272727,0.272727272727273,0,0.0909090909090909,1.31273671530204,11
1410,21,11,"random","equal","random","dynamic",0.473348143084985,0.526651856915015,0,0.140462899673426,1.31273671530204,11
1410,21,11,"random","equal","random","calendar",0.473348143084985,0.526651856915015,0,0.140462899673426,1.31273671530204,11
1410,21,11,"random","equal","random","stacked",0.830508474576271,0.169491525423729,0,0.0720338983050847,1.2697569127916,11
1411,21,11,"random","equal","random","simple",0.669724770642202,0.330275229357798,0,0.155963302752294,2.36969300063141,11
1411,21,11,"random","equal","random","group",0.818181818181818,0.181818181818182,0,0.0909090909090909,0.883187855576138,11
1411,21,11,"random","equal","random","dynamic",0.599476911976912,0.400523088023088,0,0.175261544011544,2.36969300063141,11
1411,21,11,"random","equal","random","calendar",0.599476911976912,0.400523088023088,0,0.175261544011544,2.36969300063141,11
1411,21,11,"random","equal","random","stacked",0.868811881188119,0.131188118811881,0,0.0841584158415842,0.854271745308325,11
1412,21,11,"random","equal","random","simple",0.831775700934579,0.168224299065421,0,0,1.31273671530204,11
1412,21,11,"random","equal","random","group",0.909090909090909,0.0909090909090909,0,0,1.31273671530204,11
1412,21,11,"random","equal","random","dynamic",0.789283910533911,0.210716089466089,0,0,1.31273671530204,11
1412,21,11,"random","equal","random","calendar",0.789283910533911,0.210716089466089,0,0,1.31273671530204,11
1412,21,11,"random","equal","random","stacked",0.933660933660934,0.0663390663390664,0,0,1.2697569127916,11
1413,21,11,"random","equal","random","simple",0.513513513513513,0.486486486486487,0,0.153153153153153,1.31273671530204,11
1413,21,11,"random","equal","random","group",0.727272727272727,0.272727272727273,0,0.0909090909090909,1.31273671530204,11
1413,21,11,"random","equal","random","dynamic",0.410771246297562,0.589228753702438,0,0.161321865269234,1.31273671530204,11
1413,21,11,"random","equal","random","calendar",0.410771246297562,0.589228753702438,0,0.161321865269234,1.31273671530204,11
1413,21,11,"random","equal","random","stacked",0.786096256684492,0.213903743315508,0,0.0909090909090909,1.2697569127916,11
1414,21,11,"random","equal","random","simple",0.859504132231405,0.140495867768595,0,0.140495867768595,0.883187855576138,11
1414,21,11,"random","equal","random","group",0.909090909090909,0.0909090909090909,0,0.0909090909090909,0.883187855576138,11
1414,21,11,"random","equal","random","dynamic",0.843946608946609,0.156053391053391,0,0.156053391053391,0.883187855576138,11
1414,21,11,"random","equal","random","calendar",0.843946608946609,0.156053391053391,0,0.156053391053391,0.883187855576138,11
1414,21,11,"random","equal","random","stacked",0.923076923076923,0.0769230769230769,0,0.0769230769230769,0.854271745308325,11
1415,21,11,"random","equal","random","simple",0.729323308270677,0.270676691729323,0,0.12781954887218,2.36969300063141,11
1415,21,11,"random","equal","random","group",0.818181818181818,0.181818181818182,0,0.0909090909090909,0.883187855576138,11
1415,21,11,"random","equal","random","dynamic",0.697258297258297,0.302741702741703,0,0.126370851370851,2.36969300063141,11
1415,21,11,"random","equal","random","calendar",0.697258297258297,0.302741702741703,0,0.126370851370851,2.36969300063141,11
1415,21,11,"random","equal","random","stacked",0.864102564102564,0.135897435897436,0,0.0871794871794872,0.854271745308325,11
1416,21,11,"random","equal","random","simple",0.725190839694656,0.274809160305344,0,0.129770992366412,2.36969300063141,11
1416,21,11,"random","equal","random","group",0.818181818181818,0.181818181818182,0,0.0909090909090909,0.883187855576138,11
1416,21,11,"random","equal","random","dynamic",0.680588023088023,0.319411976911977,0,0.134705988455988,2.36969300063141,11
1416,21,11,"random","equal","random","calendar",0.680588023088023,0.319411976911977,0,0.134705988455988,2.36969300063141,11
1416,21,11,"random","equal","random","stacked",0.871980676328502,0.128019323671498,0,0.0821256038647343,0.854271745308325,11
1417,21,11,"random","equal","random","simple",0.691666666666667,0.308333333333333,0,0,2.36969300063141,11
1417,21,11,"random","equal","random","group",0.818181818181818,0.181818181818182,0,0,1.31273671530204,11
1417,21,11,"random","equal","random","dynamic",0.638088023088023,0.361911976911977,0,0,2.36969300063141,11
1417,21,11,"random","equal","random","calendar",0.638088023088023,0.361911976911977,0,0,2.36969300063141,11
1417,21,11,"random","equal","random","stacked",0.886138613861386,0.113861386138614,0,0,1.2697569127916,11
1418,21,11,"random","equal","random","simple",0.695652173913043,0.304347826086957,0,0.147826086956522,1.31273671530204,11
1418,21,11,"random","equal","random","group",0.818181818181818,0.181818181818182,0,0.0909090909090909,0.883187855576138,11
1418,21,11,"random","equal","random","dynamic",0.674837662337662,0.325162337662338,0,0.150081168831169,1.31273671530204,11
1418,21,11,"random","equal","random","calendar",0.674837662337662,0.325162337662338,0,0.150081168831169,1.31273671530204,11
1418,21,11,"random","equal","random","stacked",0.841968911917098,0.158031088082902,0,0.0880829015544041,0.854271745308325,11
1419,21,11,"random","equal","random","simple",0.526315789473684,0.473684210526316,0,0.149122807017544,1.31273671530204,11
1419,21,11,"random","equal","random","group",0.727272727272727,0.272727272727273,0,0.0909090909090909,1.31273671530204,11
1419,21,11,"random","equal","random","dynamic",0.437275005696058,0.562724994303942,0,0.152487278803068,1.31273671530204,11
1419,21,11,"random","equal","random","calendar",0.437275005696058,0.562724994303942,0,0.152487278803068,1.31273671530204,11
1419,21,11,"random","equal","random","stacked",0.782608695652174,0.217391304347826,0,0.0923913043478261,1.2697569127916,11
1420,21,11,"random","equal","random","simple",1,0,0,0,NA,11
1420,21,11,"random","equal","random","group",1,0,0,0,NA,11
1420,21,11,"random","equal","random","dynamic",1,0,0,0,NA,11
1420,21,11,"random","equal","random","calendar",1,0,0,0,NA,11
1420,21,11,"random","equal","random","stacked",1,0,0,0,NA,11
1421,21,11,"random","equal","random","simple",0.53448275862069,0.46551724137931,0,0.146551724137931,1.31273671530204,11
1421,21,11,"random","equal","random","group",0.727272727272727,0.272727272727273,0,0.0909090909090909,1.31273671530204,11
1421,21,11,"random","equal","random","dynamic",0.413966735019367,0.586033264980633,0,0.160256702361966,1.31273671530204,11
1421,21,11,"random","equal","random","calendar",0.413966735019367,0.586033264980633,0,0.160256702361966,1.31273671530204,11
1421,21,11,"random","equal","random","stacked",0.809069212410501,0.190930787589499,0,0.081145584725537,1.2697569127916,11
1422,21,11,"random","equal","random","simple",0.828571428571429,0.171428571428571,0,0,1.31273671530204,11
1422,21,11,"random","equal","random","group",0.909090909090909,0.0909090909090909,0,0,1.31273671530204,11
1422,21,11,"random","equal","random","dynamic",0.779422799422799,0.220577200577201,0,0,1.31273671530204,11
1422,21,11,"random","equal","random","calendar",0.779422799422799,0.220577200577201,0,0,1.31273671530204,11
1422,21,11,"random","equal","random","stacked",0.934466019417476,0.0655339805825243,0,0,1.2697569127916,11
1423,21,11,"random","equal","random","simple",0.608695652173913,0.391304347826087,0,0.123188405797101,1.31273671530204,11
1423,21,11,"random","equal","random","group",0.727272727272727,0.272727272727273,0,0.0909090909090909,1.31273671530204,11
1423,21,11,"random","equal","random","dynamic",0.578133116883117,0.421866883116883,0,0.12117784992785,1.31273671530204,11
1423,21,11,"random","equal","random","calendar",0.578133116883117,0.421866883116883,0,0.12117784992785,1.31273671530204,11
1423,21,11,"random","equal","random","stacked",0.801980198019802,0.198019801980198,0,0.0841584158415842,1.2697569127916,11
1424,21,11,"random","equal","random","simple",0.848,0.152,0,0,2.36969300063141,11
1424,21,11,"random","equal","random","group",0.909090909090909,0.0909090909090909,0,0,2.36969300063141,11
1424,21,11,"random","equal","random","dynamic",0.787655122655123,0.212344877344877,0,0,2.36969300063141,11
1424,21,11,"random","equal","random","calendar",0.787655122655123,0.212344877344877,0,0,2.36969300063141,11
1424,21,11,"random","equal","random","stacked",0.957494407158837,0.0425055928411633,0,0,2.29210780324164,11
1425,21,11,"random","equal","random","simple",0.698275862068966,0.301724137931034,0,0.146551724137931,1.31273671530204,11
1425,21,11,"random","equal","random","group",0.818181818181818,0.181818181818182,0,0.0909090909090909,0.883187855576138,11
1425,21,11,"random","equal","random","dynamic",0.603960237293571,0.396039762706429,0,0.170242103575437,1.31273671530204,11
1425,21,11,"random","equal","random","calendar",0.603960237293571,0.396039762706429,0,0.170242103575437,1.31273671530204,11
1425,21,11,"random","equal","random","stacked",0.858139534883721,0.141860465116279,0,0.0790697674418605,0.854271745308325,11
1426,21,11,"random","equal","random","simple",0.684210526315789,0.315789473684211,0,0.149122807017544,2.36969300063141,11
1426,21,11,"random","equal","random","group",0.818181818181818,0.181818181818182,0,0.0909090909090909,0.883187855576138,11
1426,21,11,"random","equal","random","dynamic",0.541809068124858,0.458190931875142,0,0.176463886990203,2.36969300063141,11
1426,21,11,"random","equal","random","calendar",0.541809068124858,0.458190931875142,0,0.176463886990203,2.36969300063141,11
1426,21,11,"random","equal","random","stacked",0.875878220140515,0.124121779859485,0,0.0796252927400468,0.854271745308325,11
1427,21,11,"random","equal","random","simple",0.844036697247706,0.155963302752294,0,0.155963302752294,0.883187855576138,11
1427,21,11,"random","equal","random","group",0.909090909090909,0.0909090909090909,0,0.0909090909090909,0.883187855576138,11
1427,21,11,"random","equal","random","dynamic",0.766967999320941,0.233032000679059,0,0.233032000679059,0.883187855576138,11
1427,21,11,"random","equal","random","calendar",0.766967999320941,0.233032000679059,0,0.233032000679059,0.883187855576138,11
1427,21,11,"random","equal","random","stacked",0.926406926406926,0.0735930735930736,0,0.0735930735930736,0.854271745308325,11
1428,21,11,"random","equal","random","simple",0.672897196261682,0.327102803738318,0,0.158878504672897,1.31273671530204,11
1428,21,11,"random","equal","random","group",0.818181818181818,0.181818181818182,0,0.0909090909090909,0.883187855576138,11
1428,21,11,"random","equal","random","dynamic",0.54853695687029,0.45146304312971,0,0.197953743787077,1.31273671530204,11
1428,21,11,"random","equal","random","calendar",0.54853695687029,0.45146304312971,0,0.197953743787077,1.31273671530204,11
1428,21,11,"random","equal","random","stacked",0.860411899313501,0.139588100686499,0,0.0778032036613272,0.854271745308325,11
1429,21,11,"random","equal","random","simple",0.836538461538462,0.163461538461538,0,0.163461538461538,0.883187855576138,11
1429,21,11,"random","equal","random","group",0.909090909090909,0.0909090909090909,0,0.0909090909090909,0.883187855576138,11
1429,21,11,"random","equal","random","dynamic",0.74336855954503,0.25663144045497,0,0.25663144045497,0.883187855576138,11
1429,21,11,"random","equal","random","calendar",0.74336855954503,0.25663144045497,0,0.25663144045497,0.883187855576138,11
1429,21,11,"random","equal","random","stacked",0.927350427350427,0.0726495726495727,0,0.0726495726495727,0.854271745308325,11
1430,21,11,"random","equal","random","simple",0.73758865248227,0.26241134751773,0,0,2.36969300063141,11
1430,21,11,"random","equal","random","group",0.818181818181818,0.181818181818182,0,0,1.31273671530204,11
1430,21,11,"random","equal","random","dynamic",0.695739538239538,0.304260461760462,0,0,2.36969300063141,11
1430,21,11,"random","equal","random","calendar",0.695739538239538,0.304260461760462,0,0,2.36969300063141,11
1430,21,11,"random","equal","random","stacked",0.892523364485981,0.107476635514019,0,0,1.2697569127916,11
1431,21,11,"random","equal","random","simple",0.738805970149254,0.261194029850746,0,0.126865671641791,1.31273671530204,11
1431,21,11,"random","equal","random","group",0.818181818181818,0.181818181818182,0,0.0909090909090909,0.883187855576138,11
1431,21,11,"random","equal","random","dynamic",0.720266955266955,0.279733044733045,0,0.127366522366522,1.31273671530204,11
1431,21,11,"random","equal","random","calendar",0.720266955266955,0.279733044733045,0,0.127366522366522,1.31273671530204,11
1431,21,11,"random","equal","random","stacked",0.859122401847575,0.140877598152425,0,0.0785219399538106,0.854271745308325,11
1432,21,11,"random","equal","random","simple",0.627586206896552,0.372413793103448,0,0.117241379310345,1.31273671530204,11
1432,21,11,"random","equal","random","group",0.727272727272727,0.272727272727273,0,0.0909090909090909,1.31273671530204,11
1432,21,11,"random","equal","random","dynamic",0.592180735930736,0.407819264069264,0,0.11649531024531,1.31273671530204,11
1432,21,11,"random","equal","random","calendar",0.592180735930736,0.407819264069264,0,0.11649531024531,1.31273671530204,11
1432,21,11,"random","equal","random","stacked",0.813953488372093,0.186046511627907,0,0.0790697674418605,1.2697569127916,11
1433,21,11,"random","equal","random","simple",0.640776699029126,0.359223300970874,0,0,2.36969300063141,11
1433,21,11,"random","equal","random","group",0.818181818181818,0.181818181818182,0,0,1.31273671530204,11
1433,21,11,"random","equal","random","dynamic",0.483952305004937,0.516047694995063,0,0,2.36969300063141,11
1433,21,11,"random","equal","random","calendar",0.483952305004937,0.516047694995063,0,0,2.36969300063141,11
1433,21,11,"random","equal","random","stacked",0.891764705882353,0.108235294117647,0,0,1.2697569127916,11
1434,21,11,"random","equal","random","simple",0.811881188118812,0.188118811881188,0,0,2.36969300063141,11
1434,21,11,"random","equal","random","group",0.909090909090909,0.0909090909090909,0,0,2.36969300063141,11
1434,21,11,"random","equal","random","dynamic",0.671760841497684,0.328239158502316,0,0,2.36969300063141,11
1434,21,11,"random","equal","random","calendar",0.671760841497684,0.328239158502316,0,0,2.36969300063141,11
1434,21,11,"random","equal","random","stacked",0.954326923076923,0.0456730769230769,0,0,2.29210780324164,11
1435,21,11,"random","equal","random","simple",0.83,0.17,0,0.17,0.883187855576138,11
1435,21,11,"random","equal","random","group",0.909090909090909,0.0909090909090909,0,0.0909090909090909,0.883187855576138,11
1435,21,11,"random","equal","random","dynamic",0.737159409218233,0.262840590781767,0,0.262840590781767,0.883187855576138,11
1435,21,11,"random","equal","random","calendar",0.737159409218233,0.262840590781767,0,0.262840590781767,0.883187855576138,11
1435,21,11,"random","equal","random","stacked",0.924778761061947,0.0752212389380531,0,0.0752212389380531,0.854271745308325,11
1436,21,11,"random","equal","random","simple",1,0,0,0,NA,11
1436,21,11,"random","equal","random","group",1,0,0,0,NA,11
1436,21,11,"random","equal","random","dynamic",1,0,0,0,NA,11
1436,21,11,"random","equal","random","calendar",1,0,0,0,NA,11
1436,21,11,"random","equal","random","stacked",1,0,0,0,NA,11
1437,21,11,"random","equal","random","simple",0.557377049180328,0.442622950819672,0,0.139344262295082,1.31273671530204,11
1437,21,11,"random","equal","random","group",0.727272727272727,0.272727272727273,0,0.0909090909090909,1.31273671530204,11
1437,21,11,"random","equal","random","dynamic",0.464963545226703,0.535036454773297,0,0.143257765626187,1.31273671530204,11
1437,21,11,"random","equal","random","calendar",0.464963545226703,0.535036454773297,0,0.143257765626187,1.31273671530204,11
1437,21,11,"random","equal","random","stacked",0.796954314720812,0.203045685279188,0,0.0862944162436548,1.2697569127916,11
1438,21,11,"random","equal","random","simple",0.854700854700855,0.145299145299145,0,0.145299145299145,0.883187855576138,11
1438,21,11,"random","equal","random","group",0.909090909090909,0.0909090909090909,0,0.0909090909090909,0.883187855576138,11
1438,21,11,"random","equal","random","dynamic",0.837794011544012,0.162205988455988,0,0.162205988455988,0.883187855576138,11
1438,21,11,"random","equal","random","calendar",0.837794011544012,0.162205988455988,0,0.162205988455988,0.883187855576138,11
1438,21,11,"random","equal","random","stacked",0.922902494331066,0.0770975056689343,0,0.0770975056689343,0.854271745308325,11
1439,21,11,"random","equal","random","simple",0.597014925373134,0.402985074626866,0,0.126865671641791,1.31273671530204,11
1439,21,11,"random","equal","random","group",0.727272727272727,0.272727272727273,0,0.0909090909090909,1.31273671530204,11
1439,21,11,"random","equal","random","dynamic",0.49628616997038,0.50371383002962,0,0.132816890711628,1.31273671530204,11
1439,21,11,"random","equal","random","calendar",0.49628616997038,0.503713830029619,0,0.132816890711628,1.31273671530204,11
1439,21,11,"random","equal","random","stacked",0.81859410430839,0.18140589569161,0,0.0770975056689342,1.2697569127916,11
1440,21,11,"random","equal","random","simple",0.654205607476635,0.345794392523364,0,0,2.36969300063141,11
1440,21,11,"random","equal","random","group",0.818181818181818,0.181818181818182,0,0,1.31273671530204,11
1440,21,11,"random","equal","random","dynamic",0.605393217893218,0.394606782106782,0,0,2.36969300063141,11
1440,21,11,"random","equal","random","calendar",0.605393217893218,0.394606782106782,0,0,2.36969300063141,11
1440,21,11,"random","equal","random","stacked",0.868194842406877,0.131805157593123,0,0,1.2697569127916,11
1441,21,11,"random","equal","random","simple",1,0,0,0,NA,11
1441,21,11,"random","equal","random","group",1,0,0,0,NA,11
1441,21,11,"random","equal","random","dynamic",1,0,0,0,NA,11
1441,21,11,"random","equal","random","calendar",1,0,0,0,NA,11
1441,21,11,"random","equal","random","stacked",1,0,0,0,NA,11
1442,21,11,"random","equal","random","simple",0.822916666666667,0.177083333333333,0,0.177083333333333,0.883187855576138,11
1442,21,11,"random","equal","random","group",0.909090909090909,0.0909090909090909,0,0.0909090909090909,0.883187855576138,11
1442,21,11,"random","equal","random","dynamic",0.725275867922927,0.274724132077073,0,0.274724132077073,0.883187855576138,11
1442,21,11,"random","equal","random","calendar",0.725275867922927,0.274724132077073,0,0.274724132077073,0.883187855576138,11
1442,21,11,"random","equal","random","stacked",0.924944812362031,0.0750551876379691,0,0.0750551876379691,0.854271745308325,11
1443,21,11,"random","equal","random","simple",0.824074074074074,0.175925925925926,0,0,2.36969300063141,11
1443,21,11,"random","equal","random","group",0.909090909090909,0.0909090909090909,0,0,2.36969300063141,11
1443,21,11,"random","equal","random","dynamic",0.754915223665224,0.245084776334776,0,0,2.36969300063141,11
1443,21,11,"random","equal","random","calendar",0.754915223665224,0.245084776334776,0,0,2.36969300063141,11
1443,21,11,"random","equal","random","stacked",0.955916473317865,0.0440835266821346,0,0,2.29210780324164,11
1444,21,11,"random","equal","random","simple",0.824074074074074,0.175925925925926,0,0,2.36969300063141,11
1444,21,11,"random","equal","random","group",0.909090909090909,0.0909090909090909,0,0,2.36969300063141,11
1444,21,11,"random","equal","random","dynamic",0.761327561327561,0.238672438672439,0,0,2.36969300063141,11
1444,21,11,"random","equal","random","calendar",0.761327561327561,0.238672438672439,0,0,2.36969300063141,11
1444,21,11,"random","equal","random","stacked",0.951156812339332,0.0488431876606684,0,0,2.29210780324164,11
1445,21,11,"random","equal","random","simple",0.746376811594203,0.253623188405797,0,0.123188405797101,1.31273671530204,11
1445,21,11,"random","equal","random","group",0.818181818181818,0.181818181818182,0,0.0909090909090909,0.883187855576138,11
1445,21,11,"random","equal","random","dynamic",0.71541847041847,0.28458152958153,0,0.129790764790765,1.31273671530204,11
1445,21,11,"random","equal","random","calendar",0.715418470418471,0.28458152958153,0,0.129790764790765,1.31273671530204,11
1445,21,11,"random","equal","random","stacked",0.868250539956803,0.131749460043197,0,0.0734341252699784,0.854271745308325,11
1446,21,11,"random","equal","random","simple",0.862903225806452,0.137096774193548,0,0.137096774193548,0.883187855576138,11
1446,21,11,"random","equal","random","group",0.909090909090909,0.0909090909090909,0,0.0909090909090909,0.883187855576138,11
1446,21,11,"random","equal","random","dynamic",0.851544011544012,0.148455988455988,0,0.148455988455988,0.883187855576138,11
1446,21,11,"random","equal","random","calendar",0.851544011544011,0.148455988455988,0,0.148455988455988,0.883187855576138,11
1446,21,11,"random","equal","random","stacked",0.922196796338673,0.0778032036613272,0,0.0778032036613272,0.854271745308325,11
1447,21,11,"random","equal","random","simple",0.784090909090909,0.215909090909091,0,0,2.36969300063141,11
1447,21,11,"random","equal","random","group",0.909090909090909,0.0909090909090909,0,0,2.36969300063141,11
1447,21,11,"random","equal","random","dynamic",0.593252069567859,0.406747930432141,0,0,2.36969300063141,11
1447,21,11,"random","equal","random","calendar",0.593252069567859,0.406747930432141,0,0,2.36969300063141,11
1447,21,11,"random","equal","random","stacked",0.95421686746988,0.0457831325301205,0,0,2.29210780324164,11
1448,21,11,"random","equal","random","simple",0.640776699029126,0.359223300970874,0,0,2.36969300063141,11
1448,21,11,"random","equal","random","group",0.818181818181818,0.181818181818182,0,0,1.31273671530204,11
1448,21,11,"random","equal","random","dynamic",0.526729703045492,0.473270296954508,0,0,2.36969300063141,11
1448,21,11,"random","equal","random","calendar",0.526729703045492,0.473270296954508,0,0,2.36969300063141,11
1448,21,11,"random","equal","random","stacked",0.876010781671159,0.123989218328841,0,0,1.2697569127916,11
1449,21,11,"random","equal","random","simple",0.819047619047619,0.180952380952381,0,0,2.36969300063141,11
1449,21,11,"random","equal","random","group",0.909090909090909,0.0909090909090909,0,0,2.36969300063141,11
1449,21,11,"random","equal","random","dynamic",0.631785904154325,0.368214095845675,0,0,2.36969300063141,11
1449,21,11,"random","equal","random","calendar",0.631785904154325,0.368214095845675,0,0,2.36969300063141,11
1449,21,11,"random","equal","random","stacked",0.958424507658643,0.0415754923413567,0,0,2.29210780324164,11
1450,21,11,"random","equal","random","simple",0.813186813186813,0.186813186813187,0,0.186813186813187,0.883187855576138,11
1450,21,11,"random","equal","random","group",0.909090909090909,0.0909090909090909,0,0.0909090909090909,0.883187855576138,11
1450,21,11,"random","equal","random","dynamic",0.72179993209405,0.27820006790595,0,0.27820006790595,0.883187855576138,11
1450,21,11,"random","equal","random","calendar",0.72179993209405,0.27820006790595,0,0.27820006790595,0.883187855576138,11
1450,21,11,"random","equal","random","stacked",0.918465227817746,0.0815347721822542,0,0.0815347721822542,0.854271745308325,11
1451,21,11,"random","equal","random","simple",0.836538461538462,0.163461538461538,0,0.163461538461538,0.883187855576138,11
1451,21,11,"random","equal","random","group",0.909090909090909,0.0909090909090909,0,0.0909090909090909,0.883187855576138,11
1451,21,11,"random","equal","random","dynamic",0.816367243867244,0.183632756132756,0,0.183632756132756,0.883187855576138,11
1451,21,11,"random","equal","random","calendar",0.816367243867244,0.183632756132756,0,0.183632756132756,0.883187855576138,11
1451,21,11,"random","equal","random","stacked",0.915841584158416,0.0841584158415842,0,0.0841584158415842,0.854271745308325,11
1452,21,11,"random","equal","random","simple",0.830188679245283,0.169811320754717,0,0,1.31273671530204,11
1452,21,11,"random","equal","random","group",0.909090909090909,0.0909090909090909,0,0,1.31273671530204,11
1452,21,11,"random","equal","random","dynamic",0.719574715408049,0.280425284591951,0,0,1.31273671530204,11
1452,21,11,"random","equal","random","calendar",0.719574715408049,0.280425284591951,0,0,1.31273671530204,11
1452,21,11,"random","equal","random","stacked",0.938636363636364,0.0613636363636364,0,0,1.2697569127916,11
1453,21,11,"random","equal","random","simple",0.55,0.45,0,0.141666666666667,1.31273671530204,11
1453,21,11,"random","equal","random","group",0.727272727272727,0.272727272727273,0,0.0909090909090909,1.31273671530204,11
1453,21,11,"random","equal","random","dynamic",0.407946001367054,0.592053998632946,0,0.162263613579403,1.31273671530204,11
1453,21,11,"random","equal","random","calendar",0.407946001367054,0.592053998632946,0,0.162263613579403,1.31273671530204,11
1453,21,11,"random","equal","random","stacked",0.81859410430839,0.18140589569161,0,0.0770975056689343,1.2697569127916,11
1454,21,11,"random","equal","random","simple",0.819148936170213,0.180851063829787,0,0.180851063829787,0.883187855576138,11
1454,21,11,"random","equal","random","group",0.909090909090909,0.0909090909090909,0,0.0909090909090909,0.883187855576138,11
1454,21,11,"random","equal","random","dynamic",0.70415287327052,0.29584712672948,0,0.29584712672948,0.883187855576138,11
1454,21,11,"random","equal","random","calendar",0.70415287327052,0.29584712672948,0,0.29584712672948,0.883187855576138,11
1454,21,11,"random","equal","random","stacked",0.92018779342723,0.07981220657277,0,0.07981220657277,0.854271745308325,11
1455,21,11,"random","equal","random","simple",0.584615384615385,0.415384615384615,0,0.130769230769231,1.31273671530204,11
1455,21,11,"random","equal","random","group",0.727272727272727,0.272727272727273,0,0.0909090909090909,1.31273671530204,11
1455,21,11,"random","equal","random","dynamic",0.564875541125541,0.435124458874459,0,0.125597041847042,1.31273671530204,11
1455,21,11,"random","equal","random","calendar",0.564875541125541,0.435124458874459,0,0.125597041847042,1.31273671530204,11
1455,21,11,"random","equal","random","stacked",0.770114942528736,0.229885057471264,0,0.0977011494252874,1.2697569127916,11
1456,21,11,"random","equal","random","simple",0.824742268041237,0.175257731958763,0,0.175257731958763,0.883187855576138,11
1456,21,11,"random","equal","random","group",0.909090909090909,0.0909090909090909,0,0.0909090909090909,0.883187855576138,11
1456,21,11,"random","equal","random","dynamic",0.727612257024022,0.272387742975978,0,0.272387742975978,0.883187855576138,11
1456,21,11,"random","equal","random","calendar",0.727612257024022,0.272387742975978,0,0.272387742975978,0.883187855576138,11
1456,21,11,"random","equal","random","stacked",0.922196796338673,0.0778032036613272,0,0.0778032036613272,0.854271745308325,11
1457,21,11,"random","equal","random","simple",0.694915254237288,0.305084745762712,0,0.144067796610169,2.36969300063141,11
1457,21,11,"random","equal","random","group",0.818181818181818,0.181818181818182,0,0.0909090909090909,0.883187855576138,11
1457,21,11,"random","equal","random","dynamic",0.621976911976912,0.378023088023088,0,0.164011544011544,2.36969300063141,11
1457,21,11,"random","equal","random","calendar",0.621976911976912,0.378023088023088,0,0.164011544011544,2.36969300063141,11
1457,21,11,"random","equal","random","stacked",0.877030162412993,0.122969837587007,0,0.0788863109048724,0.854271745308325,11
1458,21,11,"random","equal","random","simple",0.692307692307692,0.307692307692308,0,0.145299145299145,2.36969300063141,11
1458,21,11,"random","equal","random","group",0.818181818181818,0.181818181818182,0,0.0909090909090909,0.883187855576138,11
1458,21,11,"random","equal","random","dynamic",0.5659109895952,0.4340890104048,0,0.164412926255032,2.36969300063141,11
1458,21,11,"random","equal","random","calendar",0.5659109895952,0.4340890104048,0,0.164412926255032,2.36969300063141,11
1458,21,11,"random","equal","random","stacked",0.877030162412993,0.122969837587007,0,0.0788863109048724,0.854271745308325,11
1459,21,11,"random","equal","random","simple",0.713114754098361,0.286885245901639,0,0.139344262295082,1.31273671530204,11
1459,21,11,"random","equal","random","group",0.818181818181818,0.181818181818182,0,0.0909090909090909,0.883187855576138,11
1459,21,11,"random","equal","random","dynamic",0.616261824595158,0.383738175404842,0,0.164091309924643,1.31273671530204,11
1459,21,11,"random","equal","random","calendar",0.616261824595158,0.383738175404842,0,0.164091309924643,1.31273671530204,11
1459,21,11,"random","equal","random","stacked",0.864745011086475,0.135254988913526,0,0.0753880266075388,0.854271745308325,11
1460,21,11,"random","equal","random","simple",0.578125,0.421875,0,0.1328125,1.31273671530204,11
1460,21,11,"random","equal","random","group",0.727272727272727,0.272727272727273,0,0.0909090909090909,1.31273671530204,11
1460,21,11,"random","equal","random","dynamic",0.55612012987013,0.44387987012987,0,0.128515512265512,1.31273671530204,11
1460,21,11,"random","equal","random","calendar",0.55612012987013,0.44387987012987,0,0.128515512265512,1.31273671530204,11
1460,21,11,"random","equal","random","stacked",0.780821917808219,0.219178082191781,0,0.0931506849315068,1.2697569127916,11
1461,21,11,"random","equal","random","simple",0.713114754098361,0.286885245901639,0,0.139344262295082,1.31273671530204,11
1461,21,11,"random","equal","random","group",0.818181818181818,0.181818181818182,0,0.0909090909090909,0.883187855576138,11
1461,21,11,"random","equal","random","dynamic",0.588259579926247,0.411740420073753,0,0.178092432259099,1.31273671530204,11
1461,21,11,"random","equal","random","calendar",0.588259579926247,0.411740420073753,0,0.178092432259099,1.31273671530204,11
1461,21,11,"random","equal","random","stacked",0.871848739495798,0.128151260504202,0,0.0714285714285714,0.854271745308325,11
1462,21,11,"random","equal","random","simple",1,0,0,0,NA,11
1462,21,11,"random","equal","random","group",1,0,0,0,NA,11
1462,21,11,"random","equal","random","dynamic",1,0,0,0,NA,11
1462,21,11,"random","equal","random","calendar",1,0,0,0,NA,11
1462,21,11,"random","equal","random","stacked",1,0,0,0,NA,11
1463,21,11,"random","equal","random","simple",0.678260869565217,0.321739130434783,0,0,2.36969300063141,11
1463,21,11,"random","equal","random","group",0.818181818181818,0.181818181818182,0,0,1.31273671530204,11
1463,21,11,"random","equal","random","dynamic",0.513526239842029,0.486473760157971,0,0,2.36969300063141,11
1463,21,11,"random","equal","random","calendar",0.513526239842029,0.486473760157971,0,0,2.36969300063141,11
1463,21,11,"random","equal","random","stacked",0.898454746136865,0.101545253863135,0,0,1.2697569127916,11
1464,21,11,"random","equal","random","simple",1,0,0,0,NA,11
1464,21,11,"random","equal","random","group",1,0,0,0,NA,11
1464,21,11,"random","equal","random","dynamic",1,0,0,0,NA,11
1464,21,11,"random","equal","random","calendar",1,0,0,0,NA,11
1464,21,11,"random","equal","random","stacked",1,0,0,0,NA,11
1465,21,11,"random","equal","random","simple",0.691666666666667,0.308333333333333,0,0,2.36969300063141,11
1465,21,11,"random","equal","random","group",0.818181818181818,0.181818181818182,0,0,1.31273671530204,11
1465,21,11,"random","equal","random","dynamic",0.577561327561327,0.422438672438672,0,0,2.36969300063141,11
1465,21,11,"random","equal","random","calendar",0.577561327561328,0.422438672438672,0,0,2.36969300063141,11
1465,21,11,"random","equal","random","stacked",0.889952153110048,0.110047846889952,0,0,1.2697569127916,11
1466,21,11,"random","equal","random","simple",0.560975609756098,0.439024390243902,0,0.138211382113821,1.31273671530204,11
1466,21,11,"random","equal","random","group",0.727272727272727,0.272727272727273,0,0.0909090909090909,1.31273671530204,11
1466,21,11,"random","equal","random","dynamic",0.534994588744589,0.465005411255411,0,0.135557359307359,1.31273671530204,11
1466,21,11,"random","equal","random","calendar",0.534994588744589,0.465005411255411,0,0.135557359307359,1.31273671530204,11
1466,21,11,"random","equal","random","stacked",0.776536312849162,0.223463687150838,0,0.0949720670391062,1.2697569127916,11
1467,21,11,"random","equal","random","simple",0.740740740740741,0.259259259259259,0,0.125925925925926,1.31273671530204,11
1467,21,11,"random","equal","random","group",0.818181818181818,0.181818181818182,0,0.0909090909090909,0.883187855576138,11
1467,21,11,"random","equal","random","dynamic",0.726143578643579,0.273856421356421,0,0.124428210678211,1.31273671530204,11
1467,21,11,"random","equal","random","calendar",0.726143578643579,0.273856421356421,0,0.124428210678211,1.31273671530204,11
1467,21,11,"random","equal","random","stacked",0.851941747572816,0.148058252427185,0,0.0825242718446602,0.854271745308325,11
1468,21,11,"random","equal","random","simple",0.681034482758621,0.318965517241379,0,0,2.36969300063141,11
1468,21,11,"random","equal","random","group",0.818181818181818,0.181818181818182,0,0,1.31273671530204,11
1468,21,11,"random","equal","random","dynamic",0.566621098200046,0.433378901799954,0,0,2.36969300063141,11
1468,21,11,"random","equal","random","calendar",0.566621098200046,0.433378901799954,0,0,2.36969300063141,11
1468,21,11,"random","equal","random","stacked",0.886977886977887,0.113022113022113,0,0,1.2697569127916,11
1469,21,11,"random","equal","random","simple",0.843478260869565,0.156521739130435,0,0,1.31273671530204,11
1469,21,11,"random","equal","random","group",0.909090909090909,0.0909090909090909,0,0,1.31273671530204,11
1469,21,11,"random","equal","random","dynamic",0.810748556998557,0.189251443001443,0,0,1.31273671530204,11
1469,21,11,"random","equal","random","calendar",0.810748556998557,0.189251443001443,0,0,1.31273671530204,11
1469,21,11,"random","equal","random","stacked",0.936768149882904,0.063231850117096,0,0,1.2697569127916,11
1470,21,11,"random","equal","random","simple",0.526315789473684,0.473684210526316,0,0.149122807017544,1.31273671530204,11
1470,21,11,"random","equal","random","group",0.727272727272727,0.272727272727273,0,0.0909090909090909,1.31273671530204,11
1470,21,11,"random","equal","random","dynamic",0.407387787650946,0.592612212349054,0,0.162449684818106,1.31273671530204,11
1470,21,11,"random","equal","random","calendar",0.407387787650946,0.592612212349054,0,0.162449684818106,1.31273671530204,11
1470,21,11,"random","equal","random","stacked",0.798994974874372,0.201005025125628,0,0.085427135678392,1.2697569127916,11
1471,21,11,"random","equal","random","simple",0.656862745098039,0.343137254901961,0,0.166666666666667,1.31273671530204,11
1471,21,11,"random","equal","random","group",0.818181818181818,0.181818181818182,0,0.0909090909090909,0.883187855576138,11
1471,21,11,"random","equal","random","dynamic",0.558902517235851,0.441097482764149,0,0.192770963604297,1.31273671530204,11
1471,21,11,"random","equal","random","calendar",0.558902517235851,0.441097482764149,0,0.192770963604297,1.31273671530204,11
1471,21,11,"random","equal","random","stacked",0.84318766066838,0.15681233933162,0,0.0874035989717224,0.854271745308325,11
1472,21,11,"random","equal","random","simple",0.686440677966102,0.313559322033898,0,0,2.36969300063141,11
1472,21,11,"random","equal","random","group",0.818181818181818,0.181818181818182,0,0,1.31273671530204,11
1472,21,11,"random","equal","random","dynamic",0.645631313131313,0.354368686868687,0,0,2.36969300063141,11
1472,21,11,"random","equal","random","calendar",0.645631313131313,0.354368686868687,0,0,2.36969300063141,11
1472,21,11,"random","equal","random","stacked",0.869318181818182,0.130681818181818,0,0,1.2697569127916,11
1473,21,11,"random","equal","random","simple",0.6,0.4,0,0.125925925925926,1.31273671530204,11
1473,21,11,"random","equal","random","group",0.727272727272727,0.272727272727273,0,0.0909090909090909,1.31273671530204,11
1473,21,11,"random","equal","random","dynamic",0.502306903622693,0.497693096377307,0,0.13080997949419,1.31273671530204,11
1473,21,11,"random","equal","random","calendar",0.502306903622693,0.497693096377307,0,0.13080997949419,1.31273671530204,11
1473,21,11,"random","equal","random","stacked",0.815242494226328,0.184757505773672,0,0.0785219399538106,1.2697569127916,11
1474,21,11,"random","equal","random","simple",0.699186991869919,0.300813008130081,0,0,2.36969300063141,11
1474,21,11,"random","equal","random","group",0.818181818181818,0.181818181818182,0,0,1.31273671530204,11
1474,21,11,"random","equal","random","dynamic",0.656421356421356,0.343578643578644,0,0,2.36969300063141,11
1474,21,11,"random","equal","random","calendar",0.656421356421356,0.343578643578644,0,0,2.36969300063141,11
1474,21,11,"random","equal","random","stacked",0.881748071979434,0.118251928020566,0,0,1.2697569127916,11
1475,21,11,"random","equal","random","simple",0.694214876033058,0.305785123966942,0,0,2.36969300063141,11
1475,21,11,"random","equal","random","group",0.818181818181818,0.181818181818182,0,0,1.31273671530204,11
1475,21,11,"random","equal","random","dynamic",0.575639857218805,0.424360142781195,0,0,2.36969300063141,11
1475,21,11,"random","equal","random","calendar",0.575639857218805,0.424360142781195,0,0,2.36969300063141,11
1475,21,11,"random","equal","random","stacked",0.893023255813953,0.106976744186047,0,0,1.2697569127916,11
1476,21,11,"random","equal","random","simple",0.836363636363636,0.163636363636364,0,0,1.31273671530204,11
1476,21,11,"random","equal","random","group",0.909090909090909,0.0909090909090909,0,0,1.31273671530204,11
1476,21,11,"random","equal","random","dynamic",0.794006132756133,0.205993867243867,0,0,1.31273671530204,11
1476,21,11,"random","equal","random","calendar",0.794006132756133,0.205993867243867,0,0,1.31273671530204,11
1476,21,11,"random","equal","random","stacked",0.935096153846154,0.0649038461538462,0,0,1.2697569127916,11
1477,21,11,"random","equal","random","simple",0.823529411764706,0.176470588235294,0,0,1.31273671530204,11
1477,21,11,"random","equal","random","group",0.909090909090909,0.0909090909090909,0,0,1.31273671530204,11
1477,21,11,"random","equal","random","dynamic",0.688289642456309,0.311710357543691,0,0,1.31273671530204,11
1477,21,11,"random","equal","random","calendar",0.688289642456309,0.311710357543691,0,0,1.31273671530204,11
1477,21,11,"random","equal","random","stacked",0.941684665226782,0.0583153347732182,0,0,1.2697569127916,11
1478,21,11,"random","equal","random","simple",0.666666666666667,0.333333333333333,0,0.157407407407407,2.36969300063141,11
1478,21,11,"random","equal","random","group",0.818181818181818,0.181818181818182,0,0.0909090909090909,0.883187855576138,11
1478,21,11,"random","equal","random","dynamic",0.501496164654059,0.498503835345941,0,0.196620338725602,2.36969300063141,11
1478,21,11,"random","equal","random","calendar",0.501496164654059,0.498503835345941,0,0.196620338725602,2.36969300063141,11
1478,21,11,"random","equal","random","stacked",0.878718535469108,0.121281464530892,0,0.0778032036613272,0.854271745308325,11
1479,21,11,"random","equal","random","simple",0.740740740740741,0.259259259259259,0,0.125925925925926,1.31273671530204,11
1479,21,11,"random","equal","random","group",0.818181818181818,0.181818181818182,0,0.0909090909090909,0.883187855576138,11
1479,21,11,"random","equal","random","dynamic",0.722330447330447,0.277669552669553,0,0.126334776334776,1.31273671530204,11
1479,21,11,"random","equal","random","calendar",0.722330447330447,0.277669552669553,0,0.126334776334776,1.31273671530204,11
1479,21,11,"random","equal","random","stacked",0.8584686774942,0.1415313225058,0,0.0788863109048724,0.854271745308325,11
1480,21,11,"random","equal","random","simple",0.681818181818182,0.318181818181818,0,0.154545454545455,1.31273671530204,11
1480,21,11,"random","equal","random","group",0.818181818181818,0.181818181818182,0,0.0909090909090909,0.883187855576138,11
1480,21,11,"random","equal","random","dynamic",0.552288760622094,0.447711239377906,0,0.196077841911175,1.31273671530204,11
1480,21,11,"random","equal","random","calendar",0.552288760622094,0.447711239377906,0,0.196077841911175,1.31273671530204,11
1480,21,11,"random","equal","random","stacked",0.862612612612613,0.137387387387387,0,0.0765765765765766,0.854271745308325,11
1481,21,11,"random","equal","random","simple",0.728682170542636,0.271317829457364,0,0.131782945736434,1.31273671530204,11
1481,21,11,"random","equal","random","group",0.818181818181818,0.181818181818182,0,0.0909090909090909,0.883187855576138,11
1481,21,11,"random","equal","random","dynamic",0.705108225108225,0.294891774891775,0,0.134945887445887,1.31273671530204,11
1481,21,11,"random","equal","random","calendar",0.705108225108225,0.294891774891775,0,0.134945887445887,1.31273671530204,11
1481,21,11,"random","equal","random","stacked",0.859447004608295,0.140552995391705,0,0.0783410138248848,0.854271745308325,11
1482,21,11,"random","equal","random","simple",0.841666666666667,0.158333333333333,0,0,2.36969300063141,11
1482,21,11,"random","equal","random","group",0.909090909090909,0.0909090909090909,0,0,2.36969300063141,11
1482,21,11,"random","equal","random","dynamic",0.793450577200577,0.206549422799423,0,0,2.36969300063141,11
1482,21,11,"random","equal","random","calendar",0.793450577200577,0.206549422799423,0,0,2.36969300063141,11
1482,21,11,"random","equal","random","stacked",0.952020202020202,0.047979797979798,0,0,2.29210780324164,11
1483,21,11,"random","equal","random","simple",1,0,0,0,NA,11
1483,21,11,"random","equal","random","group",1,0,0,0,NA,11
1483,21,11,"random","equal","random","dynamic",1,0,0,0,NA,11
1483,21,11,"random","equal","random","calendar",1,0,0,0,NA,11
1483,21,11,"random","equal","random","stacked",1,0,0,0,NA,11
1484,21,11,"random","equal","random","simple",0.694214876033058,0.305785123966942,0,0,2.36969300063141,11
1484,21,11,"random","equal","random","group",0.818181818181818,0.181818181818182,0,0,1.31273671530204,11
1484,21,11,"random","equal","random","dynamic",0.648088023088023,0.351911976911977,0,0,2.36969300063141,11
1484,21,11,"random","equal","random","calendar",0.648088023088023,0.351911976911977,0,0,2.36969300063141,11
1484,21,11,"random","equal","random","stacked",0.883838383838384,0.116161616161616,0,0,1.2697569127916,11
1485,21,11,"random","equal","random","simple",0.644230769230769,0.355769230769231,0,0,2.36969300063141,11
1485,21,11,"random","equal","random","group",0.818181818181818,0.181818181818182,0,0,1.31273671530204,11
1485,21,11,"random","equal","random","dynamic",0.475806941596415,0.524193058403585,0,0,2.36969300063141,11
1485,21,11,"random","equal","random","calendar",0.475806941596415,0.524193058403585,0,0,2.36969300063141,11
1485,21,11,"random","equal","random","stacked",0.893023255813953,0.106976744186047,0,0,1.2697569127916,11
1486,21,11,"random","equal","random","simple",0.841666666666667,0.158333333333333,0,0,2.36969300063141,11
1486,21,11,"random","equal","random","group",0.909090909090909,0.0909090909090909,0,0,2.36969300063141,11
1486,21,11,"random","equal","random","dynamic",0.697867775499355,0.302132224500646,0,0,2.36969300063141,11
1486,21,11,"random","equal","random","calendar",0.697867775499355,0.302132224500646,0,0,2.36969300063141,11
1486,21,11,"random","equal","random","stacked",0.959139784946237,0.0408602150537635,0,0,2.29210780324164,11
1487,21,11,"random","equal","random","simple",0.852713178294574,0.147286821705426,0,0,2.36969300063141,11
1487,21,11,"random","equal","random","group",0.909090909090909,0.0909090909090909,0,0,2.36969300063141,11
1487,21,11,"random","equal","random","dynamic",0.804720418470418,0.195279581529582,0,0,2.36969300063141,11
1487,21,11,"random","equal","random","calendar",0.804720418470418,0.195279581529582,0,0,2.36969300063141,11
1487,21,11,"random","equal","random","stacked",0.955607476635514,0.044392523364486,0,0,2.29210780324164,11
1488,21,11,"random","equal","random","simple",0.526315789473684,0.473684210526316,0,0.149122807017544,1.31273671530204,11
1488,21,11,"random","equal","random","group",0.727272727272727,0.272727272727273,0,0.0909090909090909,1.31273671530204,11
1488,21,11,"random","equal","random","dynamic",0.423177261335156,0.576822738664844,0,0.157186526923369,1.31273671530204,11
1488,21,11,"random","equal","random","calendar",0.423177261335156,0.576822738664844,0,0.157186526923369,1.31273671530204,11
1488,21,11,"random","equal","random","stacked",0.791666666666667,0.208333333333333,0,0.0885416666666667,1.2697569127916,11
1489,21,11,"random","equal","random","simple",0.834782608695652,0.165217391304348,0,0,2.36969300063141,11
1489,21,11,"random","equal","random","group",0.909090909090909,0.0909090909090909,0,0,2.36969300063141,11
1489,21,11,"random","equal","random","dynamic",0.771405122655123,0.228594877344877,0,0,2.36969300063141,11
1489,21,11,"random","equal","random","calendar",0.771405122655123,0.228594877344877,0,0,2.36969300063141,11
1489,21,11,"random","equal","random","stacked",0.95632183908046,0.0436781609195403,0,0,2.29210780324164,11
1490,21,11,"random","equal","random","simple",0.625,0.375,0,0.177083333333333,2.36969300063141,11
1490,21,11,"random","equal","random","group",0.818181818181818,0.181818181818182,0,0.0909090909090909,0.883187855576138,11
1490,21,11,"random","equal","random","dynamic",0.485626946153262,0.514373053846738,0,0.204554947976001,2.36969300063141,11
1490,21,11,"random","equal","random","calendar",0.485626946153262,0.514373053846738,0,0.204554947976001,2.36969300063141,11
1490,21,11,"random","equal","random","stacked",0.862337662337662,0.137662337662338,0,0.0883116883116883,0.854271745308325,11
1491,21,11,"random","equal","random","simple",0.69672131147541,0.30327868852459,0,0,2.36969300063141,11
1491,21,11,"random","equal","random","group",0.818181818181818,0.181818181818182,0,0,1.31273671530204,11
1491,21,11,"random","equal","random","dynamic",0.645551948051948,0.354448051948052,0,0,2.36969300063141,11
1491,21,11,"random","equal","random","calendar",0.645551948051948,0.354448051948052,0,0,2.36969300063141,11
1491,21,11,"random","equal","random","stacked",0.883838383838384,0.116161616161616,0,0,1.2697569127916,11
1492,21,11,"random","equal","random","simple",0.697478991596639,0.302521008403361,0,0.142857142857143,2.36969300063141,11
1492,21,11,"random","equal","random","group",0.818181818181818,0.181818181818182,0,0.0909090909090909,0.883187855576138,11
1492,21,11,"random","equal","random","dynamic",0.664559884559885,0.335440115440115,0,0.142720057720058,2.36969300063141,11
1492,21,11,"random","equal","random","calendar",0.664559884559885,0.335440115440115,0,0.142720057720058,2.36969300063141,11
1492,21,11,"random","equal","random","stacked",0.855191256830601,0.144808743169399,0,0.092896174863388,0.854271745308325,11
1493,21,11,"random","equal","random","simple",0.700854700854701,0.299145299145299,0,0.145299145299145,1.31273671530204,11
1493,21,11,"random","equal","random","group",0.818181818181818,0.181818181818182,0,0.0909090909090909,0.883187855576138,11
1493,21,11,"random","equal","random","dynamic",0.54858505691839,0.45141494308161,0,0.197929693763027,1.31273671530204,11
1493,21,11,"random","equal","random","calendar",0.54858505691839,0.45141494308161,0,0.197929693763027,1.31273671530204,11
1493,21,11,"random","equal","random","stacked",0.87344398340249,0.12655601659751,0,0.0705394190871369,0.854271745308325,11
1494,21,11,"random","equal","random","simple",0.753424657534246,0.246575342465753,0,0.116438356164384,2.36969300063141,11
1494,21,11,"random","equal","random","group",0.818181818181818,0.181818181818182,0,0.0909090909090909,0.883187855576138,11
1494,21,11,"random","equal","random","dynamic",0.712279942279942,0.287720057720058,0,0.118860028860029,2.36969300063141,11
1494,21,11,"random","equal","random","calendar",0.712279942279942,0.287720057720058,0,0.118860028860029,2.36969300063141,11
1494,21,11,"random","equal","random","stacked",0.883259911894273,0.116740088105727,0,0.0748898678414097,0.854271745308325,11
1495,21,11,"random","equal","random","simple",0.538461538461539,0.461538461538462,0,0.145299145299145,1.31273671530204,11
1495,21,11,"random","equal","random","group",0.727272727272727,0.272727272727273,0,0.0909090909090909,1.31273671530204,11
1495,21,11,"random","equal","random","dynamic",0.441598313966735,0.558401686033265,0,0.151046176046176,1.31273671530204,11
1495,21,11,"random","equal","random","calendar",0.441598313966735,0.558401686033265,0,0.151046176046176,1.31273671530204,11
1495,21,11,"random","equal","random","stacked",0.792746113989637,0.207253886010363,0,0.0880829015544042,1.2697569127916,11
1496,21,11,"random","equal","random","simple",0.81,0.19,0,0,2.36969300063141,11
1496,21,11,"random","equal","random","group",0.909090909090909,0.0909090909090909,0,0,2.36969300063141,11
1496,21,11,"random","equal","random","dynamic",0.658456747930432,0.341543252069568,0,0,2.36969300063141,11
1496,21,11,"random","equal","random","calendar",0.658456747930432,0.341543252069568,0,0,2.36969300063141,11
1496,21,11,"random","equal","random","stacked",0.955399061032864,0.0446009389671362,0,0,2.29210780324164,11
1497,21,11,"random","equal","random","simple",0.8,0.2,0,0.2,0.883187855576138,11
1497,21,11,"random","equal","random","group",0.909090909090909,0.0909090909090909,0,0.0909090909090909,0.883187855576138,11
1497,21,11,"random","equal","random","dynamic",0.680203293438588,0.319796706561412,0,0.319796706561412,0.883187855576138,11
1497,21,11,"random","equal","random","calendar",0.680203293438588,0.319796706561412,0,0.319796706561412,0.883187855576138,11
1497,21,11,"random","equal","random","stacked",0.916461916461916,0.0835380835380835,0,0.0835380835380835,0.854271745308325,11
1498,21,11,"random","equal","random","simple",0.736842105263158,0.263157894736842,0,0.12781954887218,1.31273671530204,11
1498,21,11,"random","equal","random","group",0.818181818181818,0.181818181818182,0,0.0909090909090909,0.883187855576138,11
1498,21,11,"random","equal","random","dynamic",0.710588023088023,0.289411976911977,0,0.132205988455988,1.31273671530204,11
1498,21,11,"random","equal","random","calendar",0.710588023088023,0.289411976911977,0,0.132205988455988,1.31273671530204,11
1498,21,11,"random","equal","random","stacked",0.858139534883721,0.141860465116279,0,0.0790697674418605,0.854271745308325,11
1499,21,11,"random","equal","random","simple",1,0,0,0,NA,11
1499,21,11,"random","equal","random","group",1,0,0,0,NA,11
1499,21,11,"random","equal","random","dynamic",1,0,0,0,NA,11
1499,21,11,"random","equal","random","calendar",1,0,0,0,NA,11
1499,21,11,"random","equal","random","stacked",1,0,0,0,NA,11
1500,21,11,"random","equal","random","simple",0.68695652173913,0.31304347826087,0,0.147826086956522,2.36969300063141,11
1500,21,11,"random","equal","random","group",0.818181818181818,0.181818181818182,0,0.0909090909090909,0.883187855576138,11
1500,21,11,"random","equal","random","dynamic",0.630588023088023,0.369411976911977,0,0.159705988455988,2.36969300063141,11
1500,21,11,"random","equal","random","calendar",0.630588023088023,0.369411976911977,0,0.159705988455988,2.36969300063141,11
1500,21,11,"random","equal","random","stacked",0.86977886977887,0.13022113022113,0,0.0835380835380835,0.854271745308325,11
1501,21,11,"random","equal","random","simple",0.694214876033058,0.305785123966942,0,0,2.36969300063141,11
1501,21,11,"random","equal","random","group",0.818181818181818,0.181818181818182,0,0,1.31273671530204,11
1501,21,11,"random","equal","random","dynamic",0.628726551226551,0.371273448773449,0,0,2.36969300063141,11
1501,21,11,"random","equal","random","calendar",0.628726551226551,0.371273448773449,0,0,2.36969300063141,11
1501,21,11,"random","equal","random","stacked",0.889156626506024,0.110843373493976,0,0,1.2697569127916,11
1502,21,11,"random","equal","random","simple",0.717741935483871,0.282258064516129,0,0.137096774193548,1.31273671530204,11
1502,21,11,"random","equal","random","group",0.818181818181818,0.181818181818182,0,0.0909090909090909,0.883187855576138,11
1502,21,11,"random","equal","random","dynamic",0.697925685425685,0.302074314574315,0,0.138537157287157,1.31273671530204,11
1502,21,11,"random","equal","random","calendar",0.697925685425685,0.302074314574315,0,0.138537157287157,1.31273671530204,11
1502,21,11,"random","equal","random","stacked",0.852657004830918,0.147342995169082,0,0.0821256038647343,0.854271745308325,11
1503,21,11,"random","equal","random","simple",0.731884057971015,0.268115942028985,0,0,2.36969300063141,11
1503,21,11,"random","equal","random","group",0.818181818181818,0.181818181818182,0,0,1.31273671530204,11
1503,21,11,"random","equal","random","dynamic",0.690223665223665,0.309776334776335,0,0,2.36969300063141,11
1503,21,11,"random","equal","random","calendar",0.690223665223665,0.309776334776335,0,0,2.36969300063141,11
1503,21,11,"random","equal","random","stacked",0.891509433962264,0.108490566037736,0,0,1.2697569127916,11
1504,21,11,"random","equal","random","simple",0.842592592592593,0.157407407407407,0,0.157407407407407,0.883187855576138,11
1504,21,11,"random","equal","random","group",0.909090909090909,0.0909090909090909,0,0.0909090909090909,0.883187855576138,11
1504,21,11,"random","equal","random","dynamic",0.836506132756133,0.163493867243867,0,0.163493867243867,0.883187855576138,11
1504,21,11,"random","equal","random","calendar",0.836506132756133,0.163493867243867,0,0.163493867243867,0.883187855576138,11
1504,21,11,"random","equal","random","stacked",0.906849315068493,0.0931506849315069,0,0.0931506849315069,0.854271745308325,11
1505,21,11,"random","equal","random","simple",0.619718309859155,0.380281690140845,0,0.119718309859155,1.31273671530204,11
1505,21,11,"random","equal","random","group",0.727272727272727,0.272727272727273,0,0.0909090909090909,1.31273671530204,11
1505,21,11,"random","equal","random","dynamic",0.586185064935065,0.413814935064935,0,0.118493867243867,1.31273671530204,11
1505,21,11,"random","equal","random","calendar",0.586185064935065,0.413814935064935,0,0.118493867243867,1.31273671530204,11
1505,21,11,"random","equal","random","stacked",0.804878048780488,0.195121951219512,0,0.0829268292682927,1.2697569127916,11
1506,21,11,"random","equal","random","simple",0.704918032786885,0.295081967213115,0,0.139344262295082,2.36969300063141,11
1506,21,11,"random","equal","random","group",0.818181818181818,0.181818181818182,0,0.0909090909090909,0.883187855576138,11
1506,21,11,"random","equal","random","dynamic",0.576429710640237,0.423570289359763,0,0.159153565732513,2.36969300063141,11
1506,21,11,"random","equal","random","calendar",0.576429710640237,0.423570289359763,0,0.159153565732513,2.36969300063141,11
1506,21,11,"random","equal","random","stacked",0.884279475982533,0.115720524017467,0,0.074235807860262,0.854271745308325,11
1507,21,11,"random","equal","random","simple",0.526315789473684,0.473684210526316,0,0.149122807017544,1.31273671530204,11
1507,21,11,"random","equal","random","group",0.727272727272727,0.272727272727273,0,0.0909090909090909,1.31273671530204,11
1507,21,11,"random","equal","random","dynamic",0.416660970608339,0.583339029391661,0,0.159358623832308,1.31273671530204,11
1507,21,11,"random","equal","random","calendar",0.416660970608339,0.583339029391661,0,0.159358623832308,1.31273671530204,11
1507,21,11,"random","equal","random","stacked",0.798994974874372,0.201005025125628,0,0.085427135678392,1.2697569127916,11
1508,21,11,"random","equal","random","simple",0.712,0.288,0,0.136,2.36969300063141,11
1508,21,11,"random","equal","random","group",0.818181818181818,0.181818181818182,0,0.0909090909090909,0.883187855576138,11
1508,21,11,"random","equal","random","dynamic",0.67261544011544,0.32738455988456,0,0.13869227994228,2.36969300063141,11
1508,21,11,"random","equal","random","calendar",0.67261544011544,0.32738455988456,0,0.13869227994228,2.36969300063141,11
1508,21,11,"random","equal","random","stacked",0.865482233502538,0.134517766497462,0,0.0862944162436548,0.854271745308325,11
1509,21,11,"random","equal","random","simple",0.68141592920354,0.31858407079646,0,0.150442477876106,2.36969300063141,11
1509,21,11,"random","equal","random","group",0.818181818181818,0.181818181818182,0,0.0909090909090909,0.883187855576138,11
1509,21,11,"random","equal","random","dynamic",0.557260575681628,0.442739424318372,0,0.168738133211817,2.36969300063141,11
1509,21,11,"random","equal","random","calendar",0.557260575681628,0.442739424318372,0,0.168738133211817,2.36969300063141,11
1509,21,11,"random","equal","random","stacked",0.874109263657957,0.125890736342043,0,0.0807600950118765,0.854271745308325,11
1510,21,11,"random","equal","random","simple",0.716535433070866,0.283464566929134,0,0.133858267716535,2.36969300063141,11
1510,21,11,"random","equal","random","group",0.818181818181818,0.181818181818182,0,0.0909090909090909,0.883187855576138,11
1510,21,11,"random","equal","random","dynamic",0.668405483405483,0.331594516594517,0,0.140797258297258,2.36969300063141,11
1510,21,11,"random","equal","random","calendar",0.668405483405483,0.331594516594517,0,0.140797258297258,2.36969300063141,11
1510,21,11,"random","equal","random","stacked",0.873508353221957,0.126491646778043,0,0.081145584725537,0.854271745308325,11
1511,21,11,"random","equal","random","simple",0.7109375,0.2890625,0,0,2.36969300063141,11
1511,21,11,"random","equal","random","group",0.818181818181818,0.181818181818182,0,0,1.31273671530204,11
1511,21,11,"random","equal","random","dynamic",0.663845598845599,0.336154401154401,0,0,2.36969300063141,11
1511,21,11,"random","equal","random","calendar",0.663845598845599,0.336154401154401,0,0,2.36969300063141,11
1511,21,11,"random","equal","random","stacked",0.885856079404467,0.114143920595534,0,0,1.2697569127916,11
1512,21,11,"random","equal","random","simple",0.838095238095238,0.161904761904762,0,0.161904761904762,0.883187855576138,11
1512,21,11,"random","equal","random","group",0.909090909090909,0.0909090909090909,0,0.0909090909090909,0.883187855576138,11
1512,21,11,"random","equal","random","dynamic",0.751305067481538,0.248694932518462,0,0.248694932518462,0.883187855576138,11
1512,21,11,"random","equal","random","calendar",0.751305067481538,0.248694932518462,0,0.248694932518462,0.883187855576138,11
1512,21,11,"random","equal","random","stacked",0.924778761061947,0.0752212389380531,0,0.0752212389380531,0.854271745308325,11
1513,21,11,"random","equal","random","simple",0.698275862068966,0.301724137931034,0,0.146551724137931,1.31273671530204,11
1513,21,11,"random","equal","random","group",0.818181818181818,0.181818181818182,0,0.0909090909090909,0.883187855576138,11
1513,21,11,"random","equal","random","dynamic",0.682536075036075,0.317463924963925,0,0.146231962481963,1.31273671530204,11
1513,21,11,"random","equal","random","calendar",0.682536075036075,0.317463924963925,0,0.146231962481962,1.31273671530204,11
1513,21,11,"random","equal","random","stacked",0.831024930747922,0.168975069252078,0,0.0941828254847646,0.854271745308325,11
1514,21,11,"random","equal","random","simple",1,0,0,0,NA,11
1514,21,11,"random","equal","random","group",1,0,0,0,NA,11
1514,21,11,"random","equal","random","dynamic",1,0,0,0,NA,11
1514,21,11,"random","equal","random","calendar",1,0,0,0,NA,11
1514,21,11,"random","equal","random","stacked",1,0,0,0,NA,11
1515,21,11,"random","equal","random","simple",0.650485436893204,0.349514563106796,0,0.16504854368932,2.36969300063141,11
1515,21,11,"random","equal","random","group",0.818181818181818,0.181818181818182,0,0.0909090909090909,0.883187855576138,11
1515,21,11,"random","equal","random","dynamic",0.496153261942736,0.503846738057264,0,0.199291790081264,2.36969300063141,11
1515,21,11,"random","equal","random","calendar",0.496153261942736,0.503846738057264,0,0.199291790081264,2.36969300063141,11
1515,21,11,"random","equal","random","stacked",0.873205741626794,0.126794258373206,0,0.0813397129186603,0.854271745308325,11
1516,21,11,"random","equal","random","simple",0.742647058823529,0.257352941176471,0,0.125,1.31273671530204,11
1516,21,11,"random","equal","random","group",0.818181818181818,0.181818181818182,0,0.0909090909090909,0.883187855576138,11
1516,21,11,"random","equal","random","dynamic",0.709704184704185,0.290295815295815,0,0.132647907647908,1.31273671530204,11
1516,21,11,"random","equal","random","calendar",0.709704184704185,0.290295815295815,0,0.132647907647908,1.31273671530204,11
1516,21,11,"random","equal","random","stacked",0.869098712446352,0.130901287553648,0,0.0729613733905579,0.854271745308325,11
1517,21,11,"random","equal","random","simple",0.68141592920354,0.31858407079646,0,0.150442477876106,2.36969300063141,11
1517,21,11,"random","equal","random","group",0.818181818181818,0.181818181818182,0,0.0909090909090909,0.883187855576138,11
1517,21,11,"random","equal","random","dynamic",0.541429330903015,0.458570669096985,0,0.176653755601124,2.36969300063141,11
1517,21,11,"random","equal","random","calendar",0.541429330903015,0.458570669096985,0,0.176653755601124,2.36969300063141,11
1517,21,11,"random","equal","random","stacked",0.880361173814898,0.119638826185102,0,0.0767494356659142,0.854271745308325,11
1518,21,11,"random","equal","random","simple",0.816326530612245,0.183673469387755,0,0,1.31273671530204,11
1518,21,11,"random","equal","random","group",0.909090909090909,0.0909090909090909,0,0,1.31273671530204,11
1518,21,11,"random","equal","random","dynamic",0.670191999358666,0.329808000641334,0,0,1.31273671530204,11
1518,21,11,"random","equal","random","calendar",0.670191999358666,0.329808000641334,0,0,1.31273671530204,11
1518,21,11,"random","equal","random","stacked",0.9375,0.0625,0,0,1.2697569127916,11
1519,21,11,"random","equal","random","simple",0.666666666666667,0.333333333333333,0,0,2.36969300063141,11
1519,21,11,"random","equal","random","group",0.818181818181818,0.181818181818182,0,0,1.31273671530204,11
1519,21,11,"random","equal","random","dynamic",0.521048834206729,0.478951165793271,0,0,2.36969300063141,11
1519,21,11,"random","equal","random","calendar",0.521048834206729,0.478951165793271,0,0,2.36969300063141,11
1519,21,11,"random","equal","random","stacked",0.892523364485981,0.107476635514019,0,0,1.2697569127916,11
1520,21,11,"random","equal","random","simple",0.724409448818898,0.275590551181102,0,0.133858267716535,1.31273671530204,11
1520,21,11,"random","equal","random","group",0.818181818181818,0.181818181818182,0,0.0909090909090909,0.883187855576138,11
1520,21,11,"random","equal","random","dynamic",0.627942119608786,0.372057880391214,0,0.158251162417829,1.31273671530204,11
1520,21,11,"random","equal","random","calendar",0.627942119608786,0.372057880391214,0,0.158251162417829,1.31273671530204,11
1520,21,11,"random","equal","random","stacked",0.867678958785249,0.132321041214751,0,0.0737527114967462,0.854271745308325,11
1521,21,11,"random","equal","random","simple",0.821052631578947,0.178947368421053,0,0.178947368421053,0.883187855576138,11
1521,21,11,"random","equal","random","group",0.909090909090909,0.0909090909090909,0,0.0909090909090909,0.883187855576138,11
1521,21,11,"random","equal","random","dynamic",0.732024021729904,0.267975978270096,0,0.267975978270096,0.883187855576138,11
1521,21,11,"random","equal","random","calendar",0.732024021729904,0.267975978270096,0,0.267975978270096,0.883187855576138,11
1521,21,11,"random","equal","random","stacked",0.92,0.08,0,0.08,0.854271745308325,11
1522,21,11,"random","equal","random","simple",0.838095238095238,0.161904761904762,0,0.161904761904762,0.883187855576138,11
1522,21,11,"random","equal","random","group",0.909090909090909,0.0909090909090909,0,0.0909090909090909,0.883187855576138,11
1522,21,11,"random","equal","random","dynamic",0.815710678210678,0.184289321789322,0,0.184289321789322,0.883187855576138,11
1522,21,11,"random","equal","random","calendar",0.815710678210678,0.184289321789322,0,0.184289321789322,0.883187855576138,11
1522,21,11,"random","equal","random","stacked",0.918854415274463,0.081145584725537,0,0.081145584725537,0.854271745308325,11
1523,21,11,"random","equal","random","simple",0.65,0.35,0,0.17,1.31273671530204,11
1523,21,11,"random","equal","random","group",0.818181818181818,0.181818181818182,0,0.0909090909090909,0.883187855576138,11
1523,21,11,"random","equal","random","dynamic",0.483461600128267,0.516538399871733,0,0.230491422158089,1.31273671530204,11
1523,21,11,"random","equal","random","calendar",0.483461600128267,0.516538399871733,0,0.230491422158089,1.31273671530204,11
1523,21,11,"random","equal","random","stacked",0.860091743119266,0.139908256880734,0,0.0779816513761468,0.854271745308325,11
1524,21,11,"random","equal","random","simple",0.825688073394495,0.174311926605505,0,0,2.36969300063141,11
1524,21,11,"random","equal","random","group",0.909090909090909,0.0909090909090909,0,0,2.36969300063141,11
1524,21,11,"random","equal","random","dynamic",0.7806727994228,0.219327200577201,0,0,2.36969300063141,11
1524,21,11,"random","equal","random","calendar",0.780672799422799,0.219327200577201,0,0,2.36969300063141,11
1524,21,11,"random","equal","random","stacked",0.949061662198391,0.0509383378016086,0,0,2.29210780324164,11
1525,21,11,"random","equal","random","simple",0.68141592920354,0.31858407079646,0,0.150442477876106,2.36969300063141,11
1525,21,11,"random","equal","random","group",0.818181818181818,0.181818181818182,0,0.0909090909090909,0.883187855576138,11
1525,21,11,"random","equal","random","dynamic",0.627016594516595,0.372983405483406,0,0.161491702741703,2.36969300063141,11
1525,21,11,"random","equal","random","calendar",0.627016594516595,0.372983405483405,0,0.161491702741703,2.36969300063141,11
1525,21,11,"random","equal","random","stacked",0.865482233502538,0.134517766497462,0,0.0862944162436548,0.854271745308325,11
1526,21,11,"random","equal","random","simple",0.822429906542056,0.177570093457944,0,0,2.36969300063141,11
1526,21,11,"random","equal","random","group",0.909090909090909,0.0909090909090909,0,0,2.36969300063141,11
1526,21,11,"random","equal","random","dynamic",0.775613275613276,0.224386724386724,0,0,2.36969300063141,11
1526,21,11,"random","equal","random","calendar",0.775613275613276,0.224386724386724,0,0,2.36969300063141,11
1526,21,11,"random","equal","random","stacked",0.948924731182796,0.0510752688172043,0,0,2.29210780324164,11
1527,21,11,"random","equal","random","simple",0.806818181818182,0.193181818181818,0,0.193181818181818,0.883187855576138,11
1527,21,11,"random","equal","random","group",0.909090909090909,0.0909090909090909,0,0.0909090909090909,0.883187855576138,11
1527,21,11,"random","equal","random","dynamic",0.686505814446991,0.313494185553009,0,0.313494185553009,0.883187855576138,11
1527,21,11,"random","equal","random","calendar",0.686505814446991,0.313494185553009,0,0.313494185553009,0.883187855576138,11
1527,21,11,"random","equal","random","stacked",0.918854415274463,0.081145584725537,0,0.081145584725537,0.854271745308325,11
1528,21,11,"random","equal","random","simple",0.694915254237288,0.305084745762712,0,0.144067796610169,2.36969300063141,11
1528,21,11,"random","equal","random","group",0.818181818181818,0.181818181818182,0,0.0909090909090909,0.883187855576138,11
1528,21,11,"random","equal","random","dynamic",0.574303182197919,0.425696817802081,0,0.160216829953672,2.36969300063141,11
1528,21,11,"random","equal","random","calendar",0.574303182197919,0.425696817802081,0,0.160216829953672,2.36969300063141,11
1528,21,11,"random","equal","random","stacked",0.875586854460094,0.124413145539906,0,0.07981220657277,0.854271745308325,11
1529,21,11,"random","equal","random","simple",0.666666666666667,0.333333333333333,0,0.157407407407407,2.36969300063141,11
1529,21,11,"random","equal","random","group",0.818181818181818,0.181818181818182,0,0.0909090909090909,0.883187855576138,11
1529,21,11,"random","equal","random","dynamic",0.544900129110655,0.455099870889345,0,0.174918356497304,2.36969300063141,11
1529,21,11,"random","equal","random","calendar",0.544900129110655,0.455099870889345,0,0.174918356497304,2.36969300063141,11
1529,21,11,"random","equal","random","stacked",0.866834170854271,0.133165829145729,0,0.085427135678392,0.854271745308325,11
1530,21,11,"random","equal","random","simple",0.732824427480916,0.267175572519084,0,0.129770992366412,1.31273671530204,11
1530,21,11,"random","equal","random","group",0.818181818181818,0.181818181818182,0,0.0909090909090909,0.883187855576138,11
1530,21,11,"random","equal","random","dynamic",0.719004329004329,0.280995670995671,0,0.127997835497835,1.31273671530204,11
1530,21,11,"random","equal","random","calendar",0.719004329004329,0.280995670995671,0,0.127997835497836,1.31273671530204,11
1530,21,11,"random","equal","random","stacked",0.847117794486215,0.152882205513784,0,0.0852130325814536,0.854271745308325,11
1531,21,11,"random","equal","random","simple",0.822916666666667,0.177083333333333,0,0.177083333333333,0.883187855576138,11
1531,21,11,"random","equal","random","group",0.909090909090909,0.0909090909090909,0,0.0909090909090909,0.883187855576138,11
1531,21,11,"random","equal","random","dynamic",0.721052966641202,0.278947033358798,0,0.278947033358798,0.883187855576138,11
1531,21,11,"random","equal","random","calendar",0.721052966641202,0.278947033358798,0,0.278947033358798,0.883187855576138,11
1531,21,11,"random","equal","random","stacked",0.924276169265033,0.0757238307349666,0,0.0757238307349666,0.854271745308325,11
1532,21,11,"random","equal","random","simple",1,0,0,0,NA,11
1532,21,11,"random","equal","random","group",1,0,0,0,NA,11
1532,21,11,"random","equal","random","dynamic",1,0,0,0,NA,11
1532,21,11,"random","equal","random","calendar",1,0,0,0,NA,11
1532,21,11,"random","equal","random","stacked",1,0,0,0,NA,11
1533,21,11,"random","equal","random","simple",0.701612903225806,0.298387096774194,0,0,2.36969300063141,11
1533,21,11,"random","equal","random","group",0.818181818181818,0.181818181818182,0,0,1.31273671530204,11
1533,21,11,"random","equal","random","dynamic",0.581985266195792,0.418014733804208,0,0,2.36969300063141,11
1533,21,11,"random","equal","random","calendar",0.581985266195793,0.418014733804208,0,0,2.36969300063141,11
1533,21,11,"random","equal","random","stacked",0.896860986547085,0.103139013452915,0,0,1.2697569127916,11
1534,21,11,"random","equal","random","simple",0.859504132231405,0.140495867768595,0,0.140495867768595,0.883187855576138,11
1534,21,11,"random","equal","random","group",0.909090909090909,0.0909090909090909,0,0.0909090909090909,0.883187855576138,11
1534,21,11,"random","equal","random","dynamic",0.848172799422799,0.151827200577201,0,0.151827200577201,0.883187855576138,11
1534,21,11,"random","equal","random","calendar",0.848172799422799,0.151827200577201,0,0.151827200577201,0.883187855576138,11
1534,21,11,"random","equal","random","stacked",0.920374707259953,0.0796252927400469,0,0.0796252927400469,0.854271745308325,11
1535,21,11,"random","equal","random","simple",0.628865979381443,0.371134020618557,0,0.175257731958763,2.36969300063141,11
1535,21,11,"random","equal","random","group",0.818181818181818,0.181818181818182,0,0.0909090909090909,0.883187855576138,11
1535,21,11,"random","equal","random","dynamic",0.461650337966127,0.538349662033873,0,0.216543252069568,2.36969300063141,11
1535,21,11,"random","equal","random","calendar",0.461650337966127,0.538349662033873,0,0.216543252069568,2.36969300063141,11
1535,21,11,"random","equal","random","stacked",0.870098039215686,0.129901960784314,0,0.0833333333333333,0.854271745308325,11
1536,21,11,"random","equal","random","simple",0.821782178217822,0.178217821782178,0,0,1.31273671530204,11
1536,21,11,"random","equal","random","group",0.909090909090909,0.0909090909090909,0,0,1.31273671530204,11
1536,21,11,"random","equal","random","dynamic",0.69889570306237,0.30110429693763,0,0,1.31273671530204,11
1536,21,11,"random","equal","random","calendar",0.69889570306237,0.30110429693763,0,0,1.31273671530204,11
1536,21,11,"random","equal","random","stacked",0.940265486725664,0.0597345132743363,0,0,1.2697569127916,11
1537,21,11,"random","equal","random","simple",0.866141732283465,0.133858267716535,0,0.133858267716535,0.883187855576138,11
1537,21,11,"random","equal","random","group",0.909090909090909,0.0909090909090909,0,0.0909090909090909,0.883187855576138,11
1537,21,11,"random","equal","random","dynamic",0.851405122655123,0.148594877344877,0,0.148594877344877,0.883187855576138,11
1537,21,11,"random","equal","random","calendar",0.851405122655123,0.148594877344877,0,0.148594877344877,0.883187855576138,11
1537,21,11,"random","equal","random","stacked",0.926247288503254,0.0737527114967462,0,0.0737527114967462,0.854271745308325,11
1538,21,11,"random","equal","random","simple",0.635135135135135,0.364864864864865,0,0.114864864864865,1.31273671530204,11
1538,21,11,"random","equal","random","group",0.727272727272727,0.272727272727273,0,0.0909090909090909,1.31273671530204,11
1538,21,11,"random","equal","random","dynamic",0.60112012987013,0.39887987012987,0,0.113515512265512,1.31273671530204,11
1538,21,11,"random","equal","random","calendar",0.60112012987013,0.39887987012987,0,0.113515512265512,1.31273671530204,11
1538,21,11,"random","equal","random","stacked",0.809069212410501,0.190930787589499,0,0.081145584725537,1.2697569127916,11
1539,21,11,"random","equal","random","simple",0.831858407079646,0.168141592920354,0,0,2.36969300063141,11
1539,21,11,"random","equal","random","group",0.909090909090909,0.0909090909090909,0,0,2.36969300063141,11
1539,21,11,"random","equal","random","dynamic",0.674684818105871,0.325315181894129,0,0,2.36969300063141,11
1539,21,11,"random","equal","random","calendar",0.674684818105871,0.325315181894129,0,0,2.36969300063141,11
1539,21,11,"random","equal","random","stacked",0.96,0.04,0,0,2.29210780324164,11
1540,21,11,"random","equal","random","simple",0.852459016393443,0.147540983606557,0,0,1.31273671530204,11
1540,21,11,"random","equal","random","group",0.909090909090909,0.0909090909090909,0,0,1.31273671530204,11
1540,21,11,"random","equal","random","dynamic",0.812317821067821,0.187682178932179,0,0,1.31273671530204,11
1540,21,11,"random","equal","random","calendar",0.812317821067821,0.187682178932179,0,0,1.31273671530204,11
1540,21,11,"random","equal","random","stacked",0.938496583143508,0.061503416856492,0,0,1.2697569127916,11
1541,21,11,"random","equal","random","simple",0.675675675675676,0.324324324324324,0,0.153153153153153,2.36969300063141,11
1541,21,11,"random","equal","random","group",0.818181818181818,0.181818181818182,0,0.0909090909090909,0.883187855576138,11
1541,21,11,"random","equal","random","dynamic",0.542811574390522,0.457188425609478,0,0.175962633857371,2.36969300063141,11
1541,21,11,"random","equal","random","calendar",0.542811574390522,0.457188425609478,0,0.175962633857371,2.36969300063141,11
1541,21,11,"random","equal","random","stacked",0.875,0.125,0,0.080188679245283,0.854271745308325,11
1542,21,11,"random","equal","random","simple",0.841666666666667,0.158333333333333,0,0,2.36969300063141,11
1542,21,11,"random","equal","random","group",0.909090909090909,0.0909090909090909,0,0,2.36969300063141,11
1542,21,11,"random","equal","random","dynamic",0.790672799422799,0.209327200577201,0,0,2.36969300063141,11
1542,21,11,"random","equal","random","calendar",0.790672799422799,0.209327200577201,0,0,2.36969300063141,11
1542,21,11,"random","equal","random","stacked",0.953658536585366,0.0463414634146342,0,0,2.29210780324164,11
1543,21,11,"random","equal","random","simple",0.6,0.4,0,0.125925925925926,1.31273671530204,11
1543,21,11,"random","equal","random","group",0.727272727272727,0.272727272727273,0,0.0909090909090909,1.31273671530204,11
1543,21,11,"random","equal","random","dynamic",0.576661255411255,0.423338744588745,0,0.12166847041847,1.31273671530204,11
1543,21,11,"random","equal","random","calendar",0.576661255411255,0.423338744588745,0,0.12166847041847,1.31273671530204,11
1543,21,11,"random","equal","random","stacked",0.788918205804749,0.211081794195251,0,0.0897097625329815,1.2697569127916,11
1544,21,11,"random","equal","random","simple",0.6875,0.3125,0,0.151785714285714,1.31273671530204,11
1544,21,11,"random","equal","random","group",0.818181818181818,0.181818181818182,0,0.0909090909090909,0.883187855576138,11
1544,21,11,"random","equal","random","dynamic",0.671345598845599,0.328654401154401,0,0.151827200577201,1.31273671530204,11
1544,21,11,"random","equal","random","calendar",0.671345598845599,0.328654401154401,0,0.151827200577201,1.31273671530204,11
1544,21,11,"random","equal","random","stacked",0.834239130434783,0.165760869565217,0,0.0923913043478261,0.854271745308325,11
1545,21,11,"random","equal","random","simple",0.695652173913043,0.304347826086957,0,0.147826086956522,1.31273671530204,11
1545,21,11,"random","equal","random","group",0.818181818181818,0.181818181818182,0,0.0909090909090909,0.883187855576138,11
1545,21,11,"random","equal","random","dynamic",0.583770242103575,0.416229757896425,0,0.180337101170435,1.31273671530204,11
1545,21,11,"random","equal","random","calendar",0.583770242103575,0.416229757896425,0,0.180337101170434,1.31273671530204,11
1545,21,11,"random","equal","random","stacked",0.866520787746171,0.133479212253829,0,0.074398249452954,0.854271745308325,11
1546,21,11,"random","equal","random","simple",0.475728155339806,0.524271844660194,0,0.16504854368932,1.31273671530204,11
1546,21,11,"random","equal","random","group",0.727272727272727,0.272727272727273,0,0.0909090909090909,1.31273671530204,11
1546,21,11,"random","equal","random","dynamic",0.354756208703577,0.645243791296423,0,0.179993544467229,1.31273671530204,11
1546,21,11,"random","equal","random","calendar",0.354756208703577,0.645243791296423,0,0.179993544467229,1.31273671530204,11
1546,21,11,"random","equal","random","stacked",0.783783783783784,0.216216216216216,0,0.0918918918918919,1.2697569127916,11
1547,21,11,"random","equal","random","simple",0.618556701030928,0.381443298969072,0,0,2.36969300063141,11
1547,21,11,"random","equal","random","group",0.818181818181818,0.181818181818182,0,0,1.31273671530204,11
1547,21,11,"random","equal","random","dynamic",0.460188349662034,0.539811650337966,0,0,2.36969300063141,11
1547,21,11,"random","equal","random","calendar",0.460188349662034,0.539811650337966,0,0,2.36969300063141,11
1547,21,11,"random","equal","random","stacked",0.883248730964467,0.116751269035533,0,0,1.2697569127916,11
1548,21,11,"random","equal","random","simple",0.823529411764706,0.176470588235294,0,0,1.31273671530204,11
1548,21,11,"random","equal","random","group",0.909090909090909,0.0909090909090909,0,0,1.31273671530204,11
1548,21,11,"random","equal","random","dynamic",0.675130270963604,0.324869729036396,0,0,1.31273671530204,11
1548,21,11,"random","equal","random","calendar",0.675130270963604,0.324869729036396,0,0,1.31273671530204,11
1548,21,11,"random","equal","random","stacked",0.940397350993377,0.0596026490066225,0,0,1.2697569127916,11
1549,21,11,"random","equal","random","simple",0.82,0.18,0,0,1.31273671530204,11
1549,21,11,"random","equal","random","group",0.909090909090909,0.0909090909090909,0,0,1.31273671530204,11
1549,21,11,"random","equal","random","dynamic",0.655774009940677,0.344225990059323,0,0,1.31273671530204,11
1549,21,11,"random","equal","random","calendar",0.655774009940677,0.344225990059323,0,0,1.31273671530204,11
1549,21,11,"random","equal","random","stacked",0.942430703624733,0.0575692963752665,0,0,1.2697569127916,11
1550,21,11,"random","equal","random","simple",0.708661417322835,0.291338582677165,0,0,2.36969300063141,11
1550,21,11,"random","equal","random","group",0.818181818181818,0.181818181818182,0,0,1.31273671530204,11
1550,21,11,"random","equal","random","dynamic",0.592644490012911,0.407355509987089,0,0,2.36969300063141,11
1550,21,11,"random","equal","random","calendar",0.592644490012911,0.407355509987089,0,0,2.36969300063141,11
1550,21,11,"random","equal","random","stacked",0.892523364485981,0.107476635514019,0,0,1.2697569127916,11
1551,21,11,"random","equal","random","simple",0.675438596491228,0.324561403508772,0,0,2.36969300063141,11
1551,21,11,"random","equal","random","group",0.818181818181818,0.181818181818182,0,0,1.31273671530204,11
1551,21,11,"random","equal","random","dynamic",0.546984886458571,0.453015113541429,0,0,2.36969300063141,11
1551,21,11,"random","equal","random","calendar",0.546984886458571,0.453015113541429,0,0,2.36969300063141,11
1551,21,11,"random","equal","random","stacked",0.894009216589862,0.105990783410138,0,0,1.2697569127916,11
1552,21,11,"random","equal","random","simple",0.837606837606838,0.162393162393162,0,0,2.36969300063141,11
1552,21,11,"random","equal","random","group",0.909090909090909,0.0909090909090909,0,0,2.36969300063141,11
1552,21,11,"random","equal","random","dynamic",0.783172799422799,0.216827200577201,0,0,2.36969300063141,11
1552,21,11,"random","equal","random","calendar",0.783172799422799,0.216827200577201,0,0,2.36969300063141,11
1552,21,11,"random","equal","random","stacked",0.954761904761905,0.0452380952380953,0,0,2.29210780324164,11
1553,21,11,"random","equal","random","simple",0.646464646464647,0.353535353535354,0,0.171717171717172,1.31273671530204,11
1553,21,11,"random","equal","random","group",0.818181818181818,0.181818181818182,0,0.0909090909090909,0.883187855576138,11
1553,21,11,"random","equal","random","dynamic",0.518779060445727,0.481220939554273,0,0.212832691999359,1.31273671530204,11
1553,21,11,"random","equal","random","calendar",0.518779060445727,0.481220939554273,0,0.212832691999359,1.31273671530204,11
1553,21,11,"random","equal","random","stacked",0.852300242130751,0.147699757869249,0,0.0823244552058112,0.854271745308325,11
1554,21,11,"random","equal","random","simple",0.694214876033058,0.305785123966942,0,0,2.36969300063141,11
1554,21,11,"random","equal","random","group",0.818181818181818,0.181818181818182,0,0,1.31273671530204,11
1554,21,11,"random","equal","random","dynamic",0.570171641224273,0.429828358775727,0,0,2.36969300063141,11
1554,21,11,"random","equal","random","calendar",0.570171641224273,0.429828358775727,0,0,2.36969300063141,11
1554,21,11,"random","equal","random","stacked",0.892018779342723,0.107981220657277,0,0,1.2697569127916,11
1555,21,11,"random","equal","random","simple",0.866141732283465,0.133858267716535,0,0.133858267716535,0.883187855576138,11
1555,21,11,"random","equal","random","group",0.909090909090909,0.0909090909090909,0,0.0909090909090909,0.883187855576138,11
1555,21,11,"random","equal","random","dynamic",0.842339466089466,0.157660533910534,0,0.157660533910534,0.883187855576138,11
1555,21,11,"random","equal","random","calendar",0.842339466089466,0.157660533910534,0,0.157660533910534,0.883187855576138,11
1555,21,11,"random","equal","random","stacked",0.925764192139738,0.074235807860262,0,0.074235807860262,0.854271745308325,11
1556,21,11,"random","equal","random","simple",0.694214876033058,0.305785123966942,0,0,2.36969300063141,11
1556,21,11,"random","equal","random","group",0.818181818181818,0.181818181818182,0,0,1.31273671530204,11
1556,21,11,"random","equal","random","dynamic",0.64725468975469,0.35274531024531,0,0,2.36969300063141,11
1556,21,11,"random","equal","random","calendar",0.64725468975469,0.35274531024531,0,0,2.36969300063141,11
1556,21,11,"random","equal","random","stacked",0.881443298969072,0.118556701030928,0,0,1.2697569127916,11
1557,21,11,"random","equal","random","simple",0.605839416058394,0.394160583941606,0,0.124087591240876,1.31273671530204,11
1557,21,11,"random","equal","random","group",0.727272727272727,0.272727272727273,0,0.0909090909090909,1.31273671530204,11
1557,21,11,"random","equal","random","dynamic",0.576888528138528,0.423111471861472,0,0.121592712842713,1.31273671530204,11
1557,21,11,"random","equal","random","calendar",0.576888528138528,0.423111471861472,0,0.121592712842713,1.31273671530204,11
1557,21,11,"random","equal","random","stacked",0.798994974874372,0.201005025125628,0,0.085427135678392,1.2697569127916,11
1558,21,11,"random","equal","random","simple",1,0,0,0,NA,11
1558,21,11,"random","equal","random","group",1,0,0,0,NA,11
1558,21,11,"random","equal","random","dynamic",1,0,0,0,NA,11
1558,21,11,"random","equal","random","calendar",1,0,0,0,NA,11
1558,21,11,"random","equal","random","stacked",1,0,0,0,NA,11
1559,21,11,"random","equal","random","simple",0.709677419354839,0.290322580645161,0,0.137096774193548,2.36969300063141,11
1559,21,11,"random","equal","random","group",0.818181818181818,0.181818181818182,0,0.0909090909090909,0.883187855576138,11
1559,21,11,"random","equal","random","dynamic",0.674559884559885,0.325440115440115,0,0.137720057720058,2.36969300063141,11
1559,21,11,"random","equal","random","calendar",0.674559884559885,0.325440115440115,0,0.137720057720058,2.36969300063141,11
1559,21,11,"random","equal","random","stacked",0.864102564102564,0.135897435897436,0,0.0871794871794872,0.854271745308325,11
1560,21,11,"random","equal","random","simple",0.857142857142857,0.142857142857143,0,0.142857142857143,0.883187855576138,11
1560,21,11,"random","equal","random","group",0.909090909090909,0.0909090909090909,0,0.0909090909090909,0.883187855576138,11
1560,21,11,"random","equal","random","dynamic",0.840155122655123,0.159844877344877,0,0.159844877344877,0.883187855576138,11
1560,21,11,"random","equal","random","calendar",0.840155122655123,0.159844877344877,0,0.159844877344877,0.883187855576138,11
1560,21,11,"random","equal","random","stacked",0.923766816143498,0.0762331838565022,0,0.0762331838565022,0.854271745308325,11
1561,21,11,"random","equal","random","simple",1,0,0,0,NA,11
1561,21,11,"random","equal","random","group",1,0,0,0,NA,11
1561,21,11,"random","equal","random","dynamic",1,0,0,0,NA,11
1561,21,11,"random","equal","random","calendar",1,0,0,0,NA,11
1561,21,11,"random","equal","random","stacked",1,0,0,0,NA,11
1562,21,11,"random","equal","random","simple",1,0,0,0,NA,11
1562,21,11,"random","equal","random","group",1,0,0,0,NA,11
1562,21,11,"random","equal","random","dynamic",1,0,0,0,NA,11
1562,21,11,"random","equal","random","calendar",1,0,0,0,NA,11
1562,21,11,"random","equal","random","stacked",1,0,0,0,NA,11
1563,21,11,"random","equal","random","simple",0.708333333333333,0.291666666666667,0,0.141666666666667,1.31273671530204,11
1563,21,11,"random","equal","random","group",0.818181818181818,0.181818181818182,0,0.0909090909090909,0.883187855576138,11
1563,21,11,"random","equal","random","dynamic",0.697178932178932,0.302821067821068,0,0.138910533910534,1.31273671530204,11
1563,21,11,"random","equal","random","calendar",0.697178932178932,0.302821067821068,0,0.138910533910534,1.31273671530204,11
1563,21,11,"random","equal","random","stacked",0.836461126005362,0.163538873994638,0,0.0911528150134048,0.854271745308325,11
1564,21,11,"random","equal","random","simple",0.723076923076923,0.276923076923077,0,0.130769230769231,2.36969300063141,11
1564,21,11,"random","equal","random","group",0.818181818181818,0.181818181818182,0,0.0909090909090909,0.883187855576138,11
1564,21,11,"random","equal","random","dynamic",0.598651932862459,0.401348067137541,0,0.148042454621402,2.36969300063141,11
1564,21,11,"random","equal","random","calendar",0.598651932862459,0.401348067137541,0,0.148042454621402,2.36969300063141,11
1564,21,11,"random","equal","random","stacked",0.883259911894273,0.116740088105727,0,0.0748898678414097,0.854271745308325,11
1565,21,11,"random","equal","random","simple",0.68695652173913,0.31304347826087,0,0.147826086956522,2.36969300063141,11
1565,21,11,"random","equal","random","group",0.818181818181818,0.181818181818182,0,0.0909090909090909,0.883187855576138,11
1565,21,11,"random","equal","random","dynamic",0.56540593909015,0.43459406090985,0,0.164665451507557,2.36969300063141,11
1565,21,11,"random","equal","random","calendar",0.56540593909015,0.43459406090985,0,0.164665451507557,2.36969300063141,11
1565,21,11,"random","equal","random","stacked",0.874109263657957,0.125890736342043,0,0.0807600950118765,0.854271745308325,11
1566,21,11,"random","equal","random","simple",0.675438596491228,0.324561403508772,0,0,2.36969300063141,11
1566,21,11,"random","equal","random","group",0.818181818181818,0.181818181818182,0,0,1.31273671530204,11
1566,21,11,"random","equal","random","dynamic",0.602968975468975,0.397031024531025,0,0,2.36969300063141,11
1566,21,11,"random","equal","random","calendar",0.602968975468975,0.397031024531025,0,0,2.36969300063141,11
1566,21,11,"random","equal","random","stacked",0.887530562347188,0.112469437652812,0,0,1.2697569127916,11
1567,21,11,"random","equal","random","simple",1,0,0,0,NA,11
1567,21,11,"random","equal","random","group",1,0,0,0,NA,11
1567,21,11,"random","equal","random","dynamic",1,0,0,0,NA,11
1567,21,11,"random","equal","random","calendar",1,0,0,0,NA,11
1567,21,11,"random","equal","random","stacked",1,0,0,0,NA,11
1568,21,11,"random","equal","random","simple",0.617021276595745,0.382978723404255,0,0.120567375886525,1.31273671530204,11
1568,21,11,"random","equal","random","group",0.727272727272727,0.272727272727273,0,0.0909090909090909,1.31273671530204,11
1568,21,11,"random","equal","random","dynamic",0.517714741398952,0.482285258601048,0,0.12567403356877,1.31273671530204,11
1568,21,11,"random","equal","random","calendar",0.517714741398952,0.482285258601048,0,0.12567403356877,1.31273671530204,11
1568,21,11,"random","equal","random","stacked",0.81981981981982,0.18018018018018,0,0.0765765765765766,1.2697569127916,11
1569,21,11,"random","equal","random","simple",0.816326530612245,0.183673469387755,0,0,1.31273671530204,11
1569,21,11,"random","equal","random","group",0.909090909090909,0.0909090909090909,0,0,1.31273671530204,11
1569,21,11,"random","equal","random","dynamic",0.771863275613276,0.228136724386724,0,0,1.31273671530204,11
1569,21,11,"random","equal","random","calendar",0.771863275613276,0.228136724386724,0,0,1.31273671530204,11
1569,21,11,"random","equal","random","stacked",0.928381962864721,0.0716180371352785,0,0,1.2697569127916,11
1570,21,11,"random","equal","random","simple",0.546218487394958,0.453781512605042,0,0.142857142857143,1.31273671530204,11
1570,21,11,"random","equal","random","group",0.727272727272727,0.272727272727273,0,0.0909090909090909,1.31273671530204,11
1570,21,11,"random","equal","random","dynamic",0.43163021189337,0.56836978810663,0,0.154368876737298,1.31273671530204,11
1570,21,11,"random","equal","random","calendar",0.43163021189337,0.56836978810663,0,0.154368876737298,1.31273671530204,11
1570,21,11,"random","equal","random","stacked",0.809976247030879,0.190023752969121,0,0.0807600950118765,1.2697569127916,11
1571,21,11,"random","equal","random","simple",0.721804511278195,0.278195488721804,0,0,2.36969300063141,11
1571,21,11,"random","equal","random","group",0.818181818181818,0.181818181818182,0,0,1.31273671530204,11
1571,21,11,"random","equal","random","dynamic",0.67991341991342,0.32008658008658,0,0,2.36969300063141,11
1571,21,11,"random","equal","random","calendar",0.67991341991342,0.32008658008658,0,0,2.36969300063141,11
1571,21,11,"random","equal","random","stacked",0.887254901960784,0.112745098039216,0,0,1.2697569127916,11
1572,21,11,"random","equal","random","simple",0.684684684684685,0.315315315315315,0,0.153153153153153,1.31273671530204,11
1572,21,11,"random","equal","random","group",0.818181818181818,0.181818181818182,0,0.0909090909090909,0.883187855576138,11
1572,21,11,"random","equal","random","dynamic",0.586239377906045,0.413760622093955,0,0.1791025332692,1.31273671530204,11
1572,21,11,"random","equal","random","calendar",0.586239377906045,0.413760622093955,0,0.1791025332692,1.31273671530204,11
1572,21,11,"random","equal","random","stacked",0.855106888361045,0.144893111638955,0,0.0807600950118765,0.854271745308325,11
1573,21,11,"random","skewed","random","simple",0.293548387096774,0.706451612903226,0,0.706451612903226,0.84833027763666,11
1573,21,11,"random","skewed","random","group",0.458333333333333,0.541666666666667,0,0.541666666666667,0.84833027763666,11
1573,21,11,"random","skewed","random","dynamic",0.252702411566604,0.747297588433396,0,0.747297588433396,0.84833027763666,11
1573,21,11,"random","skewed","random","calendar",0.252702411566604,0.747297588433396,0,0.747297588433396,0.84833027763666,11
1573,21,11,"random","skewed","random","stacked",0.50104285783459,0.49895714216541,0,0.49895714216541,0.384174999142706,11
1574,21,11,"random","skewed","random","simple",0.31304347826087,0.68695652173913,0,0.246376811594203,1.5313674842078,11
1574,21,11,"random","skewed","random","group",0.458333333333333,0.541666666666667,0,0.208333333333333,1.5313674842078,11
1574,21,11,"random","skewed","random","dynamic",0.278434504780492,0.721565495219508,0,0.237039360509527,1.5313674842078,11
1574,21,11,"random","skewed","random","calendar",0.278434504780492,0.721565495219508,0,0.237039360509527,1.5313674842078,11
1574,21,11,"random","skewed","random","stacked",0.585570951842294,0.414429048157706,0,0.219212413912815,0.662604854918761,11
1575,21,11,"random","skewed","random","simple",0.623737373737374,0.376262626262626,0,0,1.87680991261445,11
1575,21,11,"random","skewed","random","group",0.666666666666667,0.333333333333333,0,0,1.87680991261445,11
1575,21,11,"random","skewed","random","dynamic",0.628443288812114,0.371556711187886,0,0,1.87680991261445,11
1575,21,11,"random","skewed","random","calendar",0.628443288812114,0.371556711187886,0,0,1.87680991261445,11
1575,21,11,"random","skewed","random","stacked",0.725073029858018,0.274926970141982,0,0,1.77784383805991,11
1576,21,11,"random","skewed","random","simple",0.608923884514436,0.391076115485564,0,0,1.87680991261445,11
1576,21,11,"random","skewed","random","group",0.666666666666667,0.333333333333333,0,0,1.87680991261445,11
1576,21,11,"random","skewed","random","dynamic",0.613701574221833,0.386298425778167,0,0,1.87680991261445,11
1576,21,11,"random","skewed","random","calendar",0.613701574221833,0.386298425778167,0,0,1.87680991261445,11
1576,21,11,"random","skewed","random","stacked",0.713851982742565,0.286148017257435,0,0,1.77784383805991,11
1577,21,11,"random","skewed","random","simple",0.759206798866855,0.240793201133144,0,0.240793201133144,0.699489647648167,11
1577,21,11,"random","skewed","random","group",0.791666666666667,0.208333333333333,0,0.208333333333333,0.699489647648167,11
1577,21,11,"random","skewed","random","dynamic",0.773279078751299,0.226720921248701,0,0.226720921248701,0.699489647648167,11
1577,21,11,"random","skewed","random","calendar",0.773279078751299,0.226720921248701,0,0.226720921248701,0.699489647648167,11
1577,21,11,"random","skewed","random","stacked",0.766445259357886,0.233554740642115,0,0.233554740642115,0.662604854918761,11
1578,21,11,"random","skewed","random","simple",0.749262536873156,0.250737463126844,0,0.250737463126844,0.699489647648167,11
1578,21,11,"random","skewed","random","group",0.791666666666667,0.208333333333333,0,0.208333333333333,0.699489647648167,11
1578,21,11,"random","skewed","random","dynamic",0.762670717813991,0.237329282186009,0,0.237329282186009,0.699489647648167,11
1578,21,11,"random","skewed","random","calendar",0.762670717813991,0.237329282186009,0,0.237329282186009,0.699489647648167,11
1578,21,11,"random","skewed","random","stacked",0.756688206368627,0.243311793631373,0,0.243311793631373,0.662604854918761,11
1579,21,11,"random","skewed","random","simple",0.590659340659341,0.409340659340659,0,0,1.87680991261445,11
1579,21,11,"random","skewed","random","group",0.666666666666667,0.333333333333333,0,0,1.87680991261445,11
1579,21,11,"random","skewed","random","dynamic",0.596725421719364,0.403274578280636,0,0,1.87680991261445,11
1579,21,11,"random","skewed","random","calendar",0.596725421719364,0.403274578280636,0,0,1.87680991261445,11
1579,21,11,"random","skewed","random","stacked",0.688417743388205,0.311582256611795,0,0,1.77784383805991,11
1580,21,11,"random","skewed","random","simple",0.741847826086957,0.258152173913043,0,0,1.87680991261445,11
1580,21,11,"random","skewed","random","group",0.791666666666667,0.208333333333333,0,0,1.87680991261445,11
1580,21,11,"random","skewed","random","dynamic",0.738825126859351,0.261174873140649,0,0,1.87680991261445,11
1580,21,11,"random","skewed","random","calendar",0.738825126859351,0.261174873140649,0,0,1.87680991261445,11
1580,21,11,"random","skewed","random","stacked",0.856923528456635,0.143076471543365,0,0,1.77784383805991,11
1581,21,11,"random","skewed","random","simple",0.754098360655738,0.245901639344262,0,0,1.03969471120323,11
1581,21,11,"random","skewed","random","group",0.791666666666667,0.208333333333333,0,0,1.03969471120323,11
1581,21,11,"random","skewed","random","dynamic",0.760740937497988,0.239259062502012,0,0,1.03969471120323,11
1581,21,11,"random","skewed","random","calendar",0.760740937497988,0.239259062502012,0,0,1.03969471120323,11
1581,21,11,"random","skewed","random","stacked",0.80460566426246,0.19539433573754,0,0.19539433573754,0.98487056326405,11
1582,21,11,"random","skewed","random","simple",0.192837465564738,0.807162534435262,0,0.140495867768595,1.5313674842078,11
1582,21,11,"random","skewed","random","group",0.333333333333333,0.666666666666667,0,0.125,1.03969471120323,11
1582,21,11,"random","skewed","random","dynamic",0.170207325482173,0.829792674517827,0,0.135849284366829,1.5313674842078,11
1582,21,11,"random","skewed","random","calendar",0.170207325482173,0.829792674517827,0,0.135849284366829,1.5313674842078,11
1582,21,11,"random","skewed","random","stacked",0.482890568422707,0.517109431577293,0,0.315687295806287,0.98487056326405,11
1583,21,11,"random","skewed","random","simple",0.738292011019284,0.261707988980716,0,0,1.87680991261445,11
1583,21,11,"random","skewed","random","group",0.791666666666667,0.208333333333333,0,0,1.87680991261445,11
1583,21,11,"random","skewed","random","dynamic",0.733963997118106,0.266036002881894,0,0,1.87680991261445,11
1583,21,11,"random","skewed","random","calendar",0.733963997118106,0.266036002881894,0,0,1.87680991261445,11
1583,21,11,"random","skewed","random","stacked",0.859468441034504,0.140531558965496,0,0,1.77784383805991,11
1584,21,11,"random","skewed","random","simple",0.722222222222222,0.277777777777778,0,0,1.87680991261445,11
1584,21,11,"random","skewed","random","group",0.791666666666667,0.208333333333333,0,0,1.87680991261445,11
1584,21,11,"random","skewed","random","dynamic",0.720205084462134,0.279794915537866,0,0,1.87680991261445,11
1584,21,11,"random","skewed","random","calendar",0.720205084462135,0.279794915537865,0,0,1.87680991261445,11
1584,21,11,"random","skewed","random","stacked",0.840220148368573,0.159779851631427,0,0,1.77784383805991,11
1585,21,11,"random","skewed","random","simple",0.310769230769231,0.689230769230769,0,0.689230769230769,0.84833027763666,11
1585,21,11,"random","skewed","random","group",0.458333333333333,0.541666666666667,0,0.541666666666667,0.84833027763666,11
1585,21,11,"random","skewed","random","dynamic",0.276148939936406,0.723851060063594,0,0.723851060063594,0.84833027763666,11
1585,21,11,"random","skewed","random","calendar",0.276148939936406,0.723851060063594,0,0.723851060063594,0.84833027763666,11
1585,21,11,"random","skewed","random","stacked",0.525144255427614,0.474855744572386,0,0.474855744572386,0.780172541067144,11
1586,21,11,"random","skewed","random","simple",0.255737704918033,0.744262295081967,0,0.245901639344262,1.5313674842078,11
1586,21,11,"random","skewed","random","group",0.458333333333333,0.541666666666667,0,0.208333333333333,1.5313674842078,11
1586,21,11,"random","skewed","random","dynamic",0.198972262217563,0.801027737782437,0,0.227115931535755,1.5313674842078,11
1586,21,11,"random","skewed","random","calendar",0.198972262217563,0.801027737782437,0,0.227115931535755,1.5313674842078,11
1586,21,11,"random","skewed","random","stacked",0.556918033766855,0.443081966233144,0,0.264866568385165,0.384174999142706,11
1587,21,11,"random","skewed","random","simple",0.605042016806723,0.394957983193277,0,0.142857142857143,1.03969471120323,11
1587,21,11,"random","skewed","random","group",0.666666666666667,0.333333333333333,0,0.125,1.03969471120323,11
1587,21,11,"random","skewed","random","dynamic",0.623247028767287,0.376752971232713,0,0.134070825750729,1.03969471120323,11
1587,21,11,"random","skewed","random","calendar",0.623247028767287,0.376752971232713,0,0.134070825750729,1.03969471120323,11
1587,21,11,"random","skewed","random","stacked",0.618276892511172,0.381723107488828,0,0.381723107488828,0.98487056326405,11
1588,21,11,"random","skewed","random","simple",0.331269349845201,0.668730650154799,0,0.668730650154799,0.570742777277959,11
1588,21,11,"random","skewed","random","group",0.458333333333333,0.541666666666667,0,0.541666666666667,0.570742777277959,11
1588,21,11,"random","skewed","random","dynamic",0.302163264890712,0.697836735109288,0,0.697836735109288,0.570742777277959,11
1588,21,11,"random","skewed","random","calendar",0.302163264890712,0.697836735109288,0,0.697836735109288,0.570742777277959,11
1588,21,11,"random","skewed","random","stacked",0.513124191403465,0.486875808596535,0,0.486875808596535,0.524887363545659,11
1589,21,11,"random","skewed","random","simple",0.312312312312312,0.687687687687688,0,0.687687687687688,0.84833027763666,11
1589,21,11,"random","skewed","random","group",0.458333333333333,0.541666666666667,0,0.541666666666667,0.84833027763666,11
1589,21,11,"random","skewed","random","dynamic",0.267225599201919,0.732774400798081,0,0.732774400798081,0.84833027763666,11
1589,21,11,"random","skewed","random","calendar",0.26722559920192,0.732774400798081,0,0.732774400798081,0.84833027763666,11
1589,21,11,"random","skewed","random","stacked",0.585713941475668,0.414286058524332,0,0.414286058524332,0.780172541067144,11
1590,21,11,"random","skewed","random","simple",0.73314606741573,0.26685393258427,0,0,1.87680991261445,11
1590,21,11,"random","skewed","random","group",0.791666666666667,0.208333333333333,0,0,1.87680991261445,11
1590,21,11,"random","skewed","random","dynamic",0.73102018670147,0.268979813298531,0,0,1.87680991261445,11
1590,21,11,"random","skewed","random","calendar",0.73102018670147,0.26897981329853,0,0,1.87680991261445,11
1590,21,11,"random","skewed","random","stacked",0.848674673673832,0.151325326326168,0,0,1.77784383805991,11
1591,21,11,"random","skewed","random","simple",0.6265664160401,0.3734335839599,0,0,1.87680991261445,11
1591,21,11,"random","skewed","random","group",0.666666666666667,0.333333333333333,0,0,1.87680991261445,11
1591,21,11,"random","skewed","random","dynamic",0.630618733430014,0.369381266569986,0,0,1.87680991261445,11
1591,21,11,"random","skewed","random","calendar",0.630618733430014,0.369381266569986,0,0,1.87680991261445,11
1591,21,11,"random","skewed","random","stacked",0.731803958439383,0.268196041560617,0,0,1.77784383805991,11
1592,21,11,"random","skewed","random","simple",0.335164835164835,0.664835164835165,0,0,1.5313674842078,11
1592,21,11,"random","skewed","random","group",0.458333333333333,0.541666666666667,0,0,1.5313674842078,11
1592,21,11,"random","skewed","random","dynamic",0.302174107410255,0.697825892589745,0,0,1.5313674842078,11
1592,21,11,"random","skewed","random","calendar",0.302174107410255,0.697825892589745,0,0,1.5313674842078,11
1592,21,11,"random","skewed","random","stacked",0.635516888749212,0.364483111250788,0,0.171811221984007,1.4083322179545,11
1593,21,11,"random","skewed","random","simple",0.752747252747253,0.247252747252747,0,0,1.03969471120323,11
1593,21,11,"random","skewed","random","group",0.791666666666667,0.208333333333333,0,0,1.03969471120323,11
1593,21,11,"random","skewed","random","dynamic",0.759448337124505,0.240551662875495,0,0,1.03969471120323,11
1593,21,11,"random","skewed","random","calendar",0.759448337124505,0.240551662875495,0,0,1.03969471120323,11
1593,21,11,"random","skewed","random","stacked",0.80374892945308,0.19625107054692,0,0.19625107054692,0.98487056326405,11
1594,21,11,"random","skewed","random","simple",0.603723404255319,0.396276595744681,0,0,1.87680991261445,11
1594,21,11,"random","skewed","random","group",0.666666666666667,0.333333333333333,0,0,1.87680991261445,11
1594,21,11,"random","skewed","random","dynamic",0.605286252611599,0.394713747388401,0,0,1.87680991261445,11
1594,21,11,"random","skewed","random","calendar",0.605286252611599,0.394713747388401,0,0,1.87680991261445,11
1594,21,11,"random","skewed","random","stacked",0.731392945903799,0.268607054096201,0,0,1.77784383805991,11
1595,21,11,"random","skewed","random","simple",0.618918918918919,0.381081081081081,0,0.137837837837838,1.03969471120323,11
1595,21,11,"random","skewed","random","group",0.666666666666667,0.333333333333333,0,0.125,1.03969471120323,11
1595,21,11,"random","skewed","random","dynamic",0.638156025858947,0.361843974141053,0,0.128479951841356,1.03969471120323,11
1595,21,11,"random","skewed","random","calendar",0.638156025858947,0.361843974141053,0,0.128479951841356,1.03969471120323,11
1595,21,11,"random","skewed","random","stacked",0.618276892511172,0.381723107488828,0,0.381723107488828,0.98487056326405,11
1596,21,11,"random","skewed","random","simple",0.518987341772152,0.481012658227848,0,0,1.5313674842078,11
1596,21,11,"random","skewed","random","group",0.666666666666667,0.333333333333333,0,0,1.5313674842078,11
1596,21,11,"random","skewed","random","dynamic",0.428676833184063,0.571323166815937,0,0,1.5313674842078,11
1596,21,11,"random","skewed","random","calendar",0.428676833184063,0.571323166815937,0,0,1.5313674842078,11
1596,21,11,"random","skewed","random","stacked",0.832846712456735,0.167153287543265,0,0,1.4083322179545,11
1597,21,11,"random","skewed","random","simple",0.336231884057971,0.663768115942029,0,0.663768115942029,0.84833027763666,11
1597,21,11,"random","skewed","random","group",0.458333333333333,0.541666666666667,0,0.541666666666667,0.84833027763666,11
1597,21,11,"random","skewed","random","dynamic",0.308357173471366,0.691642826528635,0,0.691642826528635,0.84833027763666,11
1597,21,11,"random","skewed","random","calendar",0.308357173471366,0.691642826528634,0,0.691642826528634,0.84833027763666,11
1597,21,11,"random","skewed","random","stacked",0.555988381728023,0.444011618271977,0,0.444011618271977,0.780172541067144,11
1598,21,11,"random","skewed","random","simple",0.519434628975265,0.480565371024735,0,0.480565371024735,0.570742777277959,11
1598,21,11,"random","skewed","random","group",0.666666666666667,0.333333333333333,0,0.333333333333333,0.570742777277959,11
1598,21,11,"random","skewed","random","dynamic",0.455598128874557,0.544401871125442,0,0.544401871125442,0.570742777277959,11
1598,21,11,"random","skewed","random","calendar",0.455598128874557,0.544401871125443,0,0.544401871125443,0.570742777277959,11
1598,21,11,"random","skewed","random","stacked",0.719521724445093,0.280478275554907,0,0.280478275554907,0.524887363545659,11
1599,21,11,"random","skewed","random","simple",0.751381215469613,0.248618784530387,0,0,1.03969471120323,11
1599,21,11,"random","skewed","random","group",0.791666666666667,0.208333333333333,0,0,1.03969471120323,11
1599,21,11,"random","skewed","random","dynamic",0.757572702327212,0.242427297672788,0,0,1.03969471120323,11
1599,21,11,"random","skewed","random","calendar",0.757572702327212,0.242427297672788,0,0,1.03969471120323,11
1599,21,11,"random","skewed","random","stacked",0.807131567926488,0.192868432073512,0,0.192868432073512,0.98487056326405,11
1600,21,11,"random","skewed","random","simple",0.148255813953488,0.851744186046512,0,0.148255813953488,1.5313674842078,11
1600,21,11,"random","skewed","random","group",0.333333333333333,0.666666666666667,0,0.125,1.03969471120323,11
1600,21,11,"random","skewed","random","dynamic",0.128786106612689,0.87121389338731,0,0.143615762904858,1.5313674842078,11
1600,21,11,"random","skewed","random","calendar",0.128786106612689,0.87121389338731,0,0.143615762904858,1.5313674842078,11
1600,21,11,"random","skewed","random","stacked",0.439397011782516,0.560602988217484,0,0.342239438239387,0.98487056326405,11
1601,21,11,"random","skewed","random","simple",0.292682926829268,0.707317073170732,0,0.707317073170732,0.42225765384893,11
1601,21,11,"random","skewed","random","group",0.458333333333333,0.541666666666667,0,0.541666666666667,0.42225765384893,11
1601,21,11,"random","skewed","random","dynamic",0.265224971784359,0.734775028215641,0,0.734775028215641,0.42225765384893,11
1601,21,11,"random","skewed","random","calendar",0.265224971784359,0.734775028215641,0,0.734775028215641,0.42225765384893,11
1601,21,11,"random","skewed","random","stacked",0.447262236655136,0.552737763344864,0,0.552737763344864,0.388332039386984,11
1602,21,11,"random","skewed","random","simple",0.621827411167513,0.378172588832487,0,0,1.87680991261445,11
1602,21,11,"random","skewed","random","group",0.666666666666667,0.333333333333333,0,0,1.87680991261445,11
1602,21,11,"random","skewed","random","dynamic",0.628964469893936,0.371035530106064,0,0,1.87680991261445,11
1602,21,11,"random","skewed","random","calendar",0.628964469893936,0.371035530106064,0,0,1.87680991261445,11
1602,21,11,"random","skewed","random","stacked",0.70014488451895,0.29985511548105,0,0,1.77784383805991,11
1603,21,11,"random","skewed","random","simple",0.535836177474403,0.464163822525597,0,0.464163822525597,0.570742777277959,11
1603,21,11,"random","skewed","random","group",0.666666666666667,0.333333333333333,0,0.333333333333333,0.570742777277959,11
1603,21,11,"random","skewed","random","dynamic",0.471144632084668,0.528855367915332,0,0.528855367915332,0.570742777277959,11
1603,21,11,"random","skewed","random","calendar",0.471144632084668,0.528855367915332,0,0.528855367915332,0.570742777277959,11
1603,21,11,"random","skewed","random","stacked",0.726916854423109,0.273083145576891,0,0.273083145576891,0.524887363545659,11
1604,21,11,"random","skewed","random","simple",0.160458452722063,0.839541547277937,0,0.146131805157593,1.5313674842078,11
1604,21,11,"random","skewed","random","group",0.333333333333333,0.666666666666667,0,0.125,1.03969471120323,11
1604,21,11,"random","skewed","random","dynamic",0.143042076775454,0.856957923224545,0,0.140942768499339,1.5313674842078,11
1604,21,11,"random","skewed","random","calendar",0.143042076775454,0.856957923224545,0,0.140942768499339,1.5313674842078,11
1604,21,11,"random","skewed","random","stacked",0.431983604651036,0.568016395348964,0,0.346765208428705,0.98487056326405,11
1605,21,11,"random","skewed","random","simple",0.316417910447761,0.683582089552239,0,0.683582089552239,0.84833027763666,11
1605,21,11,"random","skewed","random","group",0.458333333333333,0.541666666666667,0,0.541666666666667,0.84833027763666,11
1605,21,11,"random","skewed","random","dynamic",0.289201372749517,0.710798627250483,0,0.710798627250483,0.84833027763666,11
1605,21,11,"random","skewed","random","calendar",0.289201372749517,0.710798627250482,0,0.710798627250482,0.84833027763666,11
1605,21,11,"random","skewed","random","stacked",0.544911131945706,0.455088868054294,0,0.455088868054294,0.780172541067144,11
1606,21,11,"random","skewed","random","simple",0.767801857585139,0.232198142414861,0,0.232198142414861,0.405560618505449,11
1606,21,11,"random","skewed","random","group",0.791666666666667,0.208333333333333,0,0.208333333333333,0.405560618505449,11
1606,21,11,"random","skewed","random","dynamic",0.792648123449291,0.207351876550709,0,0.207351876550709,0.405560618505449,11
1606,21,11,"random","skewed","random","calendar",0.792648123449291,0.207351876550709,0,0.207351876550709,0.405560618505449,11
1606,21,11,"random","skewed","random","stacked",0.718360644989605,0.281639355010395,0,0.281639355010395,0.384174999142706,11
1607,21,11,"random","skewed","random","simple",0.301538461538462,0.698461538461538,0,0.230769230769231,1.5313674842078,11
1607,21,11,"random","skewed","random","group",0.458333333333333,0.541666666666667,0,0.208333333333333,1.5313674842078,11
1607,21,11,"random","skewed","random","dynamic",0.247854885442292,0.752145114557708,0,0.208314922603167,1.5313674842078,11
1607,21,11,"random","skewed","random","calendar",0.247854885442292,0.752145114557708,0,0.208314922603167,1.5313674842078,11
1607,21,11,"random","skewed","random","stacked",0.573110076099885,0.426889923900115,0,0.255187251656576,0.384174999142706,11
1608,21,11,"random","skewed","random","simple",0.597297297297297,0.402702702702703,0,0,1.87680991261445,11
1608,21,11,"random","skewed","random","group",0.666666666666667,0.333333333333333,0,0,1.87680991261445,11
1608,21,11,"random","skewed","random","dynamic",0.602979227589539,0.397020772410461,0,0,1.87680991261445,11
1608,21,11,"random","skewed","random","calendar",0.602979227589539,0.397020772410462,0,0,1.87680991261445,11
1608,21,11,"random","skewed","random","stacked",0.698597977645063,0.301402022354937,0,0,1.77784383805991,11
1609,21,11,"random","skewed","random","simple",0.745762711864407,0.254237288135593,0,0,1.03969471120323,11
1609,21,11,"random","skewed","random","group",0.791666666666667,0.208333333333333,0,0,1.03969471120323,11
1609,21,11,"random","skewed","random","dynamic",0.753504974931143,0.246495025068857,0,0,1.03969471120323,11
1609,21,11,"random","skewed","random","calendar",0.753504974931143,0.246495025068857,0,0,1.03969471120323,11
1609,21,11,"random","skewed","random","stacked",0.790588108418042,0.209411891581958,0,0.209411891581958,0.98487056326405,11
1610,21,11,"random","skewed","random","simple",0.272401433691756,0.727598566308244,0,0.727598566308244,0.42225765384893,11
1610,21,11,"random","skewed","random","group",0.458333333333333,0.541666666666667,0,0.541666666666667,0.42225765384893,11
1610,21,11,"random","skewed","random","dynamic",0.230869101744956,0.769130898255044,0,0.769130898255044,0.42225765384893,11
1610,21,11,"random","skewed","random","calendar",0.230869101744956,0.769130898255044,0,0.769130898255044,0.42225765384893,11
1610,21,11,"random","skewed","random","stacked",0.464211725522664,0.535788274477336,0,0.535788274477336,0.388332039386984,11
1611,21,11,"random","skewed","random","simple",0.294460641399417,0.705539358600583,0,0,1.5313674842078,11
1611,21,11,"random","skewed","random","group",0.458333333333333,0.541666666666667,0,0,1.5313674842078,11
1611,21,11,"random","skewed","random","dynamic",0.261535348996295,0.738464651003705,0,0,1.5313674842078,11
1611,21,11,"random","skewed","random","calendar",0.261535348996295,0.738464651003705,0,0,1.5313674842078,11
1611,21,11,"random","skewed","random","stacked",0.615316142736286,0.384683857263714,0,0.181333514650899,1.4083322179545,11
1612,21,11,"random","skewed","random","simple",0.611702127659574,0.388297872340426,0,0.13563829787234,1.87680991261445,11
1612,21,11,"random","skewed","random","group",0.666666666666667,0.333333333333333,0,0.125,1.87680991261445,11
1612,21,11,"random","skewed","random","dynamic",0.617739203259462,0.382260796740538,0,0.128924721854625,1.87680991261445,11
1612,21,11,"random","skewed","random","calendar",0.617739203259462,0.382260796740538,0,0.128924721854625,1.87680991261445,11
1612,21,11,"random","skewed","random","stacked",0.686789771890221,0.313210228109779,0,0.162379695564067,0.854271745308325,11
1613,21,11,"random","skewed","random","simple",0.628428927680798,0.371571072319202,0,0,1.87680991261445,11
1613,21,11,"random","skewed","random","group",0.666666666666667,0.333333333333333,0,0,1.87680991261445,11
1613,21,11,"random","skewed","random","dynamic",0.63530977980904,0.364690220190961,0,0,1.87680991261445,11
1613,21,11,"random","skewed","random","calendar",0.635309779809039,0.364690220190961,0,0,1.87680991261445,11
1613,21,11,"random","skewed","random","stacked",0.703191546471668,0.296808453528332,0,0,1.77784383805991,11
1614,21,11,"random","skewed","random","simple",0.158045977011494,0.841954022988506,0,0.146551724137931,1.5313674842078,11
1614,21,11,"random","skewed","random","group",0.333333333333333,0.666666666666667,0,0.125,1.03969471120323,11
1614,21,11,"random","skewed","random","dynamic",0.132603700132092,0.867396299867908,0,0.14289996411997,1.5313674842078,11
1614,21,11,"random","skewed","random","calendar",0.132603700132092,0.867396299867908,0,0.14289996411997,1.5313674842078,11
1614,21,11,"random","skewed","random","stacked",0.477297031949395,0.522702968050605,0,0.319102063156145,0.98487056326405,11
1615,21,11,"random","skewed","random","simple",0.188365650969529,0.811634349030471,0,0.141274238227147,1.5313674842078,11
1615,21,11,"random","skewed","random","group",0.333333333333333,0.666666666666667,0,0.125,1.03969471120323,11
1615,21,11,"random","skewed","random","dynamic",0.168873874828491,0.831126125171509,0,0.136099306364395,1.5313674842078,11
1615,21,11,"random","skewed","random","calendar",0.168873874828491,0.831126125171509,0,0.136099306364395,1.5313674842078,11
1615,21,11,"random","skewed","random","stacked",0.457491602798161,0.542508397201839,0,0.331192970784662,0.98487056326405,11
1616,21,11,"random","skewed","random","simple",0.614754098360656,0.385245901639344,0,0.139344262295082,1.03969471120323,11
1616,21,11,"random","skewed","random","group",0.666666666666667,0.333333333333333,0,0.125,1.03969471120323,11
1616,21,11,"random","skewed","random","dynamic",0.633052983046926,0.366947016953074,0,0.130393592895864,1.03969471120323,11
1616,21,11,"random","skewed","random","calendar",0.633052983046926,0.366947016953074,0,0.130393592895864,1.03969471120323,11
1616,21,11,"random","skewed","random","stacked",0.627906421061729,0.372093578938271,0,0.372093578938271,0.98487056326405,11
1617,21,11,"random","skewed","random","simple",0.320224719101124,0.679775280898876,0,0,1.5313674842078,11
1617,21,11,"random","skewed","random","group",0.458333333333333,0.541666666666667,0,0,1.5313674842078,11
1617,21,11,"random","skewed","random","dynamic",0.283368859772056,0.716631140227944,0,0,1.5313674842078,11
1617,21,11,"random","skewed","random","calendar",0.283368859772056,0.716631140227944,0,0,1.5313674842078,11
1617,21,11,"random","skewed","random","stacked",0.638734020573174,0.361265979426826,0,0.170294720031251,1.4083322179545,11
1618,21,11,"random","skewed","random","simple",0.186111111111111,0.813888888888889,0,0.141666666666667,1.5313674842078,11
1618,21,11,"random","skewed","random","group",0.333333333333333,0.666666666666667,0,0.125,1.03969471120323,11
1618,21,11,"random","skewed","random","dynamic",0.163716952370239,0.836283047629761,0,0.137066229325317,1.5313674842078,11
1618,21,11,"random","skewed","random","calendar",0.163716952370239,0.836283047629761,0,0.137066229325317,1.5313674842078,11
1618,21,11,"random","skewed","random","stacked",0.478002832795267,0.521997167204733,0,0.318671182675525,0.98487056326405,11
1619,21,11,"random","skewed","random","simple",0.322128851540616,0.677871148459384,0,0,1.5313674842078,11
1619,21,11,"random","skewed","random","group",0.458333333333333,0.541666666666667,0,0,1.5313674842078,11
1619,21,11,"random","skewed","random","dynamic",0.284921116045497,0.715078883954503,0,0,1.5313674842078,11
1619,21,11,"random","skewed","random","calendar",0.284921116045497,0.715078883954503,0,0,1.5313674842078,11
1619,21,11,"random","skewed","random","stacked",0.640557461927898,0.359442538072102,0,0.169435180377146,1.4083322179545,11
1620,21,11,"random","skewed","random","simple",0.324483775811209,0.675516224188791,0,0.675516224188791,0.84833027763666,11
1620,21,11,"random","skewed","random","group",0.458333333333333,0.541666666666667,0,0.541666666666667,0.84833027763666,11
1620,21,11,"random","skewed","random","dynamic",0.291068191794512,0.708931808205488,0,0.708931808205488,0.84833027763666,11
1620,21,11,"random","skewed","random","calendar",0.291068191794512,0.708931808205488,0,0.708931808205488,0.84833027763666,11
1620,21,11,"random","skewed","random","stacked",0.565042819296916,0.434957180703084,0,0.434957180703084,0.780172541067144,11
1621,21,11,"random","skewed","random","simple",0.625,0.375,0,0.13563829787234,1.03969471120323,11
1621,21,11,"random","skewed","random","group",0.666666666666667,0.333333333333333,0,0.125,1.03969471120323,11
1621,21,11,"random","skewed","random","dynamic",0.643493612249165,0.356506387750835,0,0.126478356945025,1.03969471120323,11
1621,21,11,"random","skewed","random","calendar",0.643493612249165,0.356506387750835,0,0.126478356945025,1.03969471120323,11
1621,21,11,"random","skewed","random","stacked",0.632541265411537,0.367458734588463,0,0.367458734588463,0.98487056326405,11
1622,21,11,"random","skewed","random","simple",0.752066115702479,0.247933884297521,0,0,1.03969471120323,11
1622,21,11,"random","skewed","random","group",0.791666666666667,0.208333333333333,0,0,1.03969471120323,11
1622,21,11,"random","skewed","random","dynamic",0.75733968189085,0.24266031810915,0,0,1.03969471120323,11
1622,21,11,"random","skewed","random","calendar",0.75733968189085,0.24266031810915,0,0,1.03969471120323,11
1622,21,11,"random","skewed","random","stacked",0.806005752497333,0.193994247502667,0,0.193994247502667,0.98487056326405,11
1623,21,11,"random","skewed","random","simple",0.630890052356021,0.369109947643979,0,0.133507853403141,1.03969471120323,11
1623,21,11,"random","skewed","random","group",0.666666666666667,0.333333333333333,0,0.125,1.03969471120323,11
1623,21,11,"random","skewed","random","dynamic",0.645437767763114,0.354562232236886,0,0.125749298627294,1.03969471120323,11
1623,21,11,"random","skewed","random","calendar",0.645437767763114,0.354562232236886,0,0.125749298627294,1.03969471120323,11
1623,21,11,"random","skewed","random","stacked",0.673694367756933,0.326305632243067,0,0.326305632243067,0.98487056326405,11
1624,21,11,"random","skewed","random","simple",0.744318181818182,0.255681818181818,0,0,1.03969471120323,11
1624,21,11,"random","skewed","random","group",0.791666666666667,0.208333333333333,0,0,1.03969471120323,11
1624,21,11,"random","skewed","random","dynamic",0.749707530059866,0.250292469940135,0,0,1.03969471120323,11
1624,21,11,"random","skewed","random","calendar",0.749707530059866,0.250292469940134,0,0,1.03969471120323,11
1624,21,11,"random","skewed","random","stacked",0.80316195246864,0.19683804753136,0,0.19683804753136,0.98487056326405,11
1625,21,11,"random","skewed","random","simple",0.598290598290598,0.401709401709402,0,0.145299145299145,1.03969471120323,11
1625,21,11,"random","skewed","random","group",0.666666666666667,0.333333333333333,0,0.125,1.03969471120323,11
1625,21,11,"random","skewed","random","dynamic",0.615137874419743,0.384862125580257,0,0.137111758631058,1.03969471120323,11
1625,21,11,"random","skewed","random","calendar",0.615137874419743,0.384862125580257,0,0.137111758631058,1.03969471120323,11
1625,21,11,"random","skewed","random","stacked",0.623153162336656,0.376846837663344,0,0.376846837663344,0.98487056326405,11
1626,21,11,"random","skewed","random","simple",0.606860158311346,0.393139841688654,0,0,1.87680991261445,11
1626,21,11,"random","skewed","random","group",0.666666666666667,0.333333333333333,0,0,1.87680991261445,11
1626,21,11,"random","skewed","random","dynamic",0.611994936084989,0.388005063915011,0,0,1.87680991261445,11
1626,21,11,"random","skewed","random","calendar",0.611994936084989,0.388005063915011,0,0,1.87680991261445,11
1626,21,11,"random","skewed","random","stacked",0.710544050910879,0.289455949089121,0,0,1.77784383805991,11
1627,21,11,"random","skewed","random","simple",0.752906976744186,0.247093023255814,0,0.247093023255814,0.699489647648167,11
1627,21,11,"random","skewed","random","group",0.791666666666667,0.208333333333333,0,0.208333333333333,0.699489647648167,11
1627,21,11,"random","skewed","random","dynamic",0.768895874880866,0.231104125119134,0,0.231104125119134,0.699489647648167,11
1627,21,11,"random","skewed","random","calendar",0.768895874880866,0.231104125119134,0,0.231104125119134,0.699489647648167,11
1627,21,11,"random","skewed","random","stacked",0.749133680792917,0.250866319207083,0,0.250866319207083,0.662604854918761,11
1628,21,11,"random","skewed","random","simple",0.599431818181818,0.400568181818182,0,0.144886363636364,1.03969471120323,11
1628,21,11,"random","skewed","random","group",0.666666666666667,0.333333333333333,0,0.125,1.03969471120323,11
1628,21,11,"random","skewed","random","dynamic",0.616052907099481,0.383947092900519,0,0.136768621376156,1.03969471120323,11
1628,21,11,"random","skewed","random","calendar",0.616052907099481,0.383947092900519,0,0.136768621376156,1.03969471120323,11
1628,21,11,"random","skewed","random","stacked",0.626138067534322,0.373861932465678,0,0.373861932465678,0.98487056326405,11
1629,21,11,"random","skewed","random","simple",0.746268656716418,0.253731343283582,0,0.253731343283582,0.699489647648167,11
1629,21,11,"random","skewed","random","group",0.791666666666667,0.208333333333333,0,0.208333333333333,0.699489647648167,11
1629,21,11,"random","skewed","random","dynamic",0.757598450899619,0.242401549100381,0,0.242401549100381,0.699489647648167,11
1629,21,11,"random","skewed","random","calendar",0.757598450899619,0.242401549100381,0,0.242401549100381,0.699489647648167,11
1629,21,11,"random","skewed","random","stacked",0.765779959800998,0.234220040199002,0,0.234220040199002,0.662604854918761,11
1630,21,11,"random","skewed","random","simple",0.214477211796247,0.785522788203753,0,0.136729222520107,1.5313674842078,11
1630,21,11,"random","skewed","random","group",0.333333333333333,0.666666666666667,0,0.125,1.03969471120323,11
1630,21,11,"random","skewed","random","dynamic",0.190845217973612,0.809154782026388,0,0.131979679524685,1.5313674842078,11
1630,21,11,"random","skewed","random","calendar",0.190845217973612,0.809154782026388,0,0.131979679524685,1.5313674842078,11
1630,21,11,"random","skewed","random","stacked",0.491729100027705,0.508270899972295,0,0.31029150920698,0.98487056326405,11
1631,21,11,"random","skewed","random","simple",0.600536193029491,0.399463806970509,0,0,1.87680991261445,11
1631,21,11,"random","skewed","random","group",0.666666666666667,0.333333333333333,0,0,1.87680991261445,11
1631,21,11,"random","skewed","random","dynamic",0.607218320633316,0.392781679366684,0,0,1.87680991261445,11
1631,21,11,"random","skewed","random","calendar",0.607218320633316,0.392781679366684,0,0,1.87680991261445,11
1631,21,11,"random","skewed","random","stacked",0.689521617052183,0.310478382947817,0,0,1.77784383805991,11
1632,21,11,"random","skewed","random","simple",0.616966580976864,0.383033419023136,0,0,1.87680991261445,11
1632,21,11,"random","skewed","random","group",0.666666666666667,0.333333333333333,0,0,1.87680991261445,11
1632,21,11,"random","skewed","random","dynamic",0.623586647868516,0.376413352131484,0,0,1.87680991261445,11
1632,21,11,"random","skewed","random","calendar",0.623586647868516,0.376413352131484,0,0,1.87680991261445,11
1632,21,11,"random","skewed","random","stacked",0.697035027492397,0.302964972507603,0,0,1.77784383805991,11
1633,21,11,"random","skewed","random","simple",0.746478873239437,0.253521126760563,0,0,1.03969471120323,11
1633,21,11,"random","skewed","random","group",0.791666666666667,0.208333333333333,0,0,1.03969471120323,11
1633,21,11,"random","skewed","random","dynamic",0.753256959058127,0.246743040941873,0,0,1.03969471120323,11
1633,21,11,"random","skewed","random","calendar",0.753256959058127,0.246743040941873,0,0,1.03969471120323,11
1633,21,11,"random","skewed","random","stacked",0.799649420619632,0.200350579380368,0,0.200350579380368,0.98487056326405,11
1634,21,11,"random","skewed","random","simple",0.602179836512262,0.397820163487738,0,0.138964577656676,1.87680991261445,11
1634,21,11,"random","skewed","random","group",0.666666666666667,0.333333333333333,0,0.125,1.87680991261445,11
1634,21,11,"random","skewed","random","dynamic",0.606828430240733,0.393171569759267,0,0.133016261736648,1.87680991261445,11
1634,21,11,"random","skewed","random","calendar",0.606828430240733,0.393171569759267,0,0.133016261736648,1.87680991261445,11
1634,21,11,"random","skewed","random","stacked",0.689269785536081,0.310730214463919,0,0.161093965327096,0.854271745308325,11
1635,21,11,"random","skewed","random","simple",0.290519877675841,0.709480122324159,0,0.244648318042813,1.5313674842078,11
1635,21,11,"random","skewed","random","group",0.458333333333333,0.541666666666667,0,0.208333333333333,1.5313674842078,11
1635,21,11,"random","skewed","random","dynamic",0.249775848335458,0.750224151664542,0,0.227819005700937,1.5313674842078,11
1635,21,11,"random","skewed","random","calendar",0.249775848335458,0.750224151664542,0,0.227819005700937,1.5313674842078,11
1635,21,11,"random","skewed","random","stacked",0.5593398082711,0.4406601917289,0,0.250808902705968,0.490220783522322,11
1636,21,11,"random","skewed","random","simple",0.603260869565217,0.396739130434783,0,0.138586956521739,1.87680991261445,11
1636,21,11,"random","skewed","random","group",0.666666666666667,0.333333333333333,0,0.125,1.87680991261445,11
1636,21,11,"random","skewed","random","dynamic",0.608095543423986,0.391904456576014,0,0.132541094292928,1.87680991261445,11
1636,21,11,"random","skewed","random","calendar",0.608095543423986,0.391904456576014,0,0.132541094292928,1.87680991261445,11
1636,21,11,"random","skewed","random","stacked",0.690250829067567,0.309749170932433,0,0.160585356298141,0.854271745308325,11
1637,21,11,"random","skewed","random","simple",0.314447592067989,0.685552407932011,0,0,1.5313674842078,11
1637,21,11,"random","skewed","random","group",0.458333333333333,0.541666666666667,0,0,1.5313674842078,11
1637,21,11,"random","skewed","random","dynamic",0.283975820190229,0.716024179809771,0,0,1.5313674842078,11
1637,21,11,"random","skewed","random","calendar",0.283975820190229,0.716024179809771,0,0,1.5313674842078,11
1637,21,11,"random","skewed","random","stacked",0.617916873672854,0.382083126327146,0,0.180107573732183,1.4083322179545,11
1638,21,11,"random","skewed","random","simple",0.6328125,0.3671875,0,0.1328125,1.03969471120323,11
1638,21,11,"random","skewed","random","group",0.666666666666667,0.333333333333333,0,0.125,1.03969471120323,11
1638,21,11,"random","skewed","random","dynamic",0.650085751358466,0.349914248641534,0,0.124006304779037,1.03969471120323,11
1638,21,11,"random","skewed","random","calendar",0.650085751358466,0.349914248641534,0,0.124006304779037,1.03969471120323,11
1638,21,11,"random","skewed","random","stacked",0.656601709241573,0.343398290758427,0,0.343398290758427,0.98487056326405,11
1639,21,11,"random","skewed","random","simple",0.758064516129032,0.241935483870968,0,0,1.03969471120323,11
1639,21,11,"random","skewed","random","group",0.791666666666667,0.208333333333333,0,0,1.03969471120323,11
1639,21,11,"random","skewed","random","dynamic",0.76519387479939,0.23480612520061,0,0,1.03969471120323,11
1639,21,11,"random","skewed","random","calendar",0.76519387479939,0.23480612520061,0,0,1.03969471120323,11
1639,21,11,"random","skewed","random","stacked",0.801427138744823,0.198572861255177,0,0.198572861255177,0.98487056326405,11
1640,21,11,"random","skewed","random","simple",0.60857908847185,0.39142091152815,0,0.136729222520107,1.87680991261445,11
1640,21,11,"random","skewed","random","group",0.666666666666667,0.333333333333333,0,0.125,1.87680991261445,11
1640,21,11,"random","skewed","random","dynamic",0.615024164674858,0.384975835325142,0,0.129942861323851,1.87680991261445,11
1640,21,11,"random","skewed","random","calendar",0.615024164674858,0.384975835325142,0,0.129942861323851,1.87680991261445,11
1640,21,11,"random","skewed","random","stacked",0.681191904482813,0.318808095517187,0,0.165281835800383,0.854271745308325,11
1641,21,11,"random","skewed","random","simple",0.341463414634146,0.658536585365854,0,0.658536585365854,0.570742777277959,11
1641,21,11,"random","skewed","random","group",0.458333333333333,0.541666666666667,0,0.541666666666667,0.570742777277959,11
1641,21,11,"random","skewed","random","dynamic",0.310314033141902,0.689685966858098,0,0.689685966858098,0.570742777277959,11
1641,21,11,"random","skewed","random","calendar",0.310314033141902,0.689685966858098,0,0.689685966858098,0.570742777277959,11
1641,21,11,"random","skewed","random","stacked",0.524974851579805,0.475025148420195,0,0.475025148420195,0.524887363545659,11
1642,21,11,"random","skewed","random","simple",0.509677419354839,0.490322580645161,0,0,1.5313674842078,11
1642,21,11,"random","skewed","random","group",0.666666666666667,0.333333333333333,0,0,1.5313674842078,11
1642,21,11,"random","skewed","random","dynamic",0.404173876186827,0.595826123813173,0,0,1.5313674842078,11
1642,21,11,"random","skewed","random","calendar",0.404173876186827,0.595826123813173,0,0,1.5313674842078,11
1642,21,11,"random","skewed","random","stacked",0.838217069081089,0.161782930918911,0,0,1.4083322179545,11
1643,21,11,"random","skewed","random","simple",0.768392370572207,0.231607629427793,0,0.231607629427793,0.699489647648167,11
1643,21,11,"random","skewed","random","group",0.791666666666667,0.208333333333333,0,0.208333333333333,0.699489647648167,11
1643,21,11,"random","skewed","random","dynamic",0.782886945617461,0.217113054382539,0,0.217113054382539,0.699489647648167,11
1643,21,11,"random","skewed","random","calendar",0.782886945617461,0.217113054382539,0,0.217113054382539,0.699489647648167,11
1643,21,11,"random","skewed","random","stacked",0.77663883685598,0.22336116314402,0,0.22336116314402,0.662604854918761,11
1644,21,11,"random","skewed","random","simple",0.745308310991957,0.254691689008043,0,0,1.87680991261445,11
1644,21,11,"random","skewed","random","group",0.791666666666667,0.208333333333333,0,0,1.87680991261445,11
1644,21,11,"random","skewed","random","dynamic",0.74367477604917,0.25632522395083,0,0,1.87680991261445,11
1644,21,11,"random","skewed","random","calendar",0.74367477604917,0.25632522395083,0,0,1.87680991261445,11
1644,21,11,"random","skewed","random","stacked",0.848431939664776,0.151568060335224,0,0,1.77784383805991,11
1645,21,11,"random","skewed","random","simple",0.6,0.4,0,0.13972602739726,1.87680991261445,11
1645,21,11,"random","skewed","random","group",0.666666666666667,0.333333333333333,0,0.125,1.87680991261445,11
1645,21,11,"random","skewed","random","dynamic",0.603402224448799,0.396597775551201,0,0.134301088908624,1.87680991261445,11
1645,21,11,"random","skewed","random","calendar",0.603402224448799,0.396597775551201,0,0.134301088908624,1.87680991261445,11
1645,21,11,"random","skewed","random","stacked",0.696009419233791,0.303990580766209,0,0.157599891475638,0.854271745308325,11
1646,21,11,"random","skewed","random","simple",0.293375394321767,0.706624605678233,0,0.706624605678233,0.84833027763666,11
1646,21,11,"random","skewed","random","group",0.458333333333333,0.541666666666667,0,0.541666666666667,0.84833027763666,11
1646,21,11,"random","skewed","random","dynamic",0.247469157978087,0.752530842021913,0,0.752530842021913,0.84833027763666,11
1646,21,11,"random","skewed","random","calendar",0.247469157978087,0.752530842021913,0,0.752530842021913,0.84833027763666,11
1646,21,11,"random","skewed","random","stacked",0.548974737665556,0.451025262334444,0,0.451025262334444,0.780172541067144,11
1647,21,11,"random","skewed","random","simple",0.598382749326146,0.401617250673854,0,0,1.87680991261445,11
1647,21,11,"random","skewed","random","group",0.666666666666667,0.333333333333333,0,0,1.87680991261445,11
1647,21,11,"random","skewed","random","dynamic",0.604846213895884,0.395153786104116,0,0,1.87680991261445,11
1647,21,11,"random","skewed","random","calendar",0.604846213895884,0.395153786104116,0,0,1.87680991261445,11
1647,21,11,"random","skewed","random","stacked",0.690070625967851,0.309929374032149,0,0,1.77784383805991,11
1648,21,11,"random","skewed","random","simple",0.334269662921348,0.665730337078652,0,0.23876404494382,1.5313674842078,11
1648,21,11,"random","skewed","random","group",0.458333333333333,0.541666666666667,0,0.208333333333333,1.5313674842078,11
1648,21,11,"random","skewed","random","dynamic",0.299716547172375,0.700283452827625,0,0.228853959589572,1.5313674842078,11
1648,21,11,"random","skewed","random","calendar",0.299716547172375,0.700283452827625,0,0.228853959589572,1.5313674842078,11
1648,21,11,"random","skewed","random","stacked",0.587176549623506,0.412823450376494,0,0.218363132312124,0.662604854918761,11
1649,21,11,"random","skewed","random","simple",0.322128851540616,0.677871148459384,0,0,1.5313674842078,11
1649,21,11,"random","skewed","random","group",0.458333333333333,0.541666666666667,0,0,1.5313674842078,11
1649,21,11,"random","skewed","random","dynamic",0.284355608399806,0.715644391600194,0,0,1.5313674842078,11
1649,21,11,"random","skewed","random","calendar",0.284355608399806,0.715644391600194,0,0,1.5313674842078,11
1649,21,11,"random","skewed","random","stacked",0.641462297300671,0.358537702699329,0,0.16900865616713,1.4083322179545,11
1650,21,11,"random","skewed","random","simple",0.186111111111111,0.813888888888889,0,0.141666666666667,1.5313674842078,11
1650,21,11,"random","skewed","random","group",0.333333333333333,0.666666666666667,0,0.125,1.03969471120323,11
1650,21,11,"random","skewed","random","dynamic",0.16937190359412,0.830628096405881,0,0.136005925970839,1.5313674842078,11
1650,21,11,"random","skewed","random","calendar",0.169371903594119,0.830628096405881,0,0.136005925970839,1.5313674842078,11
1650,21,11,"random","skewed","random","stacked",0.432816984798667,0.567183015201333,0,0.346256442761094,0.98487056326405,11
1651,21,11,"random","skewed","random","simple",0.310457516339869,0.689542483660131,0,0.689542483660131,0.570742777277959,11
1651,21,11,"random","skewed","random","group",0.458333333333333,0.541666666666667,0,0.541666666666667,0.570742777277959,11
1651,21,11,"random","skewed","random","dynamic",0.274303798763884,0.725696201236116,0,0.725696201236116,0.570742777277959,11
1651,21,11,"random","skewed","random","calendar",0.274303798763884,0.725696201236116,0,0.725696201236116,0.570742777277959,11
1651,21,11,"random","skewed","random","stacked",0.486654263697127,0.513345736302873,0,0.513345736302873,0.524887363545659,11
1652,21,11,"random","skewed","random","simple",0.620865139949109,0.379134860050891,0,0,1.87680991261445,11
1652,21,11,"random","skewed","random","group",0.666666666666667,0.333333333333333,0,0,1.87680991261445,11
1652,21,11,"random","skewed","random","dynamic",0.628411110210141,0.371588889789859,0,0,1.87680991261445,11
1652,21,11,"random","skewed","random","calendar",0.628411110210141,0.371588889789859,0,0,1.87680991261445,11
1652,21,11,"random","skewed","random","stacked",0.692247382100661,0.307752617899339,0,0,1.77784383805991,11
1653,21,11,"random","skewed","random","simple",0.356741573033708,0.643258426966292,0,0.643258426966292,0.84833027763666,11
1653,21,11,"random","skewed","random","group",0.458333333333333,0.541666666666667,0,0.541666666666667,0.84833027763666,11
1653,21,11,"random","skewed","random","dynamic",0.326669600781471,0.673330399218529,0,0.673330399218529,0.84833027763666,11
1653,21,11,"random","skewed","random","calendar",0.326669600781471,0.673330399218529,0,0.673330399218529,0.84833027763666,11
1653,21,11,"random","skewed","random","stacked",0.573298830199673,0.426701169800327,0,0.426701169800327,0.780172541067144,11
1654,21,11,"random","skewed","random","simple",0.304597701149425,0.695402298850575,0,0,1.5313674842078,11
1654,21,11,"random","skewed","random","group",0.458333333333333,0.541666666666667,0,0,1.5313674842078,11
1654,21,11,"random","skewed","random","dynamic",0.27594471786649,0.72405528213351,0,0,1.5313674842078,11
1654,21,11,"random","skewed","random","calendar",0.275944717866489,0.72405528213351,0,0,1.5313674842078,11
1654,21,11,"random","skewed","random","stacked",0.60520782910102,0.39479217089898,0,0.186098404063505,1.4083322179545,11
1655,21,11,"random","skewed","random","simple",0.485714285714286,0.514285714285714,0,0.514285714285714,0.84833027763666,11
1655,21,11,"random","skewed","random","group",0.666666666666667,0.333333333333333,0,0.333333333333333,0.84833027763666,11
1655,21,11,"random","skewed","random","dynamic",0.395058905372092,0.604941094627908,0,0.604941094627908,0.84833027763666,11
1655,21,11,"random","skewed","random","calendar",0.395058905372092,0.604941094627908,0,0.604941094627908,0.84833027763666,11
1655,21,11,"random","skewed","random","stacked",0.770687710790395,0.229312289209605,0,0.229312289209605,0.780172541067144,11
1656,21,11,"random","skewed","random","simple",0.611702127659574,0.388297872340426,0,0.13563829787234,1.87680991261445,11
1656,21,11,"random","skewed","random","group",0.666666666666667,0.333333333333333,0,0.125,1.87680991261445,11
1656,21,11,"random","skewed","random","dynamic",0.618343990628955,0.381656009371045,0,0.128697926591065,1.87680991261445,11
1656,21,11,"random","skewed","random","calendar",0.618343990628955,0.381656009371045,0,0.128697926591065,1.87680991261445,11
1656,21,11,"random","skewed","random","stacked",0.681709056553526,0.318290943446474,0,0.165013725156904,0.854271745308325,11
1657,21,11,"random","skewed","random","simple",0.284375,0.715625,0,0.715625,0.84833027763666,11
1657,21,11,"random","skewed","random","group",0.458333333333333,0.541666666666667,0,0.541666666666667,0.84833027763666,11
1657,21,11,"random","skewed","random","dynamic",0.256203061339183,0.743796938660817,0,0.743796938660817,0.84833027763666,11
1657,21,11,"random","skewed","random","calendar",0.256203061339183,0.743796938660817,0,0.743796938660817,0.84833027763666,11
1657,21,11,"random","skewed","random","stacked",0.526318136844072,0.473681863155928,0,0.473681863155928,0.780172541067144,11
1658,21,11,"random","skewed","random","simple",0.625994694960212,0.374005305039788,0,0.135278514588859,1.03969471120323,11
1658,21,11,"random","skewed","random","group",0.666666666666667,0.333333333333333,0,0.125,1.03969471120323,11
1658,21,11,"random","skewed","random","dynamic",0.642436915248195,0.357563084751805,0,0.126874618320388,1.03969471120323,11
1658,21,11,"random","skewed","random","calendar",0.642436915248195,0.357563084751805,0,0.126874618320388,1.03969471120323,11
1658,21,11,"random","skewed","random","stacked",0.658588811814656,0.341411188185344,0,0.341411188185344,0.98487056326405,11
1659,21,11,"random","skewed","random","simple",0.304985337243402,0.695014662756598,0,0.249266862170088,1.5313674842078,11
1659,21,11,"random","skewed","random","group",0.458333333333333,0.541666666666667,0,0.208333333333333,1.5313674842078,11
1659,21,11,"random","skewed","random","dynamic",0.26868382181832,0.73131617818168,0,0.240789623187286,1.5313674842078,11
1659,21,11,"random","skewed","random","calendar",0.26868382181832,0.73131617818168,0,0.240789623187286,1.5313674842078,11
1659,21,11,"random","skewed","random","stacked",0.582299987831999,0.417700012168001,0,0.220942591659057,0.662604854918761,11
1660,21,11,"random","skewed","random","simple",0.615979381443299,0.384020618556701,0,0,1.87680991261445,11
1660,21,11,"random","skewed","random","group",0.666666666666667,0.333333333333333,0,0,1.87680991261445,11
1660,21,11,"random","skewed","random","dynamic",0.622639531763909,0.377360468236091,0,0,1.87680991261445,11
1660,21,11,"random","skewed","random","calendar",0.622639531763909,0.377360468236091,0,0,1.87680991261445,11
1660,21,11,"random","skewed","random","stacked",0.703191546471668,0.296808453528332,0,0,1.77784383805991,11
1661,21,11,"random","skewed","random","simple",0.332361516034985,0.667638483965015,0,0.667638483965015,0.84833027763666,11
1661,21,11,"random","skewed","random","group",0.458333333333333,0.541666666666667,0,0.541666666666667,0.84833027763666,11
1661,21,11,"random","skewed","random","dynamic",0.304799404891667,0.695200595108333,0,0.695200595108333,0.84833027763666,11
1661,21,11,"random","skewed","random","calendar",0.304799404891667,0.695200595108333,0,0.695200595108333,0.84833027763666,11
1661,21,11,"random","skewed","random","stacked",0.553400138837397,0.446599861162603,0,0.446599861162603,0.780172541067144,11
1662,21,11,"random","skewed","random","simple",0.74934036939314,0.25065963060686,0,0,1.87680991261445,11
1662,21,11,"random","skewed","random","group",0.791666666666667,0.208333333333333,0,0,1.87680991261445,11
1662,21,11,"random","skewed","random","dynamic",0.746616377417545,0.253383622582455,0,0,1.87680991261445,11
1662,21,11,"random","skewed","random","calendar",0.746616377417545,0.253383622582455,0,0,1.87680991261445,11
1662,21,11,"random","skewed","random","stacked",0.857139845457908,0.142860154542092,0,0,1.77784383805991,11
1663,21,11,"random","skewed","random","simple",0.148255813953488,0.851744186046512,0,0.148255813953488,1.5313674842078,11
1663,21,11,"random","skewed","random","group",0.333333333333333,0.666666666666667,0,0.125,1.03969471120323,11
1663,21,11,"random","skewed","random","dynamic",0.125488388633531,0.874511611366469,0,0.14423408502595,1.5313674842078,11
1663,21,11,"random","skewed","random","calendar",0.125488388633531,0.874511611366469,0,0.14423408502595,1.5313674842078,11
1663,21,11,"random","skewed","random","stacked",0.45900999778718,0.54099000221282,0,0.330266014170107,0.98487056326405,11
1664,21,11,"random","skewed","random","simple",0.306060606060606,0.693939393939394,0,0.693939393939394,0.84833027763666,11
1664,21,11,"random","skewed","random","group",0.458333333333333,0.541666666666667,0,0.541666666666667,0.84833027763666,11
1664,21,11,"random","skewed","random","dynamic",0.27601634727734,0.72398365272266,0,0.72398365272266,0.84833027763666,11
1664,21,11,"random","skewed","random","calendar",0.27601634727734,0.72398365272266,0,0.72398365272266,0.84833027763666,11
1664,21,11,"random","skewed","random","stacked",0.544347987717236,0.455652012282764,0,0.455652012282764,0.780172541067144,11
1665,21,11,"random","skewed","random","simple",0.622739018087855,0.377260981912145,0,0.131782945736434,1.87680991261445,11
1665,21,11,"random","skewed","random","group",0.666666666666667,0.333333333333333,0,0.125,1.87680991261445,11
1665,21,11,"random","skewed","random","dynamic",0.630308259590128,0.369691740409872,0,0.124211325730625,1.87680991261445,11
1665,21,11,"random","skewed","random","calendar",0.630308259590128,0.369691740409872,0,0.124211325730625,1.87680991261445,11
1665,21,11,"random","skewed","random","stacked",0.672682821320012,0.327317178679988,0,0.169693257297834,0.854271745308325,11
1666,21,11,"random","skewed","random","simple",0.765395894428152,0.234604105571848,0,0.234604105571848,0.517509584468528,11
1666,21,11,"random","skewed","random","group",0.791666666666667,0.208333333333333,0,0.208333333333333,0.517509584468528,11
1666,21,11,"random","skewed","random","dynamic",0.787950865298086,0.212049134701914,0,0.212049134701914,0.517509584468528,11
1666,21,11,"random","skewed","random","calendar",0.787950865298086,0.212049134701914,0,0.212049134701914,0.517509584468528,11
1666,21,11,"random","skewed","random","stacked",0.727801075914928,0.272198924085072,0,0.272198924085072,0.490220783522322,11
1667,21,11,"random","skewed","random","simple",0.759887005649718,0.240112994350282,0,0.240112994350282,0.699489647648167,11
1667,21,11,"random","skewed","random","group",0.791666666666667,0.208333333333333,0,0.208333333333333,0.699489647648167,11
1667,21,11,"random","skewed","random","dynamic",0.773186824943875,0.226813175056125,0,0.226813175056125,0.699489647648167,11
1667,21,11,"random","skewed","random","calendar",0.773186824943875,0.226813175056125,0,0.226813175056125,0.699489647648167,11
1667,21,11,"random","skewed","random","stacked",0.772417900054066,0.227582099945934,0,0.227582099945934,0.662604854918761,11
1668,21,11,"random","skewed","random","simple",0.304985337243402,0.695014662756598,0,0.249266862170088,1.5313674842078,11
1668,21,11,"random","skewed","random","group",0.458333333333333,0.541666666666667,0,0.208333333333333,1.5313674842078,11
1668,21,11,"random","skewed","random","dynamic",0.271045158361667,0.728954841638333,0,0.23988141682446,1.5313674842078,11
1668,21,11,"random","skewed","random","calendar",0.271045158361667,0.728954841638333,0,0.23988141682446,1.5313674842078,11
1668,21,11,"random","skewed","random","stacked",0.58122765890137,0.41877234109863,0,0.221509800483913,0.662604854918761,11
1669,21,11,"random","skewed","random","simple",0.744318181818182,0.255681818181818,0,0,1.03969471120323,11
1669,21,11,"random","skewed","random","group",0.791666666666667,0.208333333333333,0,0,1.03969471120323,11
1669,21,11,"random","skewed","random","dynamic",0.747416860147376,0.252583139852624,0,0,1.03969471120323,11
1669,21,11,"random","skewed","random","calendar",0.747416860147376,0.252583139852624,0,0,1.03969471120323,11
1669,21,11,"random","skewed","random","stacked",0.812498404028164,0.187501595971836,0,0.187501595971836,0.98487056326405,11
1670,21,11,"random","skewed","random","simple",0.606860158311346,0.393139841688654,0,0,1.87680991261445,11
1670,21,11,"random","skewed","random","group",0.666666666666667,0.333333333333333,0,0,1.87680991261445,11
1670,21,11,"random","skewed","random","dynamic",0.611824749710737,0.388175250289263,0,0,1.87680991261445,11
1670,21,11,"random","skewed","random","calendar",0.611824749710737,0.388175250289263,0,0,1.87680991261445,11
1670,21,11,"random","skewed","random","stacked",0.711971054807148,0.288028945192852,0,0,1.77784383805991,11
1671,21,11,"random","skewed","random","simple",0.623737373737374,0.376262626262626,0,0,1.87680991261445,11
1671,21,11,"random","skewed","random","group",0.666666666666667,0.333333333333333,0,0,1.87680991261445,11
1671,21,11,"random","skewed","random","dynamic",0.630620784593728,0.369379215406271,0,0,1.87680991261445,11
1671,21,11,"random","skewed","random","calendar",0.630620784593729,0.369379215406272,0,0,1.87680991261445,11
1671,21,11,"random","skewed","random","stacked",0.70369331452473,0.29630668547527,0,0,1.77784383805991,11
1672,21,11,"random","skewed","random","simple",0.751461988304093,0.248538011695906,0,0.248538011695906,0.699489647648167,11
1672,21,11,"random","skewed","random","group",0.791666666666667,0.208333333333333,0,0.208333333333333,0.699489647648167,11
1672,21,11,"random","skewed","random","dynamic",0.767027826937051,0.232972173062949,0,0.232972173062949,0.699489647648167,11
1672,21,11,"random","skewed","random","calendar",0.767027826937051,0.232972173062949,0,0.232972173062949,0.699489647648167,11
1672,21,11,"random","skewed","random","stacked",0.751347147806054,0.248652852193946,0,0.248652852193946,0.662604854918761,11
1673,21,11,"random","skewed","random","simple",0.601604278074866,0.398395721925134,0,0,1.87680991261445,11
1673,21,11,"random","skewed","random","group",0.666666666666667,0.333333333333333,0,0,1.87680991261445,11
1673,21,11,"random","skewed","random","dynamic",0.609402703158256,0.390597296841744,0,0,1.87680991261445,11
1673,21,11,"random","skewed","random","calendar",0.609402703158256,0.390597296841744,0,0,1.87680991261445,11
1673,21,11,"random","skewed","random","stacked",0.673318474045825,0.326681525954175,0,0,1.77784383805991,11
1674,21,11,"random","skewed","random","simple",0.741847826086957,0.258152173913043,0,0,1.87680991261445,11
1674,21,11,"random","skewed","random","group",0.791666666666667,0.208333333333333,0,0,1.87680991261445,11
1674,21,11,"random","skewed","random","dynamic",0.737685980329253,0.262314019670747,0,0,1.87680991261445,11
1674,21,11,"random","skewed","random","calendar",0.737685980329253,0.262314019670747,0,0,1.87680991261445,11
1674,21,11,"random","skewed","random","stacked",0.85904918166365,0.14095081833635,0,0,1.77784383805991,11
1675,21,11,"random","skewed","random","simple",0.60752688172043,0.39247311827957,0,0.137096774193548,1.87680991261445,11
1675,21,11,"random","skewed","random","group",0.666666666666667,0.333333333333333,0,0.125,1.87680991261445,11
1675,21,11,"random","skewed","random","dynamic",0.613844104550122,0.386155895449879,0,0.130385383870628,1.87680991261445,11
1675,21,11,"random","skewed","random","calendar",0.613844104550122,0.386155895449878,0,0.130385383870628,1.87680991261445,11
1675,21,11,"random","skewed","random","stacked",0.681709056553526,0.318290943446474,0,0.165013725156904,0.854271745308325,11
1676,21,11,"random","skewed","random","simple",0.335384615384615,0.664615384615385,0,0.664615384615385,0.570742777277959,11
1676,21,11,"random","skewed","random","group",0.458333333333333,0.541666666666667,0,0.541666666666667,0.570742777277959,11
1676,21,11,"random","skewed","random","dynamic",0.306970034145729,0.693029965854271,0,0.693029965854271,0.570742777277959,11
1676,21,11,"random","skewed","random","calendar",0.306970034145729,0.693029965854271,0,0.693029965854271,0.570742777277959,11
1676,21,11,"random","skewed","random","stacked",0.509555552854823,0.490444447145177,0,0.490444447145177,0.524887363545659,11
1677,21,11,"random","skewed","random","simple",0.303951367781155,0.696048632218845,0,0.696048632218845,0.84833027763666,11
1677,21,11,"random","skewed","random","group",0.458333333333333,0.541666666666667,0,0.541666666666667,0.84833027763666,11
1677,21,11,"random","skewed","random","dynamic",0.272049697264509,0.727950302735491,0,0.727950302735491,0.84833027763666,11
1677,21,11,"random","skewed","random","calendar",0.272049697264509,0.727950302735492,0,0.727950302735492,0.84833027763666,11
1677,21,11,"random","skewed","random","stacked",0.552335279122351,0.447664720877649,0,0.447664720877649,0.780172541067144,11
1678,21,11,"random","skewed","random","simple",0.26625386996904,0.73374613003096,0,0.263157894736842,1.5313674842078,11
1678,21,11,"random","skewed","random","group",0.458333333333333,0.541666666666667,0,0.208333333333333,1.5313674842078,11
1678,21,11,"random","skewed","random","dynamic",0.231215150139122,0.768784849860878,0,0.255200650756208,1.5313674842078,11
1678,21,11,"random","skewed","random","calendar",0.231215150139122,0.768784849860878,0,0.255200650756208,1.5313674842078,11
1678,21,11,"random","skewed","random","stacked",0.569357733397602,0.430642266602399,0,0.227788402416411,0.662604854918761,11
1679,21,11,"random","skewed","random","simple",0.526479750778816,0.473520249221184,0,0,1.5313674842078,11
1679,21,11,"random","skewed","random","group",0.666666666666667,0.333333333333333,0,0,1.5313674842078,11
1679,21,11,"random","skewed","random","dynamic",0.434176418775182,0.565823581224818,0,0,1.5313674842078,11
1679,21,11,"random","skewed","random","calendar",0.434176418775182,0.565823581224818,0,0,1.5313674842078,11
1679,21,11,"random","skewed","random","stacked",0.835942661683815,0.164057338316185,0,0,1.4083322179545,11
1680,21,11,"random","skewed","random","simple",0.320474777448071,0.679525222551929,0,0.679525222551929,0.84833027763666,11
1680,21,11,"random","skewed","random","group",0.458333333333333,0.541666666666667,0,0.541666666666667,0.84833027763666,11
1680,21,11,"random","skewed","random","dynamic",0.28687760338246,0.71312239661754,0,0.71312239661754,0.84833027763666,11
1680,21,11,"random","skewed","random","calendar",0.28687760338246,0.71312239661754,0,0.71312239661754,0.84833027763666,11
1680,21,11,"random","skewed","random","stacked",0.565536131974895,0.434463868025105,0,0.434463868025105,0.780172541067144,11
1681,21,11,"random","skewed","random","simple",0.337423312883436,0.662576687116564,0,0.662576687116564,0.570742777277959,11
1681,21,11,"random","skewed","random","group",0.458333333333333,0.541666666666667,0,0.541666666666667,0.570742777277959,11
1681,21,11,"random","skewed","random","dynamic",0.310326185218598,0.689673814781402,0,0.689673814781402,0.570742777277959,11
1681,21,11,"random","skewed","random","calendar",0.310326185218598,0.689673814781402,0,0.689673814781402,0.570742777277959,11
1681,21,11,"random","skewed","random","stacked",0.505934214152408,0.494065785847592,0,0.494065785847592,0.524887363545659,11
1682,21,11,"random","skewed","random","simple",0.761194029850746,0.238805970149254,0,0.238805970149254,0.517509584468528,11
1682,21,11,"random","skewed","random","group",0.791666666666667,0.208333333333333,0,0.208333333333333,0.517509584468528,11
1682,21,11,"random","skewed","random","dynamic",0.782917601992764,0.217082398007236,0,0.217082398007236,0.517509584468528,11
1682,21,11,"random","skewed","random","calendar",0.782917601992764,0.217082398007236,0,0.217082398007236,0.517509584468528,11
1682,21,11,"random","skewed","random","stacked",0.73074847865968,0.26925152134032,0,0.26925152134032,0.490220783522322,11
1683,21,11,"random","skewed","random","simple",0.618918918918919,0.381081081081081,0,0.137837837837838,1.03969471120323,11
1683,21,11,"random","skewed","random","group",0.666666666666667,0.333333333333333,0,0.125,1.03969471120323,11
1683,21,11,"random","skewed","random","dynamic",0.636715069752491,0.363284930247509,0,0.129020310381278,1.03969471120323,11
1683,21,11,"random","skewed","random","calendar",0.636715069752491,0.363284930247509,0,0.129020310381278,1.03969471120323,11
1683,21,11,"random","skewed","random","stacked",0.639281007029261,0.360718992970739,0,0.360718992970739,0.98487056326405,11
1684,21,11,"random","skewed","random","simple",0.29757785467128,0.70242214532872,0,0.70242214532872,0.42225765384893,11
1684,21,11,"random","skewed","random","group",0.458333333333333,0.541666666666667,0,0.541666666666667,0.42225765384893,11
1684,21,11,"random","skewed","random","dynamic",0.265359422494468,0.734640577505532,0,0.734640577505532,0.42225765384893,11
1684,21,11,"random","skewed","random","calendar",0.265359422494468,0.734640577505532,0,0.734640577505532,0.42225765384893,11
1684,21,11,"random","skewed","random","stacked",0.461020755323746,0.538979244676254,0,0.538979244676254,0.388332039386984,11
1685,21,11,"random","skewed","random","simple",0.764150943396226,0.235849056603774,0,0.235849056603774,0.405560618505449,11
1685,21,11,"random","skewed","random","group",0.791666666666667,0.208333333333333,0,0.208333333333333,0.405560618505449,11
1685,21,11,"random","skewed","random","dynamic",0.790603640154808,0.209396359845192,0,0.209396359845192,0.405560618505449,11
1685,21,11,"random","skewed","random","calendar",0.790603640154808,0.209396359845192,0,0.209396359845192,0.405560618505449,11
1685,21,11,"random","skewed","random","stacked",0.707316510948013,0.292683489051987,0,0.292683489051987,0.384174999142706,11
1686,21,11,"random","skewed","random","simple",0.195054945054945,0.804945054945055,0,0.14010989010989,1.5313674842078,11
1686,21,11,"random","skewed","random","group",0.333333333333333,0.666666666666667,0,0.125,1.03969471120323,11
1686,21,11,"random","skewed","random","dynamic",0.173942858140632,0.826057141859368,0,0.135148871993368,1.5313674842078,11
1686,21,11,"random","skewed","random","calendar",0.173942858140632,0.826057141859368,0,0.135148871993368,1.5313674842078,11
1686,21,11,"random","skewed","random","stacked",0.475168130872281,0.524831869127719,0,0.320401724278208,0.98487056326405,11
1687,21,11,"random","skewed","random","simple",0.730878186968839,0.269121813031161,0,0,1.87680991261445,11
1687,21,11,"random","skewed","random","group",0.791666666666667,0.208333333333333,0,0,1.87680991261445,11
1687,21,11,"random","skewed","random","dynamic",0.730133953108108,0.269866046891892,0,0,1.87680991261445,11
1687,21,11,"random","skewed","random","calendar",0.730133953108108,0.269866046891892,0,0,1.87680991261445,11
1687,21,11,"random","skewed","random","stacked",0.83886880288423,0.16113119711577,0,0,1.77784383805991,11
1688,21,11,"random","skewed","random","simple",0.603723404255319,0.396276595744681,0,0,1.87680991261445,11
1688,21,11,"random","skewed","random","group",0.666666666666667,0.333333333333333,0,0,1.87680991261445,11
1688,21,11,"random","skewed","random","dynamic",0.610772795054663,0.389227204945337,0,0,1.87680991261445,11
1688,21,11,"random","skewed","random","calendar",0.610772795054664,0.389227204945337,0,0,1.87680991261445,11
1688,21,11,"random","skewed","random","stacked",0.686747136324872,0.313252863675128,0,0,1.77784383805991,11
1689,21,11,"random","skewed","random","simple",0.605820105820106,0.394179894179894,0,0,1.87680991261445,11
1689,21,11,"random","skewed","random","group",0.666666666666667,0.333333333333333,0,0,1.87680991261445,11
1689,21,11,"random","skewed","random","dynamic",0.612186837406921,0.387813162593079,0,0,1.87680991261445,11
1689,21,11,"random","skewed","random","calendar",0.612186837406921,0.387813162593079,0,0,1.87680991261445,11
1689,21,11,"random","skewed","random","stacked",0.698597977645063,0.301402022354937,0,0,1.77784383805991,11
1690,21,11,"random","skewed","random","simple",0.290322580645161,0.709677419354839,0,0,1.5313674842078,11
1690,21,11,"random","skewed","random","group",0.458333333333333,0.541666666666667,0,0,1.5313674842078,11
1690,21,11,"random","skewed","random","dynamic",0.257442072719949,0.742557927280051,0,0,1.5313674842078,11
1690,21,11,"random","skewed","random","calendar",0.257442072719949,0.742557927280051,0,0,1.5313674842078,11
1690,21,11,"random","skewed","random","stacked",0.615316142736286,0.384683857263714,0,0.181333514650899,1.4083322179545,11
1691,21,11,"random","skewed","random","simple",0.314984709480122,0.685015290519878,0,0.685015290519878,0.84833027763666,11
1691,21,11,"random","skewed","random","group",0.458333333333333,0.541666666666667,0,0.541666666666667,0.84833027763666,11
1691,21,11,"random","skewed","random","dynamic",0.277947606860202,0.722052393139798,0,0.722052393139798,0.84833027763666,11
1691,21,11,"random","skewed","random","calendar",0.277947606860202,0.722052393139798,0,0.722052393139798,0.84833027763666,11
1691,21,11,"random","skewed","random","stacked",0.536861907861112,0.463138092138888,0,0.463138092138888,0.780172541067144,11
1692,21,11,"random","skewed","random","simple",0.220744680851064,0.779255319148936,0,0.13563829787234,1.5313674842078,11
1692,21,11,"random","skewed","random","group",0.333333333333333,0.666666666666667,0,0.125,1.03969471120323,11
1692,21,11,"random","skewed","random","dynamic",0.195699250287599,0.804300749712401,0,0.131069548465812,1.5313674842078,11
1692,21,11,"random","skewed","random","calendar",0.195699250287599,0.804300749712401,0,0.131069548465812,1.5313674842078,11
1692,21,11,"random","skewed","random","stacked",0.501559227008464,0.498440772991537,0,0.304290368994699,0.98487056326405,11
1693,21,11,"random","skewed","random","simple",0.599462365591398,0.400537634408602,0,0,1.87680991261445,11
1693,21,11,"random","skewed","random","group",0.666666666666667,0.333333333333333,0,0,1.87680991261445,11
1693,21,11,"random","skewed","random","dynamic",0.604703700750275,0.395296299249725,0,0,1.87680991261445,11
1693,21,11,"random","skewed","random","calendar",0.604703700750275,0.395296299249725,0,0,1.87680991261445,11
1693,21,11,"random","skewed","random","stacked",0.703191546471668,0.296808453528332,0,0,1.77784383805991,11
1694,21,11,"random","skewed","random","simple",0.277591973244147,0.722408026755853,0,0.722408026755853,0.570742777277959,11
1694,21,11,"random","skewed","random","group",0.458333333333333,0.541666666666667,0,0.541666666666667,0.570742777277959,11
1694,21,11,"random","skewed","random","dynamic",0.239135886756796,0.760864113243204,0,0.760864113243204,0.570742777277959,11
1694,21,11,"random","skewed","random","calendar",0.239135886756796,0.760864113243204,0,0.760864113243204,0.570742777277959,11
1694,21,11,"random","skewed","random","stacked",0.497952172445382,0.502047827554618,0,0.502047827554618,0.524887363545659,11
1695,21,11,"random","skewed","random","simple",0.614775725593668,0.385224274406332,0,0.134564643799472,1.87680991261445,11
1695,21,11,"random","skewed","random","group",0.666666666666667,0.333333333333333,0,0.125,1.87680991261445,11
1695,21,11,"random","skewed","random","dynamic",0.620442121331205,0.379557878668795,0,0.127911127577721,1.87680991261445,11
1695,21,11,"random","skewed","random","calendar",0.620442121331205,0.379557878668795,0,0.127911127577721,1.87680991261445,11
1695,21,11,"random","skewed","random","stacked",0.693636231031816,0.306363768968184,0,0.158830239475697,0.854271745308325,11
1696,21,11,"random","skewed","random","simple",0.270769230769231,0.729230769230769,0,0.261538461538462,1.5313674842078,11
1696,21,11,"random","skewed","random","group",0.458333333333333,0.541666666666667,0,0.208333333333333,1.5313674842078,11
1696,21,11,"random","skewed","random","dynamic",0.236246109891444,0.763753890108556,0,0.253265666236084,1.5313674842078,11
1696,21,11,"random","skewed","random","calendar",0.236246109891444,0.763753890108556,0,0.253265666236084,1.5313674842078,11
1696,21,11,"random","skewed","random","stacked",0.56877680886313,0.431223191136871,0,0.228095682685661,0.662604854918761,11
1697,21,11,"random","skewed","random","simple",0.609947643979058,0.390052356020942,0,0,1.87680991261445,11
1697,21,11,"random","skewed","random","group",0.666666666666667,0.333333333333333,0,0,1.87680991261445,11
1697,21,11,"random","skewed","random","dynamic",0.615370286225045,0.384629713774955,0,0,1.87680991261445,11
1697,21,11,"random","skewed","random","calendar",0.615370286225045,0.384629713774955,0,0,1.87680991261445,11
1697,21,11,"random","skewed","random","stacked",0.709584833487154,0.290415166512846,0,0,1.77784383805991,11
1698,21,11,"random","skewed","random","simple",0.771341463414634,0.228658536585366,0,0.228658536585366,0.405560618505449,11
1698,21,11,"random","skewed","random","group",0.791666666666667,0.208333333333333,0,0.208333333333333,0.405560618505449,11
1698,21,11,"random","skewed","random","dynamic",0.799154712779107,0.200845287220893,0,0.200845287220893,0.405560618505449,11
1698,21,11,"random","skewed","random","calendar",0.799154712779107,0.200845287220893,0,0.200845287220893,0.405560618505449,11
1698,21,11,"random","skewed","random","stacked",0.712588001339769,0.287411998660231,0,0.287411998660231,0.384174999142706,11
1699,21,11,"random","skewed","random","simple",0.743589743589744,0.256410256410256,0,0,1.03969471120323,11
1699,21,11,"random","skewed","random","group",0.791666666666667,0.208333333333333,0,0,1.03969471120323,11
1699,21,11,"random","skewed","random","dynamic",0.750528938025152,0.249471061974848,0,0,1.03969471120323,11
1699,21,11,"random","skewed","random","calendar",0.750528938025152,0.249471061974848,0,0,1.03969471120323,11
1699,21,11,"random","skewed","random","stacked",0.796306221796342,0.203693778203658,0,0.203693778203658,0.98487056326405,11
1700,21,11,"random","skewed","random","simple",0.306501547987616,0.693498452012384,0,0.693498452012384,0.84833027763666,11
1700,21,11,"random","skewed","random","group",0.458333333333333,0.541666666666667,0,0.541666666666667,0.84833027763666,11
1700,21,11,"random","skewed","random","dynamic",0.272471162146758,0.727528837853242,0,0.727528837853242,0.84833027763666,11
1700,21,11,"random","skewed","random","calendar",0.272471162146758,0.727528837853242,0,0.727528837853242,0.84833027763666,11
1700,21,11,"random","skewed","random","stacked",0.5201779879577,0.4798220120423,0,0.4798220120423,0.780172541067144,11
1701,21,11,"random","skewed","random","simple",0.621761658031088,0.378238341968912,0,0.132124352331606,1.87680991261445,11
1701,21,11,"random","skewed","random","group",0.666666666666667,0.333333333333333,0,0.125,1.87680991261445,11
1701,21,11,"random","skewed","random","dynamic",0.628528612844806,0.371471387155194,0,0.124878693260121,1.87680991261445,11
1701,21,11,"random","skewed","random","calendar",0.628528612844806,0.371471387155194,0,0.124878693260121,1.87680991261445,11
1701,21,11,"random","skewed","random","stacked",0.688282507899936,0.311717492100064,0,0.161605806345066,0.854271745308325,11
1702,21,11,"random","skewed","random","simple",0.296511627906977,0.703488372093023,0,0,1.5313674842078,11
1702,21,11,"random","skewed","random","group",0.458333333333333,0.541666666666667,0,0,1.5313674842078,11
1702,21,11,"random","skewed","random","dynamic",0.25781704163021,0.74218295836979,0,0,1.5313674842078,11
1702,21,11,"random","skewed","random","calendar",0.25781704163021,0.74218295836979,0,0,1.5313674842078,11
1702,21,11,"random","skewed","random","stacked",0.632662644951224,0.367337355048776,0,0.173156664611211,1.4083322179545,11
1703,21,11,"random","skewed","random","simple",0.509677419354839,0.490322580645161,0,0,1.5313674842078,11
1703,21,11,"random","skewed","random","group",0.666666666666667,0.333333333333333,0,0,1.5313674842078,11
1703,21,11,"random","skewed","random","dynamic",0.423098447902381,0.576901552097619,0,0,1.5313674842078,11
1703,21,11,"random","skewed","random","calendar",0.423098447902381,0.576901552097619,0,0,1.5313674842078,11
1703,21,11,"random","skewed","random","stacked",0.826290520147311,0.173709479852689,0,0,1.4083322179545,11
1704,21,11,"random","skewed","random","simple",0.310541310541311,0.689458689458689,0,0,1.5313674842078,11
1704,21,11,"random","skewed","random","group",0.458333333333333,0.541666666666667,0,0,1.5313674842078,11
1704,21,11,"random","skewed","random","dynamic",0.282429180618265,0.717570819381735,0,0,1.5313674842078,11
1704,21,11,"random","skewed","random","calendar",0.282429180618265,0.717570819381735,0,0,1.5313674842078,11
1704,21,11,"random","skewed","random","stacked",0.603559503253822,0.396440496746178,0,0.186875397206104,1.4083322179545,11
1705,21,11,"random","skewed","random","simple",0.28476821192053,0.71523178807947,0,0.71523178807947,0.570742777277959,11
1705,21,11,"random","skewed","random","group",0.458333333333333,0.541666666666667,0,0.541666666666667,0.570742777277959,11
1705,21,11,"random","skewed","random","dynamic",0.249750044700675,0.750249955299325,0,0.750249955299325,0.570742777277959,11
1705,21,11,"random","skewed","random","calendar",0.249750044700675,0.750249955299325,0,0.750249955299325,0.570742777277959,11
1705,21,11,"random","skewed","random","stacked",0.496882318237717,0.503117681762283,0,0.503117681762283,0.524887363545659,11
1706,21,11,"random","skewed","random","simple",0.210242587601078,0.789757412398922,0,0.137466307277628,1.5313674842078,11
1706,21,11,"random","skewed","random","group",0.333333333333333,0.666666666666667,0,0.125,1.03969471120323,11
1706,21,11,"random","skewed","random","dynamic",0.189283898406753,0.810716101593247,0,0.132272426943471,1.5313674842078,11
1706,21,11,"random","skewed","random","calendar",0.189283898406753,0.810716101593247,0,0.132272426943471,1.5313674842078,11
1706,21,11,"random","skewed","random","stacked",0.478002832795267,0.521997167204733,0,0.318671182675525,0.98487056326405,11
1707,21,11,"random","skewed","random","simple",0.618918918918919,0.381081081081081,0,0.137837837837838,1.03969471120323,11
1707,21,11,"random","skewed","random","group",0.666666666666667,0.333333333333333,0,0.125,1.03969471120323,11
1707,21,11,"random","skewed","random","dynamic",0.637640208686783,0.362359791313217,0,0.128673383280918,1.03969471120323,11
1707,21,11,"random","skewed","random","calendar",0.637640208686783,0.362359791313217,0,0.128673383280918,1.03969471120323,11
1707,21,11,"random","skewed","random","stacked",0.621945811908018,0.378054188091982,0,0.378054188091982,0.98487056326405,11
1708,21,11,"random","skewed","random","simple",0.304597701149425,0.695402298850575,0,0,1.5313674842078,11
1708,21,11,"random","skewed","random","group",0.458333333333333,0.541666666666667,0,0,1.5313674842078,11
1708,21,11,"random","skewed","random","dynamic",0.274144894801851,0.725855105198149,0,0,1.5313674842078,11
1708,21,11,"random","skewed","random","calendar",0.274144894801851,0.725855105198149,0,0,1.5313674842078,11
1708,21,11,"random","skewed","random","stacked",0.615855829175313,0.384144170824687,0,0.181079115520418,1.4083322179545,11
1709,21,11,"random","skewed","random","simple",0.76123595505618,0.23876404494382,0,0.23876404494382,0.699489647648167,11
1709,21,11,"random","skewed","random","group",0.791666666666667,0.208333333333333,0,0.208333333333333,0.699489647648167,11
1709,21,11,"random","skewed","random","dynamic",0.774409662563771,0.225590337436229,0,0.225590337436229,0.699489647648167,11
1709,21,11,"random","skewed","random","calendar",0.774409662563772,0.225590337436228,0,0.225590337436228,0.699489647648167,11
1709,21,11,"random","skewed","random","stacked",0.77544032738444,0.22455967261556,0,0.22455967261556,0.662604854918761,11
1710,21,11,"random","skewed","random","simple",0.619946091644205,0.380053908355795,0,0.137466307277628,1.03969471120323,11
1710,21,11,"random","skewed","random","group",0.666666666666667,0.333333333333333,0,0.125,1.03969471120323,11
1710,21,11,"random","skewed","random","dynamic",0.638064620875901,0.361935379124099,0,0.128514228709999,1.03969471120323,11
1710,21,11,"random","skewed","random","calendar",0.638064620875901,0.361935379124099,0,0.128514228709999,1.03969471120323,11
1710,21,11,"random","skewed","random","stacked",0.631393412926232,0.368606587073768,0,0.368606587073768,0.98487056326405,11
1711,21,11,"random","skewed","random","simple",0.627551020408163,0.372448979591837,0,0.130102040816327,1.87680991261445,11
1711,21,11,"random","skewed","random","group",0.666666666666667,0.333333333333333,0,0.125,1.87680991261445,11
1711,21,11,"random","skewed","random","dynamic",0.633497292779161,0.366502707220839,0,0.123015438284738,1.87680991261445,11
1711,21,11,"random","skewed","random","calendar",0.633497292779161,0.366502707220839,0,0.123015438284738,1.87680991261445,11
1711,21,11,"random","skewed","random","stacked",0.698346123159353,0.301653876840647,0,0.156388458265599,0.854271745308325,11
1712,21,11,"random","skewed","random","simple",0.609947643979058,0.390052356020942,0,0,1.87680991261445,11
1712,21,11,"random","skewed","random","group",0.666666666666667,0.333333333333333,0,0,1.87680991261445,11
1712,21,11,"random","skewed","random","dynamic",0.613782984637743,0.386217015362257,0,0,1.87680991261445,11
1712,21,11,"random","skewed","random","calendar",0.613782984637743,0.386217015362257,0,0,1.87680991261445,11
1712,21,11,"random","skewed","random","stacked",0.724207833748328,0.275792166251672,0,0,1.77784383805991,11
1713,21,11,"random","skewed","random","simple",0.780058651026393,0.219941348973607,0,0.219941348973607,0.405560618505449,11
1713,21,11,"random","skewed","random","group",0.791666666666667,0.208333333333333,0,0.208333333333333,0.405560618505449,11
1713,21,11,"random","skewed","random","dynamic",0.807587252461647,0.192412747538353,0,0.192412747538353,0.405560618505449,11
1713,21,11,"random","skewed","random","calendar",0.807587252461647,0.192412747538353,0,0.192412747538353,0.405560618505449,11
1713,21,11,"random","skewed","random","stacked",0.728290700673822,0.271709299326178,0,0.271709299326178,0.384174999142706,11
1714,21,11,"random","skewed","random","simple",0.611979166666667,0.388020833333333,0,0,1.87680991261445,11
1714,21,11,"random","skewed","random","group",0.666666666666667,0.333333333333333,0,0,1.87680991261445,11
1714,21,11,"random","skewed","random","dynamic",0.618594803963629,0.381405196036371,0,0,1.87680991261445,11
1714,21,11,"random","skewed","random","calendar",0.618594803963629,0.381405196036371,0,0,1.87680991261445,11
1714,21,11,"random","skewed","random","stacked",0.700656997592441,0.299343002407559,0,0,1.77784383805991,11
1715,21,11,"random","skewed","random","simple",0.292537313432836,0.707462686567164,0,0.253731343283582,1.5313674842078,11
1715,21,11,"random","skewed","random","group",0.458333333333333,0.541666666666667,0,0.208333333333333,1.5313674842078,11
1715,21,11,"random","skewed","random","dynamic",0.257418008937304,0.742581991062696,0,0.245122628141523,1.5313674842078,11
1715,21,11,"random","skewed","random","calendar",0.257418008937304,0.742581991062696,0,0.245122628141523,1.5313674842078,11
1715,21,11,"random","skewed","random","stacked",0.58395281596616,0.41604718403384,0,0.220068327543926,0.662604854918761,11
1716,21,11,"random","skewed","random","simple",0.319354838709677,0.680645161290323,0,0.680645161290323,0.570742777277959,11
1716,21,11,"random","skewed","random","group",0.458333333333333,0.541666666666667,0,0.541666666666667,0.570742777277959,11
1716,21,11,"random","skewed","random","dynamic",0.282385276969201,0.717614723030799,0,0.717614723030799,0.570742777277959,11
1716,21,11,"random","skewed","random","calendar",0.282385276969201,0.717614723030799,0,0.717614723030799,0.570742777277959,11
1716,21,11,"random","skewed","random","stacked",0.492464590613344,0.507535409386656,0,0.507535409386656,0.524887363545659,11
1717,21,11,"random","skewed","random","simple",0.618918918918919,0.381081081081081,0,0.137837837837838,1.03969471120323,11
1717,21,11,"random","skewed","random","group",0.666666666666667,0.333333333333333,0,0.125,1.03969471120323,11
1717,21,11,"random","skewed","random","dynamic",0.634519662222583,0.365480337777417,0,0.129843588204993,1.03969471120323,11
1717,21,11,"random","skewed","random","calendar",0.634519662222583,0.365480337777417,0,0.129843588204993,1.03969471120323,11
1717,21,11,"random","skewed","random","stacked",0.658094195269804,0.341905804730196,0,0.341905804730196,0.98487056326405,11
1718,21,11,"random","skewed","random","simple",0.212365591397849,0.787634408602151,0,0.137096774193548,1.5313674842078,11
1718,21,11,"random","skewed","random","group",0.333333333333333,0.666666666666667,0,0.125,1.03969471120323,11
1718,21,11,"random","skewed","random","dynamic",0.19134681460276,0.80865318539724,0,0.131885630156719,1.5313674842078,11
1718,21,11,"random","skewed","random","calendar",0.19134681460276,0.80865318539724,0,0.131885630156719,1.5313674842078,11
1718,21,11,"random","skewed","random","stacked",0.473739203105356,0.526260796894644,0,0.321274062539893,0.98487056326405,11
1719,21,11,"random","skewed","random","simple",0.750692520775623,0.249307479224377,0,0,1.03969471120323,11
1719,21,11,"random","skewed","random","group",0.791666666666667,0.208333333333333,0,0,1.03969471120323,11
1719,21,11,"random","skewed","random","dynamic",0.756170606401122,0.243829393598878,0,0,1.03969471120323,11
1719,21,11,"random","skewed","random","calendar",0.756170606401122,0.243829393598878,0,0,1.03969471120323,11
1719,21,11,"random","skewed","random","stacked",0.810131476110466,0.189868523889534,0,0.189868523889534,0.98487056326405,11
1720,21,11,"random","skewed","random","simple",0.742857142857143,0.257142857142857,0,0,1.03969471120323,11
1720,21,11,"random","skewed","random","group",0.791666666666667,0.208333333333333,0,0,1.03969471120323,11
1720,21,11,"random","skewed","random","dynamic",0.748294341266562,0.251705658733438,0,0,1.03969471120323,11
1720,21,11,"random","skewed","random","calendar",0.748294341266562,0.251705658733438,0,0,1.03969471120323,11
1720,21,11,"random","skewed","random","stacked",0.801415297014726,0.198584702985274,0,0.198584702985274,0.98487056326405,11
1721,21,11,"random","skewed","random","simple",0.752906976744186,0.247093023255814,0,0.247093023255814,0.699489647648167,11
1721,21,11,"random","skewed","random","group",0.791666666666667,0.208333333333333,0,0.208333333333333,0.699489647648167,11
1721,21,11,"random","skewed","random","dynamic",0.769355510489496,0.230644489510504,0,0.230644489510504,0.699489647648167,11
1721,21,11,"random","skewed","random","calendar",0.769355510489496,0.230644489510504,0,0.230644489510504,0.699489647648167,11
1721,21,11,"random","skewed","random","stacked",0.744199986057644,0.255800013942355,0,0.255800013942355,0.662604854918761,11
1722,21,11,"random","skewed","random","simple",0.746268656716418,0.253731343283582,0,0.253731343283582,0.699489647648167,11
1722,21,11,"random","skewed","random","group",0.791666666666667,0.208333333333333,0,0.208333333333333,0.699489647648167,11
1722,21,11,"random","skewed","random","dynamic",0.756999660658885,0.243000339341115,0,0.243000339341115,0.699489647648167,11
1722,21,11,"random","skewed","random","calendar",0.756999660658885,0.243000339341115,0,0.243000339341115,0.699489647648167,11
1722,21,11,"random","skewed","random","stacked",0.769923069936445,0.230076930063555,0,0.230076930063555,0.662604854918761,11
1723,21,11,"random","skewed","random","simple",0.165242165242165,0.834757834757835,0,0.145299145299145,1.5313674842078,11
1723,21,11,"random","skewed","random","group",0.333333333333333,0.666666666666667,0,0.125,1.03969471120323,11
1723,21,11,"random","skewed","random","dynamic",0.145248314764648,0.854751685235352,0,0.140529098876365,1.5313674842078,11
1723,21,11,"random","skewed","random","calendar",0.145248314764648,0.854751685235352,0,0.140529098876365,1.5313674842078,11
1723,21,11,"random","skewed","random","stacked",0.452884843475333,0.547115156524667,0,0.334005325973424,0.98487056326405,11
1724,21,11,"random","skewed","random","simple",0.351351351351351,0.648648648648649,0,0.648648648648649,0.570742777277959,11
1724,21,11,"random","skewed","random","group",0.458333333333333,0.541666666666667,0,0.541666666666667,0.570742777277959,11
1724,21,11,"random","skewed","random","dynamic",0.321838967989289,0.678161032010711,0,0.678161032010711,0.570742777277959,11
1724,21,11,"random","skewed","random","calendar",0.321838967989289,0.678161032010711,0,0.678161032010711,0.570742777277959,11
1724,21,11,"random","skewed","random","stacked",0.524009375538822,0.475990624461178,0,0.475990624461178,0.524887363545659,11
1725,21,11,"random","skewed","random","simple",0.286135693215339,0.713864306784661,0,0,1.5313674842078,11
1725,21,11,"random","skewed","random","group",0.458333333333333,0.541666666666667,0,0,1.5313674842078,11
1725,21,11,"random","skewed","random","dynamic",0.25876758385499,0.74123241614501,0,0,1.5313674842078,11
1725,21,11,"random","skewed","random","calendar",0.25876758385499,0.74123241614501,0,0,1.5313674842078,11
1725,21,11,"random","skewed","random","stacked",0.593373075260241,0.406626924739759,0,0.191677108416326,1.4083322179545,11
1726,21,11,"random","skewed","random","simple",0.52317880794702,0.47682119205298,0,0.47682119205298,0.84833027763666,11
1726,21,11,"random","skewed","random","group",0.666666666666667,0.333333333333333,0,0.333333333333333,0.84833027763666,11
1726,21,11,"random","skewed","random","dynamic",0.444916455229642,0.555083544770358,0,0.555083544770358,0.84833027763666,11
1726,21,11,"random","skewed","random","calendar",0.444916455229642,0.555083544770358,0,0.555083544770358,0.84833027763666,11
1726,21,11,"random","skewed","random","stacked",0.774340420354383,0.225659579645617,0,0.225659579645617,0.780172541067144,11
1727,21,11,"random","skewed","random","simple",0.741641337386018,0.258358662613982,0,0.258358662613982,0.699489647648167,11
1727,21,11,"random","skewed","random","group",0.791666666666667,0.208333333333333,0,0.208333333333333,0.699489647648167,11
1727,21,11,"random","skewed","random","dynamic",0.754611507287675,0.245388492712325,0,0.245388492712325,0.699489647648167,11
1727,21,11,"random","skewed","random","calendar",0.754611507287675,0.245388492712325,0,0.245388492712325,0.699489647648167,11
1727,21,11,"random","skewed","random","stacked",0.754212454740825,0.245787545259175,0,0.245787545259175,0.662604854918761,11
1728,21,11,"random","skewed","random","simple",0.602179836512262,0.397820163487738,0,0.138964577656676,1.87680991261445,11
1728,21,11,"random","skewed","random","group",0.666666666666667,0.333333333333333,0,0.125,1.87680991261445,11
1728,21,11,"random","skewed","random","dynamic",0.608330501702423,0.391669498297577,0,0.132452984938515,1.87680991261445,11
1728,21,11,"random","skewed","random","calendar",0.608330501702423,0.391669498297577,0,0.132452984938515,1.87680991261445,11
1728,21,11,"random","skewed","random","stacked",0.678580729950583,0.321419270049417,0,0.166635564662199,0.854271745308325,11
1729,21,11,"random","skewed","random","simple",0.73134328358209,0.26865671641791,0,0,1.03969471120323,11
1729,21,11,"random","skewed","random","group",0.791666666666667,0.208333333333333,0,0,1.03969471120323,11
1729,21,11,"random","skewed","random","dynamic",0.736111732208953,0.263888267791048,0,0,1.03969471120323,11
1729,21,11,"random","skewed","random","calendar",0.736111732208953,0.263888267791047,0,0,1.03969471120323,11
1729,21,11,"random","skewed","random","stacked",0.795352352290631,0.204647647709369,0,0.204647647709369,0.98487056326405,11
1730,21,11,"random","skewed","random","simple",0.307017543859649,0.692982456140351,0,0.248538011695906,1.5313674842078,11
1730,21,11,"random","skewed","random","group",0.458333333333333,0.541666666666667,0,0.208333333333333,1.5313674842078,11
1730,21,11,"random","skewed","random","dynamic",0.26474720682546,0.73525279317454,0,0.242303705876847,1.5313674842078,11
1730,21,11,"random","skewed","random","calendar",0.26474720682546,0.73525279317454,0,0.242303705876847,1.5313674842078,11
1730,21,11,"random","skewed","random","stacked",0.611253843719443,0.388746156280557,0,0.205627437788002,0.662604854918761,11
1731,21,11,"random","skewed","random","simple",0.610966057441253,0.389033942558747,0,0,1.87680991261445,11
1731,21,11,"random","skewed","random","group",0.666666666666667,0.333333333333333,0,0,1.87680991261445,11
1731,21,11,"random","skewed","random","dynamic",0.616293280760908,0.383706719239092,0,0,1.87680991261445,11
1731,21,11,"random","skewed","random","calendar",0.616293280760908,0.383706719239092,0,0,1.87680991261445,11
1731,21,11,"random","skewed","random","stacked",0.713384057607105,0.286615942392895,0,0,1.77784383805991,11
1732,21,11,"random","skewed","random","simple",0.605820105820106,0.394179894179894,0,0,1.87680991261445,11
1732,21,11,"random","skewed","random","group",0.666666666666667,0.333333333333333,0,0,1.87680991261445,11
1732,21,11,"random","skewed","random","dynamic",0.613270952212263,0.386729047787737,0,0,1.87680991261445,11
1732,21,11,"random","skewed","random","calendar",0.613270952212263,0.386729047787737,0,0,1.87680991261445,11
1732,21,11,"random","skewed","random","stacked",0.685058518141504,0.314941481858496,0,0,1.77784383805991,11
1733,21,11,"random","skewed","random","simple",0.619897959183674,0.380102040816326,0,0,1.87680991261445,11
1733,21,11,"random","skewed","random","group",0.666666666666667,0.333333333333333,0,0,1.87680991261445,11
1733,21,11,"random","skewed","random","dynamic",0.627221575107562,0.372778424892438,0,0,1.87680991261445,11
1733,21,11,"random","skewed","random","calendar",0.627221575107562,0.372778424892438,0,0,1.87680991261445,11
1733,21,11,"random","skewed","random","stacked",0.697035027492397,0.302964972507603,0,0,1.77784383805991,11
1734,21,11,"random","skewed","random","simple",0.605820105820106,0.394179894179894,0,0,1.87680991261445,11
1734,21,11,"random","skewed","random","group",0.666666666666667,0.333333333333333,0,0,1.87680991261445,11
1734,21,11,"random","skewed","random","dynamic",0.608629937911806,0.391370062088194,0,0,1.87680991261445,11
1734,21,11,"random","skewed","random","calendar",0.608629937911806,0.391370062088194,0,0,1.87680991261445,11
1734,21,11,"random","skewed","random","stacked",0.726787238218781,0.273212761781219,0,0,1.77784383805991,11
1735,21,11,"random","skewed","random","simple",0.290419161676647,0.709580838323353,0,0.254491017964072,1.5313674842078,11
1735,21,11,"random","skewed","random","group",0.458333333333333,0.541666666666667,0,0.208333333333333,1.5313674842078,11
1735,21,11,"random","skewed","random","dynamic",0.259618686068729,0.740381313931271,0,0.244276213860205,1.5313674842078,11
1735,21,11,"random","skewed","random","calendar",0.259618686068729,0.740381313931271,0,0.244276213860205,1.5313674842078,11
1735,21,11,"random","skewed","random","stacked",0.560500497196658,0.439499502803342,0,0.232473441114437,0.662604854918761,11
1736,21,11,"random","skewed","random","simple",0.506849315068493,0.493150684931507,0,0.493150684931507,0.84833027763666,11
1736,21,11,"random","skewed","random","group",0.666666666666667,0.333333333333333,0,0.333333333333333,0.84833027763666,11
1736,21,11,"random","skewed","random","dynamic",0.428392238705426,0.571607761294574,0,0.571607761294574,0.84833027763666,11
1736,21,11,"random","skewed","random","calendar",0.428392238705426,0.571607761294574,0,0.571607761294574,0.84833027763666,11
1736,21,11,"random","skewed","random","stacked",0.769472359762485,0.230527640237515,0,0.230527640237515,0.780172541067144,11
1737,21,11,"random","skewed","random","simple",0.292397660818713,0.707602339181286,0,0,1.5313674842078,11
1737,21,11,"random","skewed","random","group",0.458333333333333,0.541666666666667,0,0,1.5313674842078,11
1737,21,11,"random","skewed","random","dynamic",0.263366002772118,0.736633997227882,0,0,1.5313674842078,11
1737,21,11,"random","skewed","random","calendar",0.263366002772118,0.736633997227882,0,0,1.5313674842078,11
1737,21,11,"random","skewed","random","stacked",0.60520782910102,0.39479217089898,0,0.186098404063505,1.4083322179545,11
1738,21,11,"random","skewed","random","simple",0.307462686567164,0.692537313432836,0,0.238805970149254,1.5313674842078,11
1738,21,11,"random","skewed","random","group",0.458333333333333,0.541666666666667,0,0.208333333333333,1.5313674842078,11
1738,21,11,"random","skewed","random","dynamic",0.265992084500544,0.734007915499457,0,0.221581991791289,1.5313674842078,11
1738,21,11,"random","skewed","random","calendar",0.265992084500544,0.734007915499457,0,0.221581991791289,1.5313674842078,11
1738,21,11,"random","skewed","random","stacked",0.564826496952661,0.435173503047339,0,0.247686064760674,0.490220783522322,11
1739,21,11,"random","skewed","random","simple",0.613989637305699,0.386010362694301,0,0,1.87680991261445,11
1739,21,11,"random","skewed","random","group",0.666666666666667,0.333333333333333,0,0,1.87680991261445,11
1739,21,11,"random","skewed","random","dynamic",0.61788926483098,0.38211073516902,0,0,1.87680991261445,11
1739,21,11,"random","skewed","random","calendar",0.61788926483098,0.38211073516902,0,0,1.87680991261445,11
1739,21,11,"random","skewed","random","stacked",0.725503595425904,0.274496404574096,0,0,1.77784383805991,11
1740,21,11,"random","skewed","random","simple",0.725433526011561,0.274566473988439,0,0,1.87680991261445,11
1740,21,11,"random","skewed","random","group",0.791666666666667,0.208333333333333,0,0,1.87680991261445,11
1740,21,11,"random","skewed","random","dynamic",0.72167941744769,0.27832058255231,0,0,1.87680991261445,11
1740,21,11,"random","skewed","random","calendar",0.72167941744769,0.27832058255231,0,0,1.87680991261445,11
1740,21,11,"random","skewed","random","stacked",0.84865708205269,0.15134291794731,0,0,1.77784383805991,11
1741,21,11,"random","skewed","random","simple",0.308571428571429,0.691428571428571,0,0,1.5313674842078,11
1741,21,11,"random","skewed","random","group",0.458333333333333,0.541666666666667,0,0,1.5313674842078,11
1741,21,11,"random","skewed","random","dynamic",0.273659039837016,0.726340960162984,0,0,1.5313674842078,11
1741,21,11,"random","skewed","random","calendar",0.273659039837016,0.726340960162984,0,0,1.5313674842078,11
1741,21,11,"random","skewed","random","stacked",0.627879419616899,0.372120580383101,0,0.175411396762983,1.4083322179545,11
1742,21,11,"random","skewed","random","simple",0.73314606741573,0.26685393258427,0,0,1.87680991261445,11
1742,21,11,"random","skewed","random","group",0.791666666666667,0.208333333333333,0,0,1.87680991261445,11
1742,21,11,"random","skewed","random","dynamic",0.731036945884166,0.268963054115834,0,0,1.87680991261445,11
1742,21,11,"random","skewed","random","calendar",0.731036945884166,0.268963054115834,0,0,1.87680991261445,11
1742,21,11,"random","skewed","random","stacked",0.848916631456147,0.151083368543853,0,0,1.77784383805991,11
1743,21,11,"random","skewed","random","simple",0.25705329153605,0.74294670846395,0,0.266457680250784,1.5313674842078,11
1743,21,11,"random","skewed","random","group",0.458333333333333,0.541666666666667,0,0.208333333333333,1.5313674842078,11
1743,21,11,"random","skewed","random","dynamic",0.204674016603528,0.795325983396472,0,0.265408779039129,1.5313674842078,11
1743,21,11,"random","skewed","random","calendar",0.204674016603528,0.795325983396472,0,0.265408779039129,1.5313674842078,11
1743,21,11,"random","skewed","random","stacked",0.609791986602124,0.390208013397876,0,0.206400687705949,0.662604854918761,11
1744,21,11,"random","skewed","random","simple",0.291803278688525,0.708196721311475,0,0.708196721311475,0.570742777277959,11
1744,21,11,"random","skewed","random","group",0.458333333333333,0.541666666666667,0,0.541666666666667,0.570742777277959,11
1744,21,11,"random","skewed","random","dynamic",0.256618173789256,0.743381826210744,0,0.743381826210744,0.570742777277959,11
1744,21,11,"random","skewed","random","calendar",0.256618173789256,0.743381826210744,0,0.743381826210744,0.570742777277959,11
1744,21,11,"random","skewed","random","stacked",0.500104105833491,0.499895894166509,0,0.499895894166509,0.524887363545659,11
1745,21,11,"random","skewed","random","simple",0.610497237569061,0.389502762430939,0,0.140883977900552,1.03969471120323,11
1745,21,11,"random","skewed","random","group",0.666666666666667,0.333333333333333,0,0.125,1.03969471120323,11
1745,21,11,"random","skewed","random","dynamic",0.62765879347317,0.37234120652683,0,0.132416413986023,1.03969471120323,11
1745,21,11,"random","skewed","random","calendar",0.62765879347317,0.37234120652683,0,0.132416413986023,1.03969471120323,11
1745,21,11,"random","skewed","random","stacked",0.635942326488485,0.364057673511515,0,0.364057673511515,0.98487056326405,11
1746,21,11,"random","skewed","random","simple",0.332361516034985,0.667638483965015,0,0.667638483965015,0.84833027763666,11
1746,21,11,"random","skewed","random","group",0.458333333333333,0.541666666666667,0,0.541666666666667,0.84833027763666,11
1746,21,11,"random","skewed","random","dynamic",0.30352951287689,0.69647048712311,0,0.69647048712311,0.84833027763666,11
1746,21,11,"random","skewed","random","calendar",0.30352951287689,0.69647048712311,0,0.69647048712311,0.84833027763666,11
1746,21,11,"random","skewed","random","stacked",0.557526977354329,0.442473022645671,0,0.442473022645671,0.780172541067144,11
1747,21,11,"random","skewed","random","simple",0.312312312312312,0.687687687687688,0,0.687687687687688,0.84833027763666,11
1747,21,11,"random","skewed","random","group",0.458333333333333,0.541666666666667,0,0.541666666666667,0.84833027763666,11
1747,21,11,"random","skewed","random","dynamic",0.286470280312543,0.713529719687457,0,0.713529719687457,0.84833027763666,11
1747,21,11,"random","skewed","random","calendar",0.286470280312543,0.713529719687457,0,0.713529719687457,0.84833027763666,11
1747,21,11,"random","skewed","random","stacked",0.535530668743738,0.464469331256262,0,0.464469331256262,0.780172541067144,11
1748,21,11,"random","skewed","random","simple",0.181564245810056,0.818435754189944,0,0.142458100558659,1.5313674842078,11
1748,21,11,"random","skewed","random","group",0.333333333333333,0.666666666666667,0,0.125,1.03969471120323,11
1748,21,11,"random","skewed","random","dynamic",0.163495170293564,0.836504829706436,0,0.137107813464694,1.5313674842078,11
1748,21,11,"random","skewed","random","calendar",0.163495170293563,0.836504829706437,0,0.137107813464694,1.5313674842078,11
1748,21,11,"random","skewed","random","stacked",0.441825331400686,0.558174668599314,0,0.340756986737245,0.98487056326405,11
1749,21,11,"random","skewed","random","simple",0.743589743589744,0.256410256410256,0,0,1.03969471120323,11
1749,21,11,"random","skewed","random","group",0.791666666666667,0.208333333333333,0,0,1.03969471120323,11
1749,21,11,"random","skewed","random","dynamic",0.747080617283959,0.252919382716041,0,0,1.03969471120323,11
1749,21,11,"random","skewed","random","calendar",0.747080617283959,0.252919382716041,0,0,1.03969471120323,11
1749,21,11,"random","skewed","random","stacked",0.810914180963633,0.189085819036367,0,0.189085819036367,0.98487056326405,11
1750,21,11,"random","skewed","random","simple",0.619791666666667,0.380208333333333,0,0.1328125,1.87680991261445,11
1750,21,11,"random","skewed","random","group",0.666666666666667,0.333333333333333,0,0.125,1.87680991261445,11
1750,21,11,"random","skewed","random","dynamic",0.625834622968154,0.374165377031846,0,0.125888939463865,1.87680991261445,11
1750,21,11,"random","skewed","random","calendar",0.625834622968154,0.374165377031846,0,0.125888939463865,1.87680991261445,11
1750,21,11,"random","skewed","random","stacked",0.693157139966919,0.306842860033081,0,0.159078617894675,0.854271745308325,11
1751,21,11,"random","skewed","random","simple",0.599431818181818,0.400568181818182,0,0.144886363636364,1.03969471120323,11
1751,21,11,"random","skewed","random","group",0.666666666666667,0.333333333333333,0,0.125,1.03969471120323,11
1751,21,11,"random","skewed","random","dynamic",0.618454990739955,0.381545009260045,0,0.135867840010978,1.03969471120323,11
1751,21,11,"random","skewed","random","calendar",0.618454990739955,0.381545009260045,0,0.135867840010978,1.03969471120323,11
1751,21,11,"random","skewed","random","stacked",0.597440985963073,0.402559014036927,0,0.402559014036927,0.98487056326405,11
1752,21,11,"random","skewed","random","simple",0.275229357798165,0.724770642201835,0,0.259938837920489,1.5313674842078,11
1752,21,11,"random","skewed","random","group",0.458333333333333,0.541666666666667,0,0.208333333333333,1.5313674842078,11
1752,21,11,"random","skewed","random","dynamic",0.236451376670362,0.763548623329638,0,0.253186717474962,1.5313674842078,11
1752,21,11,"random","skewed","random","calendar",0.236451376670362,0.763548623329638,0,0.253186717474962,1.5313674842078,11
1752,21,11,"random","skewed","random","stacked",0.582827509942536,0.417172490057465,0,0.220663558623711,0.662604854918761,11
1753,21,11,"random","skewed","random","simple",0.514285714285714,0.485714285714286,0,0.485714285714286,0.570742777277959,11
1753,21,11,"random","skewed","random","group",0.666666666666667,0.333333333333333,0,0.333333333333333,0.570742777277959,11
1753,21,11,"random","skewed","random","dynamic",0.436049434585379,0.563950565414621,0,0.563950565414621,0.570742777277959,11
1753,21,11,"random","skewed","random","calendar",0.436049434585379,0.563950565414621,0,0.563950565414621,0.570742777277959,11
1753,21,11,"random","skewed","random","stacked",0.724657535545955,0.275342464454045,0,0.275342464454045,0.524887363545659,11
1754,21,11,"random","skewed","random","simple",0.341666666666667,0.658333333333333,0,0.236111111111111,1.5313674842078,11
1754,21,11,"random","skewed","random","group",0.458333333333333,0.541666666666667,0,0.208333333333333,1.5313674842078,11
1754,21,11,"random","skewed","random","dynamic",0.30380318009196,0.69619681990804,0,0.227282177697424,1.5313674842078,11
1754,21,11,"random","skewed","random","calendar",0.303803180091959,0.696196819908041,0,0.227282177697424,1.5313674842078,11
1754,21,11,"random","skewed","random","stacked",0.609372841507301,0.390627158492699,0,0.206622394674668,0.662604854918761,11
1755,21,11,"random","skewed","random","simple",0.339449541284404,0.660550458715596,0,0.660550458715596,0.570742777277959,11
1755,21,11,"random","skewed","random","group",0.458333333333333,0.541666666666667,0,0.541666666666667,0.570742777277959,11
1755,21,11,"random","skewed","random","dynamic",0.309779341767259,0.690220658232741,0,0.690220658232741,0.570742777277959,11
1755,21,11,"random","skewed","random","calendar",0.309779341767259,0.690220658232741,0,0.690220658232741,0.570742777277959,11
1755,21,11,"random","skewed","random","stacked",0.516641271880227,0.483358728119773,0,0.483358728119773,0.524887363545659,11
1756,21,11,"random","skewed","random","simple",0.332394366197183,0.667605633802817,0,0.23943661971831,1.5313674842078,11
1756,21,11,"random","skewed","random","group",0.458333333333333,0.541666666666667,0,0.208333333333333,1.5313674842078,11
1756,21,11,"random","skewed","random","dynamic",0.295752760700848,0.704247239299152,0,0.230378492847852,1.5313674842078,11
1756,21,11,"random","skewed","random","calendar",0.295752760700848,0.704247239299152,0,0.230378492847852,1.5313674842078,11
1756,21,11,"random","skewed","random","stacked",0.602573796356147,0.397426203643853,0,0.210218752378145,0.662604854918761,11
1757,21,11,"random","skewed","random","simple",0.76123595505618,0.23876404494382,0,0.23876404494382,0.699489647648167,11
1757,21,11,"random","skewed","random","group",0.791666666666667,0.208333333333333,0,0.208333333333333,0.699489647648167,11
1757,21,11,"random","skewed","random","dynamic",0.774325368305884,0.225674631694116,0,0.225674631694116,0.699489647648167,11
1757,21,11,"random","skewed","random","calendar",0.774325368305884,0.225674631694116,0,0.225674631694116,0.699489647648167,11
1757,21,11,"random","skewed","random","stacked",0.775141702024439,0.224858297975561,0,0.224858297975561,0.662604854918761,11
1758,21,11,"random","skewed","random","simple",0.609625668449198,0.390374331550802,0,0.136363636363636,1.87680991261445,11
1758,21,11,"random","skewed","random","group",0.666666666666667,0.333333333333333,0,0.125,1.87680991261445,11
1758,21,11,"random","skewed","random","dynamic",0.616679110960979,0.383320889039021,0,0.129322256466556,1.87680991261445,11
1758,21,11,"random","skewed","random","calendar",0.616679110960979,0.383320889039021,0,0.129322256466556,1.87680991261445,11
1758,21,11,"random","skewed","random","stacked",0.673771214269764,0.326228785730236,0,0.169128994384386,0.854271745308325,11
1759,21,11,"random","skewed","random","simple",0.622784810126582,0.377215189873418,0,0,1.87680991261445,11
1759,21,11,"random","skewed","random","group",0.666666666666667,0.333333333333333,0,0,1.87680991261445,11
1759,21,11,"random","skewed","random","dynamic",0.626717960999829,0.373282039000171,0,0,1.87680991261445,11
1759,21,11,"random","skewed","random","calendar",0.626717960999829,0.373282039000171,0,0,1.87680991261445,11
1759,21,11,"random","skewed","random","stacked",0.730980671674797,0.269019328325203,0,0,1.77784383805991,11
1760,21,11,"random","skewed","random","simple",0.595108695652174,0.404891304347826,0,0,1.87680991261445,11
1760,21,11,"random","skewed","random","group",0.666666666666667,0.333333333333333,0,0,1.87680991261445,11
1760,21,11,"random","skewed","random","dynamic",0.600322404372075,0.399677595627925,0,0,1.87680991261445,11
1760,21,11,"random","skewed","random","calendar",0.600322404372075,0.399677595627925,0,0,1.87680991261445,11
1760,21,11,"random","skewed","random","stacked",0.701167364404855,0.298832635595145,0,0,1.77784383805991,11
1761,21,11,"random","skewed","random","simple",0.302941176470588,0.697058823529412,0,0.25,1.5313674842078,11
1761,21,11,"random","skewed","random","group",0.458333333333333,0.541666666666667,0,0.208333333333333,1.5313674842078,11
1761,21,11,"random","skewed","random","dynamic",0.268642050723917,0.731357949276083,0,0.240805688992825,1.5313674842078,11
1761,21,11,"random","skewed","random","calendar",0.268642050723917,0.731357949276083,0,0.240805688992825,1.5313674842078,11
1761,21,11,"random","skewed","random","stacked",0.58395281596616,0.41604718403384,0,0.220068327543926,0.662604854918761,11
1762,21,11,"random","skewed","random","simple",0.326704545454545,0.673295454545455,0,0.241477272727273,1.5313674842078,11
1762,21,11,"random","skewed","random","group",0.458333333333333,0.541666666666667,0,0.208333333333333,1.5313674842078,11
1762,21,11,"random","skewed","random","dynamic",0.29010952566604,0.70989047433396,0,0.23254896786124,1.5313674842078,11
1762,21,11,"random","skewed","random","calendar",0.29010952566604,0.70989047433396,0,0.23254896786124,1.5313674842078,11
1762,21,11,"random","skewed","random","stacked",0.600587522738898,0.399412477261102,0,0.211269392617443,0.662604854918761,11
1763,21,11,"random","skewed","random","simple",0.297546012269939,0.702453987730061,0,0.702453987730061,0.84833027763666,11
1763,21,11,"random","skewed","random","group",0.458333333333333,0.541666666666667,0,0.541666666666667,0.84833027763666,11
1763,21,11,"random","skewed","random","dynamic",0.268265224942885,0.731734775057115,0,0.731734775057115,0.84833027763666,11
1763,21,11,"random","skewed","random","calendar",0.268265224942885,0.731734775057115,0,0.731734775057115,0.84833027763666,11
1763,21,11,"random","skewed","random","stacked",0.537191497510349,0.462808502489651,0,0.462808502489651,0.780172541067144,11
1764,21,11,"random","skewed","random","simple",0.620865139949109,0.379134860050891,0,0,1.87680991261445,11
1764,21,11,"random","skewed","random","group",0.666666666666667,0.333333333333333,0,0,1.87680991261445,11
1764,21,11,"random","skewed","random","dynamic",0.626921863377645,0.373078136622355,0,0,1.87680991261445,11
1764,21,11,"random","skewed","random","calendar",0.626921863377645,0.373078136622355,0,0,1.87680991261445,11
1764,21,11,"random","skewed","random","stacked",0.70715874381616,0.29284125618384,0,0,1.77784383805991,11
1765,21,11,"random","skewed","random","simple",0.597796143250689,0.402203856749311,0,0.140495867768595,1.87680991261445,11
1765,21,11,"random","skewed","random","group",0.666666666666667,0.333333333333333,0,0.125,1.87680991261445,11
1765,21,11,"random","skewed","random","dynamic",0.602848701604254,0.397151298395746,0,0.134508659975328,1.87680991261445,11
1765,21,11,"random","skewed","random","calendar",0.602848701604254,0.397151298395746,0,0.134508659975328,1.87680991261445,11
1765,21,11,"random","skewed","random","stacked",0.680673069162747,0.319326930837253,0,0.165550819102201,0.854271745308325,11
1766,21,11,"random","skewed","random","simple",0.286135693215339,0.713864306784661,0,0,1.5313674842078,11
1766,21,11,"random","skewed","random","group",0.458333333333333,0.541666666666667,0,0,1.5313674842078,11
1766,21,11,"random","skewed","random","dynamic",0.252624105730088,0.747375894269912,0,0,1.5313674842078,11
1766,21,11,"random","skewed","random","calendar",0.252624105730088,0.747375894269912,0,0,1.5313674842078,11
1766,21,11,"random","skewed","random","stacked",0.616352338432189,0.383647661567811,0,0.180845069389014,1.4083322179545,11
1767,21,11,"random","skewed","random","simple",0.290419161676647,0.709580838323353,0,0.254491017964072,1.5313674842078,11
1767,21,11,"random","skewed","random","group",0.458333333333333,0.541666666666667,0,0.208333333333333,1.5313674842078,11
1767,21,11,"random","skewed","random","dynamic",0.247778658779378,0.752221341220622,0,0.248830070509956,1.5313674842078,11
1767,21,11,"random","skewed","random","calendar",0.247778658779378,0.752221341220622,0,0.248830070509956,1.5313674842078,11
1767,21,11,"random","skewed","random","stacked",0.603031505565189,0.396968494434811,0,0.209976646905495,0.662604854918761,11
1768,21,11,"random","skewed","random","simple",0.326470588235294,0.673529411764706,0,0.673529411764706,0.84833027763666,11
1768,21,11,"random","skewed","random","group",0.458333333333333,0.541666666666667,0,0.541666666666667,0.84833027763666,11
1768,21,11,"random","skewed","random","dynamic",0.299156373268243,0.700843626731757,0,0.700843626731757,0.84833027763666,11
1768,21,11,"random","skewed","random","calendar",0.299156373268243,0.700843626731757,0,0.700843626731757,0.84833027763666,11
1768,21,11,"random","skewed","random","stacked",0.550254135929276,0.449745864070724,0,0.449745864070724,0.780172541067144,11
1769,21,11,"random","skewed","random","simple",0.63659793814433,0.36340206185567,0,0.131443298969072,1.03969471120323,11
1769,21,11,"random","skewed","random","group",0.666666666666667,0.333333333333333,0,0.125,1.03969471120323,11
1769,21,11,"random","skewed","random","dynamic",0.652508474833821,0.347491525166179,0,0.123097783475778,1.03969471120323,11
1769,21,11,"random","skewed","random","calendar",0.652508474833822,0.347491525166179,0,0.123097783475778,1.03969471120323,11
1769,21,11,"random","skewed","random","stacked",0.670044693616552,0.329955306383448,0,0.329955306383448,0.98487056326405,11
1770,21,11,"random","skewed","random","simple",0.751381215469613,0.248618784530387,0,0,1.03969471120323,11
1770,21,11,"random","skewed","random","group",0.791666666666667,0.208333333333333,0,0,1.03969471120323,11
1770,21,11,"random","skewed","random","dynamic",0.756552077999699,0.243447922000301,0,0,1.03969471120323,11
1770,21,11,"random","skewed","random","calendar",0.756552077999699,0.243447922000301,0,0,1.03969471120323,11
1770,21,11,"random","skewed","random","stacked",0.807672929354287,0.192327070645713,0,0.192327070645713,0.98487056326405,11
1771,21,11,"random","skewed","random","simple",0.745308310991957,0.254691689008043,0,0,1.87680991261445,11
1771,21,11,"random","skewed","random","group",0.791666666666667,0.208333333333333,0,0,1.87680991261445,11
1771,21,11,"random","skewed","random","dynamic",0.743153173954342,0.256846826045658,0,0,1.87680991261445,11
1771,21,11,"random","skewed","random","calendar",0.743153173954342,0.256846826045658,0,0,1.87680991261445,11
1771,21,11,"random","skewed","random","stacked",0.852914663547733,0.147085336452267,0,0,1.77784383805991,11
1772,21,11,"random","skewed","random","simple",0.737569060773481,0.262430939226519,0,0,1.87680991261445,11
1772,21,11,"random","skewed","random","group",0.791666666666667,0.208333333333333,0,0,1.87680991261445,11
1772,21,11,"random","skewed","random","dynamic",0.732255738056906,0.267744261943094,0,0,1.87680991261445,11
1772,21,11,"random","skewed","random","calendar",0.732255738056906,0.267744261943094,0,0,1.87680991261445,11
1772,21,11,"random","skewed","random","stacked",0.863330426379531,0.136669573620469,0,0,1.77784383805991,11
1773,21,11,"random","skewed","random","simple",0.320754716981132,0.679245283018868,0,0.679245283018868,0.570742777277959,11
1773,21,11,"random","skewed","random","group",0.458333333333333,0.541666666666667,0,0.541666666666667,0.570742777277959,11
1773,21,11,"random","skewed","random","dynamic",0.288727780930734,0.711272219069266,0,0.711272219069266,0.570742777277959,11
1773,21,11,"random","skewed","random","calendar",0.288727780930734,0.711272219069266,0,0.711272219069266,0.570742777277959,11
1773,21,11,"random","skewed","random","stacked",0.507476038083361,0.492523961916639,0,0.492523961916639,0.524887363545659,11
1774,21,11,"random","skewed","random","simple",0.304794520547945,0.695205479452055,0,0.695205479452055,0.42225765384893,11
1774,21,11,"random","skewed","random","group",0.458333333333333,0.541666666666667,0,0.541666666666667,0.42225765384893,11
1774,21,11,"random","skewed","random","dynamic",0.26492539471669,0.73507460528331,0,0.73507460528331,0.42225765384893,11
1774,21,11,"random","skewed","random","calendar",0.26492539471669,0.73507460528331,0,0.73507460528331,0.42225765384893,11
1774,21,11,"random","skewed","random","stacked",0.481675489220176,0.518324510779824,0,0.518324510779824,0.388332039386984,11
1775,21,11,"random","skewed","random","simple",0.613756613756614,0.386243386243386,0,0.134920634920635,1.87680991261445,11
1775,21,11,"random","skewed","random","group",0.666666666666667,0.333333333333333,0,0.125,1.87680991261445,11
1775,21,11,"random","skewed","random","dynamic",0.620619264374817,0.379380735625183,0,0.127844698936367,1.87680991261445,11
1775,21,11,"random","skewed","random","calendar",0.620619264374817,0.379380735625183,0,0.127844698936367,1.87680991261445,11
1775,21,11,"random","skewed","random","stacked",0.677524244255897,0.322475755744103,0,0.16718328568174,0.854271745308325,11
1776,21,11,"random","skewed","random","simple",0.312312312312312,0.687687687687688,0,0.687687687687688,0.84833027763666,11
1776,21,11,"random","skewed","random","group",0.458333333333333,0.541666666666667,0,0.541666666666667,0.84833027763666,11
1776,21,11,"random","skewed","random","dynamic",0.281287279857354,0.718712720142646,0,0.718712720142646,0.84833027763666,11
1776,21,11,"random","skewed","random","calendar",0.281287279857354,0.718712720142646,0,0.718712720142646,0.84833027763666,11
1776,21,11,"random","skewed","random","stacked",0.550232843493624,0.449767156506376,0,0.449767156506376,0.780172541067144,11
1777,21,11,"random","skewed","random","simple",0.609625668449198,0.390374331550802,0,0.136363636363636,1.87680991261445,11
1777,21,11,"random","skewed","random","group",0.666666666666667,0.333333333333333,0,0.125,1.87680991261445,11
1777,21,11,"random","skewed","random","dynamic",0.613042747324616,0.386957252675384,0,0.130685892830192,1.87680991261445,11
1777,21,11,"random","skewed","random","calendar",0.613042747324616,0.386957252675384,0,0.130685892830192,1.87680991261445,11
1777,21,11,"random","skewed","random","stacked",0.705145553016674,0.294854446983326,0,0.152863383886949,0.854271745308325,11
1778,21,11,"random","skewed","random","simple",0.310541310541311,0.689458689458689,0,0,1.5313674842078,11
1778,21,11,"random","skewed","random","group",0.458333333333333,0.541666666666667,0,0,1.5313674842078,11
1778,21,11,"random","skewed","random","dynamic",0.279915479945678,0.720084520054322,0,0,1.5313674842078,11
1778,21,11,"random","skewed","random","calendar",0.279915479945678,0.720084520054322,0,0,1.5313674842078,11
1778,21,11,"random","skewed","random","stacked",0.61637317207031,0.383626827929691,0,0.180835248761629,1.4083322179545,11
1779,21,11,"random","skewed","random","simple",0.330508474576271,0.669491525423729,0,0.240112994350282,1.5313674842078,11
1779,21,11,"random","skewed","random","group",0.458333333333333,0.541666666666667,0,0.208333333333333,1.5313674842078,11
1779,21,11,"random","skewed","random","dynamic",0.296529682917222,0.703470317082778,0,0.230079676610785,1.5313674842078,11
1779,21,11,"random","skewed","random","calendar",0.296529682917222,0.703470317082778,0,0.230079676610785,1.5313674842078,11
1779,21,11,"random","skewed","random","stacked",0.585570951842294,0.414429048157706,0,0.219212413912815,0.662604854918761,11
1780,21,11,"random","skewed","random","simple",0.307017543859649,0.692982456140351,0,0.248538011695906,1.5313674842078,11
1780,21,11,"random","skewed","random","group",0.458333333333333,0.541666666666667,0,0.208333333333333,1.5313674842078,11
1780,21,11,"random","skewed","random","dynamic",0.271744265755821,0.728255734244179,0,0.23961252936517,1.5313674842078,11
1780,21,11,"random","skewed","random","calendar",0.271744265755821,0.728255734244179,0,0.23961252936517,1.5313674842078,11
1780,21,11,"random","skewed","random","stacked",0.589298093540955,0.410701906459045,0,0.217240940792409,0.662604854918761,11
1781,21,11,"random","skewed","random","simple",0.60056657223796,0.39943342776204,0,0.144475920679887,1.03969471120323,11
1781,21,11,"random","skewed","random","group",0.666666666666667,0.333333333333333,0,0.125,1.03969471120323,11
1781,21,11,"random","skewed","random","dynamic",0.618296260581225,0.381703739418775,0,0.135927363820502,1.03969471120323,11
1781,21,11,"random","skewed","random","calendar",0.618296260581225,0.381703739418775,0,0.135927363820502,1.03969471120323,11
1781,21,11,"random","skewed","random","stacked",0.618276892511172,0.381723107488828,0,0.381723107488828,0.98487056326405,11
1782,21,11,"random","skewed","random","simple",0.301538461538462,0.698461538461538,0,0.230769230769231,1.5313674842078,11
1782,21,11,"random","skewed","random","group",0.458333333333333,0.541666666666667,0,0.208333333333333,1.5313674842078,11
1782,21,11,"random","skewed","random","dynamic",0.244177810412995,0.755822189587005,0,0.20972918222982,1.5313674842078,11
1782,21,11,"random","skewed","random","calendar",0.244177810412995,0.755822189587005,0,0.20972918222982,1.5313674842078,11
1782,21,11,"random","skewed","random","stacked",0.578386771770158,0.421613228229842,0,0.252032936245186,0.384174999142706,11
1783,21,11,"random","skewed","random","simple",0.574468085106383,0.425531914893617,0,0.425531914893617,0.330913823440591,11
1783,21,11,"random","skewed","random","group",0.666666666666667,0.333333333333333,0,0.333333333333333,0.330913823440591,11
1783,21,11,"random","skewed","random","dynamic",0.541561013681084,0.458438986318916,0,0.458438986318916,0.330913823440591,11
1783,21,11,"random","skewed","random","calendar",0.541561013681084,0.458438986318916,0,0.458438986318916,0.330913823440591,11
1783,21,11,"random","skewed","random","stacked",0.671879015341469,0.328120984658531,0,0.328120984658531,0.304327082639462,11
1784,21,11,"random","skewed","random","simple",0.595988538681948,0.404011461318052,0,0.146131805157593,1.03969471120323,11
1784,21,11,"random","skewed","random","group",0.666666666666667,0.333333333333333,0,0.125,1.03969471120323,11
1784,21,11,"random","skewed","random","dynamic",0.613559909900602,0.386440090099398,0,0.137703495325736,1.03969471120323,11
1784,21,11,"random","skewed","random","calendar",0.613559909900602,0.386440090099398,0,0.137703495325736,1.03969471120323,11
1784,21,11,"random","skewed","random","stacked",0.612638018781189,0.387361981218811,0,0.387361981218811,0.98487056326405,11
1785,21,11,"random","skewed","random","simple",0.562043795620438,0.437956204379562,0,0.437956204379562,0.330913823440591,11
1785,21,11,"random","skewed","random","group",0.666666666666667,0.333333333333333,0,0.333333333333333,0.330913823440591,11
1785,21,11,"random","skewed","random","dynamic",0.530413907495614,0.469586092504386,0,0.469586092504386,0.330913823440591,11
1785,21,11,"random","skewed","random","calendar",0.530413907495614,0.469586092504386,0,0.469586092504386,0.330913823440591,11
1785,21,11,"random","skewed","random","stacked",0.661604827136277,0.338395172863723,0,0.338395172863723,0.304327082639462,11
1786,21,11,"random","skewed","random","simple",0.599431818181818,0.400568181818182,0,0.144886363636364,1.03969471120323,11
1786,21,11,"random","skewed","random","group",0.666666666666667,0.333333333333333,0,0.125,1.03969471120323,11
1786,21,11,"random","skewed","random","dynamic",0.614904447715728,0.385095552284272,0,0.137199293645064,1.03969471120323,11
1786,21,11,"random","skewed","random","calendar",0.614904447715728,0.385095552284272,0,0.137199293645064,1.03969471120323,11
1786,21,11,"random","skewed","random","stacked",0.636503058521266,0.363496941478734,0,0.363496941478734,0.98487056326405,11
1787,21,11,"random","skewed","random","simple",0.747899159663866,0.252100840336134,0,0,1.03969471120323,11
1787,21,11,"random","skewed","random","group",0.791666666666667,0.208333333333333,0,0,1.03969471120323,11
1787,21,11,"random","skewed","random","dynamic",0.753019963399473,0.246980036600527,0,0,1.03969471120323,11
1787,21,11,"random","skewed","random","calendar",0.753019963399473,0.246980036600527,0,0,1.03969471120323,11
1787,21,11,"random","skewed","random","stacked",0.807120396801095,0.192879603198905,0,0.192879603198905,0.98487056326405,11
1788,21,11,"random","skewed","random","simple",0.358543417366947,0.641456582633053,0,0.641456582633053,0.84833027763666,11
1788,21,11,"random","skewed","random","group",0.458333333333333,0.541666666666667,0,0.541666666666667,0.84833027763666,11
1788,21,11,"random","skewed","random","dynamic",0.329420617012879,0.670579382987121,0,0.670579382987121,0.84833027763666,11
1788,21,11,"random","skewed","random","calendar",0.329420617012879,0.670579382987121,0,0.670579382987121,0.84833027763666,11
1788,21,11,"random","skewed","random","stacked",0.568977792080101,0.431022207919899,0,0.431022207919899,0.780172541067144,11
1789,21,11,"random","skewed","random","simple",0.603260869565217,0.396739130434783,0,0.138586956521739,1.87680991261445,11
1789,21,11,"random","skewed","random","group",0.666666666666667,0.333333333333333,0,0.125,1.87680991261445,11
1789,21,11,"random","skewed","random","dynamic",0.608660691471972,0.391339308528028,0,0.132329163774934,1.87680991261445,11
1789,21,11,"random","skewed","random","calendar",0.608660691471972,0.391339308528028,0,0.132329163774934,1.87680991261445,11
1789,21,11,"random","skewed","random","stacked",0.682738343606578,0.317261656393422,0,0.164480104912983,0.854271745308325,11
1790,21,11,"random","skewed","random","simple",0.754098360655738,0.245901639344262,0,0,1.03969471120323,11
1790,21,11,"random","skewed","random","group",0.791666666666667,0.208333333333333,0,0,1.03969471120323,11
1790,21,11,"random","skewed","random","dynamic",0.761626842099062,0.238373157900938,0,0,1.03969471120323,11
1790,21,11,"random","skewed","random","calendar",0.761626842099063,0.238373157900938,0,0,1.03969471120323,11
1790,21,11,"random","skewed","random","stacked",0.796306221796342,0.203693778203658,0,0.203693778203658,0.98487056326405,11
1791,21,11,"random","skewed","random","simple",0.179271708683473,0.820728291316527,0,0.142857142857143,1.5313674842078,11
1791,21,11,"random","skewed","random","group",0.333333333333333,0.666666666666667,0,0.125,1.03969471120323,11
1791,21,11,"random","skewed","random","dynamic",0.161912782952662,0.838087217047338,0,0.137404511091113,1.5313674842078,11
1791,21,11,"random","skewed","random","calendar",0.161912782952662,0.838087217047338,0,0.137404511091113,1.5313674842078,11
1791,21,11,"random","skewed","random","stacked",0.438582869837443,0.561417130162557,0,0.342736459282415,0.98487056326405,11
1792,21,11,"random","skewed","random","simple",0.320916905444126,0.679083094555874,0,0.243553008595989,1.5313674842078,11
1792,21,11,"random","skewed","random","group",0.458333333333333,0.541666666666667,0,0.208333333333333,1.5313674842078,11
1792,21,11,"random","skewed","random","dynamic",0.286644173689607,0.713355826310393,0,0.233881795544483,1.5313674842078,11
1792,21,11,"random","skewed","random","calendar",0.286644173689607,0.713355826310393,0,0.233881795544483,1.5313674842078,11
1792,21,11,"random","skewed","random","stacked",0.585570951842294,0.414429048157706,0,0.219212413912815,0.662604854918761,11
1793,21,11,"random","skewed","random","simple",0.622784810126582,0.377215189873418,0,0,1.87680991261445,11
1793,21,11,"random","skewed","random","group",0.666666666666667,0.333333333333333,0,0,1.87680991261445,11
1793,21,11,"random","skewed","random","dynamic",0.628981277393581,0.371018722606419,0,0,1.87680991261445,11
1793,21,11,"random","skewed","random","calendar",0.628981277393581,0.371018722606419,0,0,1.87680991261445,11
1793,21,11,"random","skewed","random","stacked",0.711496952761811,0.288503047238189,0,0,1.77784383805991,11
1794,21,11,"random","skewed","random","simple",0.291946308724832,0.708053691275168,0,0.708053691275168,0.570742777277959,11
1794,21,11,"random","skewed","random","group",0.458333333333333,0.541666666666667,0,0.541666666666667,0.570742777277959,11
1794,21,11,"random","skewed","random","dynamic",0.24613548293394,0.75386451706606,0,0.75386451706606,0.570742777277959,11
1794,21,11,"random","skewed","random","calendar",0.24613548293394,0.75386451706606,0,0.75386451706606,0.570742777277959,11
1794,21,11,"random","skewed","random","stacked",0.497613099930649,0.502386900069351,0,0.502386900069351,0.524887363545659,11
1795,21,11,"random","skewed","random","simple",0.759036144578313,0.240963855421687,0,0.240963855421687,0.517509584468528,11
1795,21,11,"random","skewed","random","group",0.791666666666667,0.208333333333333,0,0.208333333333333,0.517509584468528,11
1795,21,11,"random","skewed","random","dynamic",0.777752847156956,0.222247152843044,0,0.222247152843044,0.517509584468528,11
1795,21,11,"random","skewed","random","calendar",0.777752847156956,0.222247152843044,0,0.222247152843044,0.517509584468528,11
1795,21,11,"random","skewed","random","stacked",0.741235938610428,0.258764061389572,0,0.258764061389572,0.490220783522322,11
1796,21,11,"random","skewed","random","simple",0.601694915254237,0.398305084745763,0,0.144067796610169,1.03969471120323,11
1796,21,11,"random","skewed","random","group",0.666666666666667,0.333333333333333,0,0.125,1.03969471120323,11
1796,21,11,"random","skewed","random","dynamic",0.6193643399869,0.3806356600131,0,0.135526834043374,1.03969471120323,11
1796,21,11,"random","skewed","random","calendar",0.6193643399869,0.3806356600131,0,0.135526834043374,1.03969471120323,11
1796,21,11,"random","skewed","random","stacked",0.618276892511172,0.381723107488828,0,0.381723107488828,0.98487056326405,11
1797,21,11,"random","skewed","random","simple",0.298550724637681,0.701449275362319,0,0,1.5313674842078,11
1797,21,11,"random","skewed","random","group",0.458333333333333,0.541666666666667,0,0,1.5313674842078,11
1797,21,11,"random","skewed","random","dynamic",0.259358735647515,0.740641264352485,0,0,1.5313674842078,11
1797,21,11,"random","skewed","random","calendar",0.259358735647515,0.740641264352485,0,0,1.5313674842078,11
1797,21,11,"random","skewed","random","stacked",0.634547730309566,0.365452269690434,0,0.172268067008295,1.4083322179545,11
1798,21,11,"random","skewed","random","simple",0.31830985915493,0.68169014084507,0,0,1.5313674842078,11
1798,21,11,"random","skewed","random","group",0.458333333333333,0.541666666666667,0,0,1.5313674842078,11
1798,21,11,"random","skewed","random","dynamic",0.280164877950494,0.719835122049506,0,0,1.5313674842078,11
1798,21,11,"random","skewed","random","calendar",0.280164877950494,0.719835122049506,0,0,1.5313674842078,11
1798,21,11,"random","skewed","random","stacked",0.643704579898842,0.356295420101158,0,0.167951681779749,1.4083322179545,11
1799,21,11,"random","skewed","random","simple",0.741847826086957,0.258152173913043,0,0,1.87680991261445,11
1799,21,11,"random","skewed","random","group",0.791666666666667,0.208333333333333,0,0,1.87680991261445,11
1799,21,11,"random","skewed","random","dynamic",0.739749067096287,0.260250932903713,0,0,1.87680991261445,11
1799,21,11,"random","skewed","random","calendar",0.739749067096288,0.260250932903713,0,0,1.87680991261445,11
1799,21,11,"random","skewed","random","stacked",0.850824790714938,0.149175209285062,0,0,1.77784383805991,11
1800,21,11,"random","skewed","random","simple",0.766081871345029,0.233918128654971,0,0.233918128654971,0.517509584468528,11
1800,21,11,"random","skewed","random","group",0.791666666666667,0.208333333333333,0,0.208333333333333,0.517509584468528,11
1800,21,11,"random","skewed","random","dynamic",0.786870348592569,0.213129651407431,0,0.213129651407431,0.517509584468528,11
1800,21,11,"random","skewed","random","calendar",0.786870348592569,0.213129651407431,0,0.213129651407431,0.517509584468528,11
1800,21,11,"random","skewed","random","stacked",0.736444590810574,0.263555409189426,0,0.263555409189426,0.490220783522322,11
1801,21,11,"random","skewed","random","simple",0.306060606060606,0.693939393939394,0,0.693939393939394,0.84833027763666,11
1801,21,11,"random","skewed","random","group",0.458333333333333,0.541666666666667,0,0.541666666666667,0.84833027763666,11
1801,21,11,"random","skewed","random","dynamic",0.28231508022081,0.71768491977919,0,0.71768491977919,0.84833027763666,11
1801,21,11,"random","skewed","random","calendar",0.28231508022081,0.71768491977919,0,0.71768491977919,0.84833027763666,11
1801,21,11,"random","skewed","random","stacked",0.521011414050526,0.478988585949474,0,0.478988585949474,0.780172541067144,11
1802,21,11,"random","skewed","random","simple",0.611570247933884,0.388429752066116,0,0.140495867768595,1.03969471120323,11
1802,21,11,"random","skewed","random","group",0.666666666666667,0.333333333333333,0,0.125,1.03969471120323,11
1802,21,11,"random","skewed","random","dynamic",0.62790886451608,0.37209113548392,0,0.132322637344932,1.03969471120323,11
1802,21,11,"random","skewed","random","calendar",0.62790886451608,0.372091135483921,0,0.132322637344932,1.03969471120323,11
1802,21,11,"random","skewed","random","stacked",0.644175767641176,0.355824232358824,0,0.355824232358824,0.98487056326405,11
1803,21,11,"random","skewed","random","simple",0.607242339832869,0.392757660167131,0,0.142061281337047,1.03969471120323,11
1803,21,11,"random","skewed","random","group",0.666666666666667,0.333333333333333,0,0.125,1.03969471120323,11
1803,21,11,"random","skewed","random","dynamic",0.625153322246471,0.374846677753529,0,0.133355965696035,1.03969471120323,11
1803,21,11,"random","skewed","random","calendar",0.625153322246471,0.374846677753529,0,0.133355965696035,1.03969471120323,11
1803,21,11,"random","skewed","random","stacked",0.624352825747712,0.375647174252288,0,0.375647174252288,0.98487056326405,11
1804,21,11,"random","skewed","random","simple",0.613698630136986,0.386301369863014,0,0.13972602739726,1.03969471120323,11
1804,21,11,"random","skewed","random","group",0.666666666666667,0.333333333333333,0,0.125,1.03969471120323,11
1804,21,11,"random","skewed","random","dynamic",0.632349744675091,0.367650255324909,0,0.130657307285302,1.03969471120323,11
1804,21,11,"random","skewed","random","calendar",0.632349744675091,0.367650255324909,0,0.130657307285302,1.03969471120323,11
1804,21,11,"random","skewed","random","stacked",0.62255045260987,0.37744954739013,0,0.37744954739013,0.98487056326405,11
1805,21,11,"random","skewed","random","simple",0.766081871345029,0.233918128654971,0,0.233918128654971,0.517509584468528,11
1805,21,11,"random","skewed","random","group",0.791666666666667,0.208333333333333,0,0.208333333333333,0.517509584468528,11
1805,21,11,"random","skewed","random","dynamic",0.787861160270384,0.212138839729616,0,0.212138839729616,0.517509584468528,11
1805,21,11,"random","skewed","random","calendar",0.787861160270384,0.212138839729616,0,0.212138839729616,0.517509584468528,11
1805,21,11,"random","skewed","random","stacked",0.736804541935789,0.263195458064211,0,0.263195458064211,0.490220783522322,11
1806,21,11,"random","skewed","random","simple",0.181564245810056,0.818435754189944,0,0.142458100558659,1.5313674842078,11
1806,21,11,"random","skewed","random","group",0.333333333333333,0.666666666666667,0,0.125,1.03969471120323,11
1806,21,11,"random","skewed","random","dynamic",0.159696581525687,0.840303418474314,0,0.137820048858671,1.5313674842078,11
1806,21,11,"random","skewed","random","calendar",0.159696581525686,0.840303418474314,0,0.137820048858671,1.5313674842078,11
1806,21,11,"random","skewed","random","stacked",0.470857877040294,0.529142122959706,0,0.323033067458912,0.98487056326405,11
1807,21,11,"random","skewed","random","simple",0.603723404255319,0.396276595744681,0,0,1.87680991261445,11
1807,21,11,"random","skewed","random","group",0.666666666666667,0.333333333333333,0,0,1.87680991261445,11
1807,21,11,"random","skewed","random","dynamic",0.609084483366352,0.390915516633648,0,0,1.87680991261445,11
1807,21,11,"random","skewed","random","calendar",0.609084483366352,0.390915516633648,0,0,1.87680991261445,11
1807,21,11,"random","skewed","random","stacked",0.703191546471668,0.296808453528332,0,0,1.77784383805991,11
1808,21,11,"random","skewed","random","simple",0.729344729344729,0.270655270655271,0,0,1.87680991261445,11
1808,21,11,"random","skewed","random","group",0.791666666666667,0.208333333333333,0,0,1.87680991261445,11
1808,21,11,"random","skewed","random","dynamic",0.726610631043849,0.273389368956151,0,0,1.87680991261445,11
1808,21,11,"random","skewed","random","calendar",0.726610631043849,0.273389368956151,0,0,1.87680991261445,11
1808,21,11,"random","skewed","random","stacked",0.847689143702113,0.152310856297888,0,0,1.77784383805991,11
1809,21,11,"random","skewed","random","simple",0.750733137829912,0.249266862170088,0,0.249266862170088,0.699489647648167,11
1809,21,11,"random","skewed","random","group",0.791666666666667,0.208333333333333,0,0.208333333333333,0.699489647648167,11
1809,21,11,"random","skewed","random","dynamic",0.764723990049151,0.235276009950848,0,0.235276009950848,0.699489647648167,11
1809,21,11,"random","skewed","random","calendar",0.764723990049152,0.235276009950848,0,0.235276009950848,0.699489647648167,11
1809,21,11,"random","skewed","random","stacked",0.759468298178746,0.240531701821254,0,0.240531701821254,0.662604854918761,11
1810,21,11,"random","skewed","random","simple",0.606860158311346,0.393139841688654,0,0,1.87680991261445,11
1810,21,11,"random","skewed","random","group",0.666666666666667,0.333333333333333,0,0,1.87680991261445,11
1810,21,11,"random","skewed","random","dynamic",0.611834920064157,0.388165079935843,0,0,1.87680991261445,11
1810,21,11,"random","skewed","random","calendar",0.611834920064157,0.388165079935843,0,0,1.87680991261445,11
1810,21,11,"random","skewed","random","stacked",0.713384057607105,0.286615942392895,0,0,1.77784383805991,11
1811,21,11,"random","skewed","random","simple",0.341176470588235,0.658823529411765,0,0.658823529411765,0.84833027763666,11
1811,21,11,"random","skewed","random","group",0.458333333333333,0.541666666666667,0,0.541666666666667,0.84833027763666,11
1811,21,11,"random","skewed","random","dynamic",0.301206637818508,0.698793362181492,0,0.698793362181492,0.84833027763666,11
1811,21,11,"random","skewed","random","calendar",0.301206637818508,0.698793362181492,0,0.698793362181492,0.84833027763666,11
1811,21,11,"random","skewed","random","stacked",0.557698373842763,0.442301626157237,0,0.442301626157237,0.780172541067144,11
1812,21,11,"random","skewed","random","simple",0.325581395348837,0.674418604651163,0,0.232558139534884,1.5313674842078,11
1812,21,11,"random","skewed","random","group",0.458333333333333,0.541666666666667,0,0.208333333333333,1.5313674842078,11
1812,21,11,"random","skewed","random","dynamic",0.280540487593838,0.719459512406162,0,0.215986452140022,1.5313674842078,11
1812,21,11,"random","skewed","random","calendar",0.280540487593838,0.719459512406162,0,0.215986452140022,1.5313674842078,11
1812,21,11,"random","skewed","random","stacked",0.579992176587452,0.420007823412548,0,0.239054271965712,0.490220783522322,11
1813,21,11,"random","skewed","random","simple",0.757412398921833,0.242587601078167,0,0,1.03969471120323,11
1813,21,11,"random","skewed","random","group",0.791666666666667,0.208333333333333,0,0,1.03969471120323,11
1813,21,11,"random","skewed","random","dynamic",0.76016706284323,0.239832937156769,0,0,1.03969471120323,11
1813,21,11,"random","skewed","random","calendar",0.760167062843231,0.239832937156769,0,0,1.03969471120323,11
1813,21,11,"random","skewed","random","stacked",0.824283971669214,0.175716028330786,0,0.175716028330786,0.98487056326405,11
1814,21,11,"random","skewed","random","simple",0.619897959183674,0.380102040816326,0,0,1.87680991261445,11
1814,21,11,"random","skewed","random","group",0.666666666666667,0.333333333333333,0,0,1.87680991261445,11
1814,21,11,"random","skewed","random","dynamic",0.624010546295511,0.375989453704489,0,0,1.87680991261445,11
1814,21,11,"random","skewed","random","calendar",0.624010546295511,0.375989453704489,0,0,1.87680991261445,11
1814,21,11,"random","skewed","random","stacked",0.728900170221088,0.271099829778912,0,0,1.77784383805991,11
1815,21,11,"random","skewed","random","simple",0.637532133676093,0.362467866323907,0,0.131105398457584,1.03969471120323,11
1815,21,11,"random","skewed","random","group",0.666666666666667,0.333333333333333,0,0.125,1.03969471120323,11
1815,21,11,"random","skewed","random","dynamic",0.653940183222052,0.346059816777948,0,0.122560892830192,1.03969471120323,11
1815,21,11,"random","skewed","random","calendar",0.653940183222052,0.346059816777948,0,0.122560892830192,1.03969471120323,11
1815,21,11,"random","skewed","random","stacked",0.667253407208169,0.332746592791831,0,0.332746592791831,0.98487056326405,11
1816,21,11,"random","skewed","random","simple",0.599462365591398,0.400537634408602,0,0,1.87680991261445,11
1816,21,11,"random","skewed","random","group",0.666666666666667,0.333333333333333,0,0,1.87680991261445,11
1816,21,11,"random","skewed","random","dynamic",0.604171063452932,0.395828936547068,0,0,1.87680991261445,11
1816,21,11,"random","skewed","random","calendar",0.604171063452932,0.395828936547068,0,0,1.87680991261445,11
1816,21,11,"random","skewed","random","stacked",0.704691778212258,0.295308221787742,0,0,1.77784383805991,11
1817,21,11,"random","skewed","random","simple",0.148255813953488,0.851744186046512,0,0.148255813953488,1.5313674842078,11
1817,21,11,"random","skewed","random","group",0.333333333333333,0.666666666666667,0,0.125,1.03969471120323,11
1817,21,11,"random","skewed","random","dynamic",0.131046659956834,0.868953340043166,0,0.14319190915283,1.5313674842078,11
1817,21,11,"random","skewed","random","calendar",0.131046659956834,0.868953340043166,0,0.14319190915283,1.5313674842078,11
1817,21,11,"random","skewed","random","stacked",0.422652132050773,0.577347867949227,0,0.352461927867919,0.98487056326405,11
1818,21,11,"random","skewed","random","simple",0.749303621169916,0.250696378830084,0,0,1.03969471120323,11
1818,21,11,"random","skewed","random","group",0.791666666666667,0.208333333333333,0,0,1.03969471120323,11
1818,21,11,"random","skewed","random","dynamic",0.756852037440357,0.243147962559643,0,0,1.03969471120323,11
1818,21,11,"random","skewed","random","calendar",0.756852037440357,0.243147962559643,0,0,1.03969471120323,11
1818,21,11,"random","skewed","random","stacked",0.794435199691096,0.205564800308904,0,0.205564800308904,0.98487056326405,11
1819,21,11,"random","skewed","random","simple",0.622994652406417,0.377005347593583,0,0.136363636363636,1.03969471120323,11
1819,21,11,"random","skewed","random","group",0.666666666666667,0.333333333333333,0,0.125,1.03969471120323,11
1819,21,11,"random","skewed","random","dynamic",0.640478680321189,0.359521319678811,0,0.127608956418016,1.03969471120323,11
1819,21,11,"random","skewed","random","calendar",0.640478680321189,0.359521319678811,0,0.127608956418016,1.03969471120323,11
1819,21,11,"random","skewed","random","stacked",0.643099557650926,0.356900442349074,0,0.356900442349074,0.98487056326405,11
1820,21,11,"random","skewed","random","simple",0.314984709480122,0.685015290519878,0,0.685015290519878,0.84833027763666,11
1820,21,11,"random","skewed","random","group",0.458333333333333,0.541666666666667,0,0.541666666666667,0.84833027763666,11
1820,21,11,"random","skewed","random","dynamic",0.279093040917759,0.720906959082241,0,0.720906959082241,0.84833027763666,11
1820,21,11,"random","skewed","random","calendar",0.279093040917759,0.720906959082241,0,0.720906959082241,0.84833027763666,11
1820,21,11,"random","skewed","random","stacked",0.532138932810615,0.467861067189385,0,0.467861067189385,0.780172541067144,11
1821,21,11,"random","skewed","random","simple",0.337423312883436,0.662576687116564,0,0.662576687116564,0.570742777277959,11
1821,21,11,"random","skewed","random","group",0.458333333333333,0.541666666666667,0,0.541666666666667,0.570742777277959,11
1821,21,11,"random","skewed","random","dynamic",0.302147650646875,0.697852349353125,0,0.697852349353125,0.570742777277959,11
1821,21,11,"random","skewed","random","calendar",0.302147650646875,0.697852349353125,0,0.697852349353125,0.570742777277959,11
1821,21,11,"random","skewed","random","stacked",0.527356108106982,0.472643891893018,0,0.472643891893018,0.524887363545659,11
1822,21,11,"random","skewed","random","simple",0.216577540106952,0.783422459893048,0,0.136363636363636,1.5313674842078,11
1822,21,11,"random","skewed","random","group",0.333333333333333,0.666666666666667,0,0.125,1.03969471120323,11
1822,21,11,"random","skewed","random","dynamic",0.197275376999219,0.802724623000781,0,0.130774024707383,1.5313674842078,11
1822,21,11,"random","skewed","random","calendar",0.197275376999219,0.802724623000781,0,0.130774024707383,1.5313674842078,11
1822,21,11,"random","skewed","random","stacked",0.45976601242572,0.54023398757428,0,0.329804478947084,0.98487056326405,11
1823,21,11,"random","skewed","random","simple",0.766483516483517,0.233516483516484,0,0.233516483516484,0.699489647648167,11
1823,21,11,"random","skewed","random","group",0.791666666666667,0.208333333333333,0,0.208333333333333,0.699489647648167,11
1823,21,11,"random","skewed","random","dynamic",0.780933588517045,0.219066411482955,0,0.219066411482955,0.699489647648167,11
1823,21,11,"random","skewed","random","calendar",0.780933588517045,0.219066411482955,0,0.219066411482955,0.699489647648167,11
1823,21,11,"random","skewed","random","stacked",0.775750153446406,0.224249846553594,0,0.224249846553594,0.662604854918761,11
1824,21,11,"random","skewed","random","simple",0.615803814713896,0.384196185286104,0,0.138964577656676,1.03969471120323,11
1824,21,11,"random","skewed","random","group",0.666666666666667,0.333333333333333,0,0.125,1.03969471120323,11
1824,21,11,"random","skewed","random","dynamic",0.630890117345899,0.369109882654101,0,0.13120466753375,1.03969471120323,11
1824,21,11,"random","skewed","random","calendar",0.630890117345899,0.369109882654101,0,0.13120466753375,1.03969471120323,11
1824,21,11,"random","skewed","random","stacked",0.656101314126219,0.343898685873781,0,0.343898685873781,0.98487056326405,11
1825,21,11,"random","skewed","random","simple",0.312883435582822,0.687116564417178,0,0.687116564417178,0.84833027763666,11
1825,21,11,"random","skewed","random","group",0.458333333333333,0.541666666666667,0,0.541666666666667,0.84833027763666,11
1825,21,11,"random","skewed","random","dynamic",0.277113872693134,0.722886127306866,0,0.722886127306866,0.84833027763666,11
1825,21,11,"random","skewed","random","calendar",0.277113872693134,0.722886127306866,0,0.722886127306866,0.84833027763666,11
1825,21,11,"random","skewed","random","stacked",0.53054312864455,0.46945687135545,0,0.46945687135545,0.780172541067144,11
1826,21,11,"random","skewed","random","simple",0.607894736842105,0.392105263157895,0,0,1.87680991261445,11
1826,21,11,"random","skewed","random","group",0.666666666666667,0.333333333333333,0,0,1.87680991261445,11
1826,21,11,"random","skewed","random","dynamic",0.61509610332534,0.38490389667466,0,0,1.87680991261445,11
1826,21,11,"random","skewed","random","calendar",0.61509610332534,0.38490389667466,0,0,1.87680991261445,11
1826,21,11,"random","skewed","random","stacked",0.691706064650051,0.308293935349949,0,0,1.77784383805991,11
1827,21,11,"random","skewed","random","simple",0.179271708683473,0.820728291316527,0,0.142857142857143,1.5313674842078,11
1827,21,11,"random","skewed","random","group",0.333333333333333,0.666666666666667,0,0.125,1.03969471120323,11
1827,21,11,"random","skewed","random","dynamic",0.156412589086817,0.843587410913183,0,0.138435797440959,1.5313674842078,11
1827,21,11,"random","skewed","random","calendar",0.156412589086817,0.843587410913183,0,0.138435797440959,1.5313674842078,11
1827,21,11,"random","skewed","random","stacked",0.476589319869744,0.523410680130256,0,0.319534110415374,0.98487056326405,11
1828,21,11,"random","skewed","random","simple",0.757142857142857,0.242857142857143,0,0.242857142857143,0.699489647648167,11
1828,21,11,"random","skewed","random","group",0.791666666666667,0.208333333333333,0,0.208333333333333,0.699489647648167,11
1828,21,11,"random","skewed","random","dynamic",0.773248802169249,0.226751197830751,0,0.226751197830751,0.699489647648167,11
1828,21,11,"random","skewed","random","calendar",0.773248802169249,0.226751197830751,0,0.226751197830751,0.699489647648167,11
1828,21,11,"random","skewed","random","stacked",0.752801219303809,0.247198780696191,0,0.247198780696191,0.662604854918761,11
1829,21,11,"random","skewed","random","simple",0.613989637305699,0.386010362694301,0,0,1.87680991261445,11
1829,21,11,"random","skewed","random","group",0.666666666666667,0.333333333333333,0,0,1.87680991261445,11
1829,21,11,"random","skewed","random","dynamic",0.617473340885644,0.382526659114356,0,0,1.87680991261445,11
1829,21,11,"random","skewed","random","calendar",0.617473340885644,0.382526659114356,0,0,1.87680991261445,11
1829,21,11,"random","skewed","random","stacked",0.725073029858018,0.274926970141982,0,0,1.77784383805991,11
1830,21,11,"random","skewed","random","simple",0.751381215469613,0.248618784530387,0,0,1.03969471120323,11
1830,21,11,"random","skewed","random","group",0.791666666666667,0.208333333333333,0,0,1.03969471120323,11
1830,21,11,"random","skewed","random","dynamic",0.758028044040209,0.241971955959791,0,0,1.03969471120323,11
1830,21,11,"random","skewed","random","calendar",0.758028044040209,0.241971955959791,0,0,1.03969471120323,11
1830,21,11,"random","skewed","random","stacked",0.802594860828107,0.197405139171893,0,0.197405139171893,0.98487056326405,11
1831,21,11,"random","skewed","random","simple",0.306590257879656,0.693409742120344,0,0,1.5313674842078,11
1831,21,11,"random","skewed","random","group",0.458333333333333,0.541666666666667,0,0,1.5313674842078,11
1831,21,11,"random","skewed","random","dynamic",0.271504650239835,0.728495349760165,0,0,1.5313674842078,11
1831,21,11,"random","skewed","random","calendar",0.271504650239835,0.728495349760166,0,0,1.5313674842078,11
1831,21,11,"random","skewed","random","stacked",0.626904634678274,0.373095365321726,0,0.175870894024467,1.4083322179545,11
1832,21,11,"random","skewed","random","simple",0.625994694960212,0.374005305039788,0,0.135278514588859,1.03969471120323,11
1832,21,11,"random","skewed","random","group",0.666666666666667,0.333333333333333,0,0.125,1.03969471120323,11
1832,21,11,"random","skewed","random","dynamic",0.64466320289244,0.35533679710756,0,0.126039760453797,1.03969471120323,11
1832,21,11,"random","skewed","random","calendar",0.64466320289244,0.35533679710756,0,0.126039760453797,1.03969471120323,11
1832,21,11,"random","skewed","random","stacked",0.630816793265991,0.369183206734009,0,0.369183206734009,0.98487056326405,11
1833,21,11,"random","skewed","random","simple",0.328220858895706,0.671779141104294,0,0.671779141104294,0.84833027763666,11
1833,21,11,"random","skewed","random","group",0.458333333333333,0.541666666666667,0,0.541666666666667,0.84833027763666,11
1833,21,11,"random","skewed","random","dynamic",0.280807850284171,0.719192149715829,0,0.719192149715829,0.84833027763666,11
1833,21,11,"random","skewed","random","calendar",0.28080785028417,0.71919214971583,0,0.71919214971583,0.84833027763666,11
1833,21,11,"random","skewed","random","stacked",0.536932231392855,0.463067768607145,0,0.463067768607145,0.384174999142706,11
1834,21,11,"random","skewed","random","simple",0.752906976744186,0.247093023255814,0,0.247093023255814,0.699489647648167,11
1834,21,11,"random","skewed","random","group",0.791666666666667,0.208333333333333,0,0.208333333333333,0.699489647648167,11
1834,21,11,"random","skewed","random","dynamic",0.764764669343011,0.235235330656989,0,0.235235330656989,0.699489647648167,11
1834,21,11,"random","skewed","random","calendar",0.764764669343011,0.235235330656989,0,0.235235330656989,0.699489647648167,11
1834,21,11,"random","skewed","random","stacked",0.771793690221912,0.228206309778088,0,0.228206309778088,0.662604854918761,11
1835,21,11,"random","skewed","random","simple",0.774647887323944,0.225352112676056,0,0.225352112676056,0.517509584468528,11
1835,21,11,"random","skewed","random","group",0.791666666666667,0.208333333333333,0,0.208333333333333,0.517509584468528,11
1835,21,11,"random","skewed","random","dynamic",0.797072865374033,0.202927134625967,0,0.202927134625967,0.517509584468528,11
1835,21,11,"random","skewed","random","calendar",0.797072865374033,0.202927134625967,0,0.202927134625967,0.517509584468528,11
1835,21,11,"random","skewed","random","stacked",0.736804541935789,0.263195458064211,0,0.263195458064211,0.490220783522322,11
1836,21,11,"random","skewed","random","simple",0.733893557422969,0.266106442577031,0,0,1.87680991261445,11
1836,21,11,"random","skewed","random","group",0.791666666666667,0.208333333333333,0,0,1.87680991261445,11
1836,21,11,"random","skewed","random","dynamic",0.728445086148428,0.271554913851572,0,0,1.87680991261445,11
1836,21,11,"random","skewed","random","calendar",0.728445086148428,0.271554913851572,0,0,1.87680991261445,11
1836,21,11,"random","skewed","random","stacked",0.859878511098062,0.140121488901938,0,0,1.77784383805991,11
1837,21,11,"random","skewed","random","simple",0.618918918918919,0.381081081081081,0,0.137837837837838,1.03969471120323,11
1837,21,11,"random","skewed","random","group",0.666666666666667,0.333333333333333,0,0.125,1.03969471120323,11
1837,21,11,"random","skewed","random","dynamic",0.63571456123482,0.36428543876518,0,0.129395501075404,1.03969471120323,11
1837,21,11,"random","skewed","random","calendar",0.63571456123482,0.36428543876518,0,0.129395501075404,1.03969471120323,11
1837,21,11,"random","skewed","random","stacked",0.648416476317287,0.351583523682713,0,0.351583523682713,0.98487056326405,11
1838,21,11,"random","skewed","random","simple",0.290322580645161,0.709677419354839,0,0,1.5313674842078,11
1838,21,11,"random","skewed","random","group",0.458333333333333,0.541666666666667,0,0,1.5313674842078,11
1838,21,11,"random","skewed","random","dynamic",0.25753411784825,0.74246588215175,0,0,1.5313674842078,11
1838,21,11,"random","skewed","random","calendar",0.25753411784825,0.74246588215175,0,0,1.5313674842078,11
1838,21,11,"random","skewed","random","stacked",0.614795943050689,0.385204056949311,0,0.181578728052836,1.4083322179545,11
1839,21,11,"random","skewed","random","simple",0.218666666666667,0.781333333333333,0,0.136,1.5313674842078,11
1839,21,11,"random","skewed","random","group",0.333333333333333,0.666666666666667,0,0.125,1.03969471120323,11
1839,21,11,"random","skewed","random","dynamic",0.195066296986935,0.804933703013065,0,0.131188227209687,1.5313674842078,11
1839,21,11,"random","skewed","random","calendar",0.195066296986935,0.804933703013065,0,0.131188227209687,1.5313674842078,11
1839,21,11,"random","skewed","random","stacked",0.491059953956023,0.508940046043977,0,0.310700012515892,0.98487056326405,11
1840,21,11,"random","skewed","random","simple",0.167613636363636,0.832386363636364,0,0.144886363636364,1.5313674842078,11
1840,21,11,"random","skewed","random","group",0.333333333333333,0.666666666666667,0,0.125,1.03969471120323,11
1840,21,11,"random","skewed","random","dynamic",0.149056597080345,0.850943402919655,0,0.139815045942172,1.5313674842078,11
1840,21,11,"random","skewed","random","calendar",0.149056597080345,0.850943402919655,0,0.139815045942172,1.5313674842078,11
1840,21,11,"random","skewed","random","stacked",0.441018232365614,0.558981767634386,0,0.341249708192842,0.98487056326405,11
1841,21,11,"random","skewed","random","simple",0.298550724637681,0.701449275362319,0,0,1.5313674842078,11
1841,21,11,"random","skewed","random","group",0.458333333333333,0.541666666666667,0,0,1.5313674842078,11
1841,21,11,"random","skewed","random","dynamic",0.265808682003307,0.734191317996693,0,0,1.5313674842078,11
1841,21,11,"random","skewed","random","calendar",0.265808682003307,0.734191317996693,0,0,1.5313674842078,11
1841,21,11,"random","skewed","random","stacked",0.615316142736286,0.384683857263714,0,0.181333514650899,1.4083322179545,11
1842,21,11,"random","skewed","random","simple",0.3125,0.6875,0,0,1.5313674842078,11
1842,21,11,"random","skewed","random","group",0.458333333333333,0.541666666666667,0,0,1.5313674842078,11
1842,21,11,"random","skewed","random","dynamic",0.283214546991283,0.716785453008717,0,0,1.5313674842078,11
1842,21,11,"random","skewed","random","calendar",0.283214546991283,0.716785453008717,0,0,1.5313674842078,11
1842,21,11,"random","skewed","random","stacked",0.61060460781051,0.38939539218949,0,0.183554453147171,1.4083322179545,11
1843,21,11,"random","skewed","random","simple",0.271084337349398,0.728915662650602,0,0,1.5313674842078,11
1843,21,11,"random","skewed","random","group",0.458333333333333,0.541666666666667,0,0,1.5313674842078,11
1843,21,11,"random","skewed","random","dynamic",0.240562143784225,0.759437856215775,0,0,1.5313674842078,11
1843,21,11,"random","skewed","random","calendar",0.240562143784225,0.759437856215775,0,0,1.5313674842078,11
1843,21,11,"random","skewed","random","stacked",0.598508076933725,0.401491923066275,0,0.189256554801691,1.4083322179545,11
1844,21,11,"random","skewed","random","simple",0.559870550161812,0.440129449838188,0,0.440129449838188,0.570742777277959,11
1844,21,11,"random","skewed","random","group",0.666666666666667,0.333333333333333,0,0.333333333333333,0.570742777277959,11
1844,21,11,"random","skewed","random","dynamic",0.490009413972737,0.509990586027263,0,0.509990586027263,0.570742777277959,11
1844,21,11,"random","skewed","random","calendar",0.490009413972737,0.509990586027263,0,0.509990586027263,0.570742777277959,11
1844,21,11,"random","skewed","random","stacked",0.742570431099831,0.257429568900169,0,0.257429568900169,0.524887363545659,11
1845,21,11,"random","skewed","random","simple",0.271084337349398,0.728915662650602,0,0,1.5313674842078,11
1845,21,11,"random","skewed","random","group",0.458333333333333,0.541666666666667,0,0,1.5313674842078,11
1845,21,11,"random","skewed","random","dynamic",0.231086709608204,0.768913290391796,0,0,1.5313674842078,11
1845,21,11,"random","skewed","random","calendar",0.231086709608204,0.768913290391796,0,0,1.5313674842078,11
1845,21,11,"random","skewed","random","stacked",0.625405037610988,0.374594962389012,0,0.176577778916142,1.4083322179545,11
1846,21,11,"random","skewed","random","simple",0.329192546583851,0.670807453416149,0,0.670807453416149,0.570742777277959,11
1846,21,11,"random","skewed","random","group",0.458333333333333,0.541666666666667,0,0.541666666666667,0.570742777277959,11
1846,21,11,"random","skewed","random","dynamic",0.296250074225002,0.703749925774998,0,0.703749925774998,0.570742777277959,11
1846,21,11,"random","skewed","random","calendar",0.296250074225002,0.703749925774998,0,0.703749925774998,0.570742777277959,11
1846,21,11,"random","skewed","random","stacked",0.513107865178899,0.486892134821101,0,0.486892134821101,0.524887363545659,11
1847,21,11,"random","skewed","random","simple",0.620967741935484,0.379032258064516,0,0.137096774193548,1.03969471120323,11
1847,21,11,"random","skewed","random","group",0.666666666666667,0.333333333333333,0,0.125,1.03969471120323,11
1847,21,11,"random","skewed","random","dynamic",0.636450159822081,0.363549840177919,0,0.129119651605181,1.03969471120323,11
1847,21,11,"random","skewed","random","calendar",0.636450159822081,0.363549840177919,0,0.129119651605181,1.03969471120323,11
1847,21,11,"random","skewed","random","stacked",0.661040582646517,0.338959417353484,0,0.338959417353484,0.98487056326405,11
1848,21,11,"random","skewed","random","simple",0.312312312312312,0.687687687687688,0,0.687687687687688,0.84833027763666,11
1848,21,11,"random","skewed","random","group",0.458333333333333,0.541666666666667,0,0.541666666666667,0.84833027763666,11
1848,21,11,"random","skewed","random","dynamic",0.279760672153659,0.720239327846341,0,0.720239327846341,0.84833027763666,11
1848,21,11,"random","skewed","random","calendar",0.279760672153659,0.720239327846341,0,0.720239327846341,0.84833027763666,11
1848,21,11,"random","skewed","random","stacked",0.55852628301169,0.44147371698831,0,0.44147371698831,0.780172541067144,11
1849,21,11,"random","skewed","random","simple",0.596205962059621,0.403794037940379,0,0,1.87680991261445,11
1849,21,11,"random","skewed","random","group",0.666666666666667,0.333333333333333,0,0,1.87680991261445,11
1849,21,11,"random","skewed","random","dynamic",0.60193415579201,0.39806584420799,0,0,1.87680991261445,11
1849,21,11,"random","skewed","random","calendar",0.60193415579201,0.39806584420799,0,0,1.87680991261445,11
1849,21,11,"random","skewed","random","stacked",0.697035027492397,0.302964972507603,0,0,1.77784383805991,11
1850,21,11,"random","skewed","random","simple",0.605405405405405,0.394594594594595,0,0.137837837837838,1.87680991261445,11
1850,21,11,"random","skewed","random","group",0.666666666666667,0.333333333333333,0,0.125,1.87680991261445,11
1850,21,11,"random","skewed","random","dynamic",0.611931636213505,0.388068363786495,0,0.131102559496859,1.87680991261445,11
1850,21,11,"random","skewed","random","calendar",0.611931636213505,0.388068363786495,0,0.131102559496859,1.87680991261445,11
1850,21,11,"random","skewed","random","stacked",0.678053353829941,0.321946646170059,0,0.166908975828987,0.854271745308325,11
1851,21,11,"random","skewed","random","simple",0.270096463022508,0.729903536977492,0,0.241157556270096,1.5313674842078,11
1851,21,11,"random","skewed","random","group",0.458333333333333,0.541666666666667,0,0.208333333333333,1.5313674842078,11
1851,21,11,"random","skewed","random","dynamic",0.217741104613408,0.782258895386592,0,0.219897145998892,1.5313674842078,11
1851,21,11,"random","skewed","random","calendar",0.217741104613408,0.782258895386592,0,0.219897145998892,1.5313674842078,11
1851,21,11,"random","skewed","random","stacked",0.556405728095574,0.443594271904426,0,0.265172815660969,0.384174999142706,11
1852,21,11,"random","skewed","random","simple",0.597142857142857,0.402857142857143,0,0.145714285714286,1.03969471120323,11
1852,21,11,"random","skewed","random","group",0.666666666666667,0.333333333333333,0,0.125,1.03969471120323,11
1852,21,11,"random","skewed","random","dynamic",0.614402703158256,0.385597296841744,0,0.137387447854116,1.03969471120323,11
1852,21,11,"random","skewed","random","calendar",0.614402703158256,0.385597296841744,0,0.137387447854116,1.03969471120323,11
1852,21,11,"random","skewed","random","stacked",0.617658471354076,0.382341528645924,0,0.382341528645924,0.98487056326405,11
1853,21,11,"random","skewed","random","simple",0.609947643979058,0.390052356020942,0,0,1.87680991261445,11
1853,21,11,"random","skewed","random","group",0.666666666666667,0.333333333333333,0,0,1.87680991261445,11
1853,21,11,"random","skewed","random","dynamic",0.616842316684826,0.383157683315174,0,0,1.87680991261445,11
1853,21,11,"random","skewed","random","calendar",0.616842316684826,0.383157683315174,0,0,1.87680991261445,11
1853,21,11,"random","skewed","random","stacked",0.693324334129735,0.306675665870265,0,0,1.77784383805991,11
1854,21,11,"random","skewed","random","simple",0.767123287671233,0.232876712328767,0,0.232876712328767,0.699489647648167,11
1854,21,11,"random","skewed","random","group",0.791666666666667,0.208333333333333,0,0.208333333333333,0.699489647648167,11
1854,21,11,"random","skewed","random","dynamic",0.78343650173767,0.216563498262331,0,0.216563498262331,0.699489647648167,11
1854,21,11,"random","skewed","random","calendar",0.783436501737669,0.21656349826233,0,0.21656349826233,0.699489647648167,11
1854,21,11,"random","skewed","random","stacked",0.757063155630327,0.242936844369673,0,0.242936844369673,0.662604854918761,11
1855,21,11,"random","skewed","random","simple",0.614987080103359,0.385012919896641,0,0,1.87680991261445,11
1855,21,11,"random","skewed","random","group",0.666666666666667,0.333333333333333,0,0,1.87680991261445,11
1855,21,11,"random","skewed","random","dynamic",0.621725176007044,0.378274823992956,0,0,1.87680991261445,11
1855,21,11,"random","skewed","random","calendar",0.621725176007044,0.378274823992956,0,0,1.87680991261445,11
1855,21,11,"random","skewed","random","stacked",0.695455783177921,0.304544216822079,0,0,1.77784383805991,11
1856,21,11,"random","skewed","random","simple",0.318452380952381,0.681547619047619,0,0.681547619047619,0.84833027763666,11
1856,21,11,"random","skewed","random","group",0.458333333333333,0.541666666666667,0,0.541666666666667,0.84833027763666,11
1856,21,11,"random","skewed","random","dynamic",0.289967672535425,0.710032327464575,0,0.710032327464575,0.84833027763666,11
1856,21,11,"random","skewed","random","calendar",0.289967672535425,0.710032327464575,0,0.710032327464575,0.84833027763666,11
1856,21,11,"random","skewed","random","stacked",0.550781544127478,0.449218455872522,0,0.449218455872522,0.780172541067144,11
1857,21,11,"random","skewed","random","simple",0.599462365591398,0.400537634408602,0,0,1.87680991261445,11
1857,21,11,"random","skewed","random","group",0.666666666666667,0.333333333333333,0,0,1.87680991261445,11
1857,21,11,"random","skewed","random","dynamic",0.605018614594601,0.394981385405399,0,0,1.87680991261445,11
1857,21,11,"random","skewed","random","calendar",0.605018614594601,0.394981385405399,0,0,1.87680991261445,11
1857,21,11,"random","skewed","random","stacked",0.702182894852629,0.297817105147371,0,0,1.77784383805991,11
1858,21,11,"random","skewed","random","simple",0.76123595505618,0.23876404494382,0,0.23876404494382,0.699489647648167,11
1858,21,11,"random","skewed","random","group",0.791666666666667,0.208333333333333,0,0.208333333333333,0.699489647648167,11
1858,21,11,"random","skewed","random","dynamic",0.775051853078421,0.224948146921579,0,0.224948146921579,0.699489647648167,11
1858,21,11,"random","skewed","random","calendar",0.775051853078421,0.224948146921579,0,0.224948146921579,0.699489647648167,11
1858,21,11,"random","skewed","random","stacked",0.769627299839322,0.230372700160678,0,0.230372700160678,0.662604854918761,11
1859,21,11,"random","skewed","random","simple",0.746478873239437,0.253521126760563,0,0,1.03969471120323,11
1859,21,11,"random","skewed","random","group",0.791666666666667,0.208333333333333,0,0,1.03969471120323,11
1859,21,11,"random","skewed","random","dynamic",0.74881672839507,0.25118327160493,0,0,1.03969471120323,11
1859,21,11,"random","skewed","random","calendar",0.74881672839507,0.25118327160493,0,0,1.03969471120323,11
1859,21,11,"random","skewed","random","stacked",0.81833298978198,0.18166701021802,0,0.18166701021802,0.98487056326405,11
1860,21,11,"random","skewed","random","simple",0.546099290780142,0.453900709219858,0,0.453900709219858,0.42225765384893,11
1860,21,11,"random","skewed","random","group",0.666666666666667,0.333333333333333,0,0.333333333333333,0.42225765384893,11
1860,21,11,"random","skewed","random","dynamic",0.497263038277138,0.502736961722862,0,0.502736961722862,0.42225765384893,11
1860,21,11,"random","skewed","random","calendar",0.497263038277138,0.502736961722862,0,0.502736961722862,0.42225765384893,11
1860,21,11,"random","skewed","random","stacked",0.687452679158438,0.312547320841562,0,0.312547320841562,0.388332039386984,11
1861,21,11,"random","skewed","random","simple",0.610966057441253,0.389033942558747,0,0,1.87680991261445,11
1861,21,11,"random","skewed","random","group",0.666666666666667,0.333333333333333,0,0,1.87680991261445,11
1861,21,11,"random","skewed","random","dynamic",0.617497941253494,0.382502058746506,0,0,1.87680991261445,11
1861,21,11,"random","skewed","random","calendar",0.617497941253494,0.382502058746506,0,0,1.87680991261445,11
1861,21,11,"random","skewed","random","stacked",0.698597977645063,0.301402022354937,0,0,1.77784383805991,11
1862,21,11,"random","skewed","random","simple",0.733727810650888,0.266272189349112,0,0,1.03969471120323,11
1862,21,11,"random","skewed","random","group",0.791666666666667,0.208333333333333,0,0,1.03969471120323,11
1862,21,11,"random","skewed","random","dynamic",0.738505738056906,0.261494261943094,0,0,1.03969471120323,11
1862,21,11,"random","skewed","random","calendar",0.738505738056906,0.261494261943094,0,0,1.03969471120323,11
1862,21,11,"random","skewed","random","stacked",0.796900055629729,0.203099944370271,0,0.203099944370271,0.98487056326405,11
1863,21,11,"random","skewed","random","simple",0.315634218289086,0.684365781710914,0,0.23598820058997,1.5313674842078,11
1863,21,11,"random","skewed","random","group",0.458333333333333,0.541666666666667,0,0.208333333333333,1.5313674842078,11
1863,21,11,"random","skewed","random","dynamic",0.27217806467183,0.72782193532817,0,0.219202768648486,1.5313674842078,11
1863,21,11,"random","skewed","random","calendar",0.27217806467183,0.72782193532817,0,0.219202768648486,1.5313674842078,11
1863,21,11,"random","skewed","random","stacked",0.576429096410487,0.423570903589513,0,0.2410822568988,0.490220783522322,11
1864,21,11,"random","skewed","random","simple",0.621827411167513,0.378172588832487,0,0,1.87680991261445,11
1864,21,11,"random","skewed","random","group",0.666666666666667,0.333333333333333,0,0,1.87680991261445,11
1864,21,11,"random","skewed","random","dynamic",0.627070059956047,0.372929940043953,0,0,1.87680991261445,11
1864,21,11,"random","skewed","random","calendar",0.627070059956047,0.372929940043953,0,0,1.87680991261445,11
1864,21,11,"random","skewed","random","stacked",0.719798864112217,0.280201135887783,0,0,1.77784383805991,11
1865,21,11,"random","skewed","random","simple",0.625,0.375,0,0.13563829787234,1.03969471120323,11
1865,21,11,"random","skewed","random","group",0.666666666666667,0.333333333333333,0,0.125,1.03969471120323,11
1865,21,11,"random","skewed","random","dynamic",0.643767023048892,0.356232976951109,0,0.126375827895127,1.03969471120323,11
1865,21,11,"random","skewed","random","calendar",0.643767023048891,0.356232976951109,0,0.126375827895127,1.03969471120323,11
1865,21,11,"random","skewed","random","stacked",0.628492160645546,0.371507839354454,0,0.371507839354454,0.98487056326405,11
1866,21,11,"random","skewed","random","simple",0.557093425605536,0.442906574394464,0,0.442906574394464,0.42225765384893,11
1866,21,11,"random","skewed","random","group",0.666666666666667,0.333333333333333,0,0.333333333333333,0.42225765384893,11
1866,21,11,"random","skewed","random","dynamic",0.506017923630489,0.493982076369511,0,0.493982076369511,0.42225765384893,11
1866,21,11,"random","skewed","random","calendar",0.506017923630489,0.493982076369511,0,0.493982076369511,0.42225765384893,11
1866,21,11,"random","skewed","random","stacked",0.697589900352702,0.302410099647298,0,0.302410099647298,0.388332039386984,11
1867,21,11,"random","skewed","random","simple",0.606469002695418,0.393530997304582,0,0.137466307277628,1.87680991261445,11
1867,21,11,"random","skewed","random","group",0.666666666666667,0.333333333333333,0,0.125,1.87680991261445,11
1867,21,11,"random","skewed","random","dynamic",0.613505448874274,0.386494551125726,0,0.13051237974907,1.87680991261445,11
1867,21,11,"random","skewed","random","calendar",0.613505448874274,0.386494551125726,0,0.13051237974907,1.87680991261445,11
1867,21,11,"random","skewed","random","stacked",0.672682821320012,0.327317178679988,0,0.169693257297834,0.854271745308325,11
1868,21,11,"random","skewed","random","simple",0.588732394366197,0.411267605633803,0,0.143661971830986,1.87680991261445,11
1868,21,11,"random","skewed","random","group",0.666666666666667,0.333333333333333,0,0.125,1.87680991261445,11
1868,21,11,"random","skewed","random","dynamic",0.596584042630617,0.403415957369383,0,0.136857907090442,1.87680991261445,11
1868,21,11,"random","skewed","random","calendar",0.596584042630617,0.403415957369383,0,0.136857907090442,1.87680991261445,11
1868,21,11,"random","skewed","random","stacked",0.641593388370059,0.358406611629941,0,0.185811162157261,0.854271745308325,11
1869,21,11,"random","skewed","random","simple",0.606145251396648,0.393854748603352,0,0.142458100558659,1.03969471120323,11
1869,21,11,"random","skewed","random","group",0.666666666666667,0.333333333333333,0,0.125,1.03969471120323,11
1869,21,11,"random","skewed","random","dynamic",0.622963779762811,0.377036220237189,0,0.134177044127408,1.03969471120323,11
1869,21,11,"random","skewed","random","calendar",0.622963779762811,0.377036220237189,0,0.134177044127408,1.03969471120323,11
1869,21,11,"random","skewed","random","stacked",0.633681991192267,0.366318008807733,0,0.366318008807733,0.98487056326405,11
1870,21,11,"random","skewed","random","simple",0.601604278074866,0.398395721925134,0,0,1.87680991261445,11
1870,21,11,"random","skewed","random","group",0.666666666666667,0.333333333333333,0,0,1.87680991261445,11
1870,21,11,"random","skewed","random","dynamic",0.607909968764727,0.392090031235273,0,0,1.87680991261445,11
1870,21,11,"random","skewed","random","calendar",0.607909968764727,0.392090031235273,0,0,1.87680991261445,11
1870,21,11,"random","skewed","random","stacked",0.695984024113339,0.304015975886661,0,0,1.77784383805991,11
1871,21,11,"random","skewed","random","simple",0.340909090909091,0.659090909090909,0,0.659090909090909,0.42225765384893,11
1871,21,11,"random","skewed","random","group",0.458333333333333,0.541666666666667,0,0.541666666666667,0.42225765384893,11
1871,21,11,"random","skewed","random","dynamic",0.312451680168462,0.687548319831538,0,0.687548319831538,0.42225765384893,11
1871,21,11,"random","skewed","random","calendar",0.312451680168462,0.687548319831538,0,0.687548319831538,0.42225765384893,11
1871,21,11,"random","skewed","random","stacked",0.47819484041866,0.52180515958134,0,0.52180515958134,0.388332039386984,11
1872,21,11,"random","skewed","random","simple",0.319148936170213,0.680851063829787,0,0.680851063829787,0.84833027763666,11
1872,21,11,"random","skewed","random","group",0.458333333333333,0.541666666666667,0,0.541666666666667,0.84833027763666,11
1872,21,11,"random","skewed","random","dynamic",0.282164693112219,0.717835306887782,0,0.717835306887782,0.84833027763666,11
1872,21,11,"random","skewed","random","calendar",0.282164693112219,0.717835306887782,0,0.717835306887782,0.84833027763666,11
1872,21,11,"random","skewed","random","stacked",0.538930536752303,0.461069463247697,0,0.461069463247697,0.780172541067144,11
