"T","G","placement","size","arm","n_uncheck","n_unident_stacked","simple","group","dynamic","calendar","stacked"
15,3,"early","equal","grid",0,0,0,0,0,0,0
15,3,"early","skewed","grid",0,0,0,0,0,0,0
15,3,"late","equal","grid",3,0,1,1,1,1,1
15,3,"late","skewed","grid",3,0,1,1,1,1,1
15,3,"spread","equal","grid",2,0,0.391304347826087,0.666666666666667,0.297619047619048,0.297619047619048,0.833333333333333
15,3,"spread","skewed","grid",2,0,0.27741935483871,0.5,0.228021978021978,0.228021978021978,0.755218216318786
15,5,"early","equal","grid",1,0,0.166666666666667,0.2,0.142857142857143,0.142857142857143,0.294117647058824
15,5,"early","skewed","grid",2,2,0.0897435897435897,0.111111111111111,0.0835667600373483,0.0835667600373483,0.228661583621952
15,5,"late","equal","grid",5,0,1,1,1,1,1
15,5,"late","skewed","grid",5,2,1,1,1,1,1
15,5,"spread","equal","grid",3,0,0.342105263157895,0.6,0.245238095238095,0.245238095238095,0.662790697674419
15,5,"spread","skewed","grid",3,2,0.147959183673469,0.277777777777778,0.123832866479925,0.123832866479925,0.424241206232132
15,8,"early","equal","grid",4,0,0.404761904761905,0.5,0.318707482993197,0.318707482993197,0.642857142857143
15,8,"early","skewed","grid",5,5,0.174418604651163,0.238095238095238,0.156749717430832,0.156749717430832,0.450537985877591
15,8,"late","equal","grid",8,0,1,1,1,1,1
15,8,"late","skewed","grid",7,5,0.515151515151515,0.619047619047619,0.470947211543187,0.470947211543187,0.602318012395673
15,8,"spread","equal","grid",6,0,0.566666666666667,0.75,0.419897959183674,0.419897959183673,0.83974358974359
15,8,"spread","skewed","grid",6,5,0.238938053097345,0.380952380952381,0.205598642965958,0.205598642965958,0.577564789709313
15,11,"early","equal","grid",7,0,0.494949494949495,0.636363636363636,0.368779633065347,0.368779633065347,0.752066115702479
15,11,"early","skewed","grid",8,8,0.21978021978022,0.333333333333333,0.191166646257699,0.191166646257699,0.562690434020292
15,11,"late","equal","grid",10,0,0.833333333333333,0.909090909090909,0.725465695920241,0.725465695920241,0.909090909090909
15,11,"late","skewed","grid",9,8,0.313432835820896,0.458333333333333,0.277229145561938,0.277229145561938,0.481362757977064
15,11,"spread","equal","grid",8,0,0.542168674698795,0.727272727272727,0.400502473716759,0.400502473716759,0.805555555555556
15,11,"spread","skewed","grid",8,8,0.176470588235294,0.333333333333333,0.150496789798369,0.150496789798369,0.505834851358711
21,3,"early","equal","grid",0,0,0,0,0,0,0
21,3,"early","skewed","grid",0,0,0,0,0,0,0
21,3,"late","equal","grid",3,0,1,1,1,1,1
21,3,"late","skewed","grid",3,0,1,1,1,1,1
21,3,"spread","equal","grid",2,0,0.354838709677419,0.666666666666667,0.258333333333333,0.258333333333333,0.866666666666667
21,3,"spread","skewed","grid",2,0,0.248826291079812,0.5,0.198076923076923,0.198076923076923,0.803353658536585
21,5,"early","equal","grid",1,0,0.177777777777778,0.2,0.16,0.16,0.307692307692308
21,5,"early","skewed","grid",2,2,0.0964912280701754,0.111111111111111,0.0918300653594772,0.0918300653594772,0.241734124538909
21,5,"late","equal","grid",5,0,1,1,1,1,1
21,5,"late","skewed","grid",5,2,1,1,1,1,1
21,5,"spread","equal","grid",4,0,0.615384615384615,0.8,0.485833333333333,0.485833333333333,0.939393939393939
21,5,"spread","skewed","grid",3,2,0.136029411764706,0.277777777777778,0.110212418300654,0.110212418300654,0.437190742218675
21,8,"early","equal","grid",4,0,0.439393939393939,0.5,0.373095238095238,0.373095238095238,0.673913043478261
21,8,"early","skewed","grid",5,5,0.1953125,0.238095238095238,0.181153373630154,0.181153373630154,0.486594921444125
21,8,"late","equal","grid",8,0,1,1,1,1,1
21,8,"late","skewed","grid",8,5,1,1,1,1,1
21,8,"spread","equal","grid",6,0,0.55952380952381,0.75,0.426309523809524,0.426309523809524,0.846153846153846
21,8,"spread","skewed","grid",6,5,0.239130434782609,0.380952380952381,0.208212350729766,0.208212350729766,0.59336003878724
21,11,"early","equal","grid",7,0,0.551515151515152,0.636363636363636,0.449054834054834,0.449054834054834,0.795454545454545
21,11,"early","skewed","grid",8,8,0.258992805755396,0.333333333333333,0.233816652380389,0.233816652380389,0.623253746241177
21,11,"late","equal","grid",11,0,1,1,1,1,1
21,11,"late","skewed","grid",11,8,1,1,1,1,1
21,11,"spread","equal","grid",9,0,0.669565217391304,0.818181818181818,0.521782106782107,0.521782106782107,0.910843373493976
21,11,"spread","skewed","grid",9,8,0.303621169916435,0.458333333333333,0.266245919767255,0.266245919767255,0.702784066278118
30,3,"early","equal","grid",0,0,0,0,0,0,0
30,3,"early","skewed","grid",0,0,0,0,0,0,0
30,3,"late","equal","grid",3,0,1,1,1,1,1
30,3,"late","skewed","grid",3,0,1,1,1,1,1
30,3,"spread","equal","grid",2,0,0.355555555555556,0.666666666666667,0.264367816091954,0.264367816091954,0.897526501766784
30,3,"spread","skewed","grid",2,0,0.251612903225806,0.5,0.202917771883289,0.202917771883289,0.848278379364886
30,5,"early","equal","grid",1,0,0.185185185185185,0.2,0.172413793103448,0.172413793103448,0.316455696202532
30,5,"early","skewed","grid",2,2,0.101190476190476,0.111111111111111,0.0978138381789498,0.0978138381789498,0.250553775213205
30,5,"late","equal","grid",5,0,1,1,1,1,1
30,5,"late","skewed","grid",5,2,1,1,1,1,1
30,5,"spread","equal","grid",4,0,0.613333333333333,0.8,0.490229885057471,0.490229885057471,0.954330708661417
30,5,"spread","skewed","grid",4,2,0.414141414141414,0.555555555555556,0.360473986234635,0.360473986234635,0.892798807920452
30,8,"early","equal","grid",4,0,0.46078431372549,0.5,0.41247947454844,0.41247947454844,0.691780821917808
30,8,"early","skewed","grid",5,5,0.209424083769634,0.238095238095238,0.198824986740008,0.198824986740008,0.508969529809366
30,8,"late","equal","grid",8,0,1,1,1,1,1
30,8,"late","skewed","grid",8,5,1,1,1,1,1
30,8,"spread","equal","grid",7,0,0.758333333333333,0.875,0.638054187192118,0.638054187192118,0.974290780141844
30,8,"spread","skewed","grid",6,5,0.232258064516129,0.380952380952381,0.201599926116847,0.201599926116847,0.633290271928758
30,11,"early","equal","grid",7,0,0.583333333333333,0.636363636363636,0.507185152012738,0.507185152012738,0.816824966078697
30,11,"early","skewed","grid",8,8,0.28436018957346,0.333333333333333,0.264701139572682,0.264701139572682,0.656305123356388
30,11,"late","equal","grid",11,0,1,1,1,1,1
30,11,"late","skewed","grid",11,8,1,1,1,1,1
30,11,"spread","equal","grid",9,0,0.666666666666667,0.818181818181818,0.522794446932378,0.522794446932378,0.918052988293284
30,11,"spread","skewed","grid",9,8,0.301158301158301,0.458333333333333,0.264256646756032,0.264256646756032,0.72701601156843
21,5,"random","equal","random",4,0,0.641509433962264,0.8,0.532456140350877,0.532456140350877,0.898395721925134
21,5,"random","equal","random",4,0,0.660377358490566,0.8,0.528703703703704,0.528703703703704,0.867647058823529
21,5,"random","equal","random",4,0,0.62,0.8,0.449122807017544,0.449122807017544,0.905940594059406
21,5,"random","equal","random",4,0,0.689655172413793,0.8,0.589814814814815,0.589814814814815,0.867647058823529
21,5,"random","equal","random",3,0,0.372881355932203,0.6,0.270175438596491,0.270175438596491,0.747252747252747
21,5,"random","equal","random",4,0,0.666666666666667,0.8,0.469298245614035,0.469298245614035,0.914798206278027
21,5,"random","equal","random",4,0,0.638297872340426,0.8,0.551960784313726,0.551960784313726,0.792682926829268
21,5,"random","equal","random",4,0,0.645833333333333,0.8,0.577450980392157,0.577450980392157,0.818181818181818
21,5,"random","equal","random",5,0,1,1,1,1,1
21,5,"random","equal","random",4,0,0.6,0.8,0.449166666666667,0.449166666666667,0.942528735632184
21,5,"random","equal","random",5,0,1,1,1,1,1
21,5,"random","equal","random",5,0,1,1,1,1,1
21,5,"random","equal","random",3,0,0.239130434782609,0.6,0.15,0.15,0.598684210526316
21,5,"random","equal","random",4,0,0.625,0.8,0.507407407407407,0.507407407407408,0.850828729281768
21,5,"random","equal","random",4,0,0.583333333333333,0.8,0.421666666666667,0.421666666666667,0.940828402366864
21,5,"random","equal","random",4,0,0.704918032786885,0.8,0.628703703703704,0.628703703703704,0.863636363636364
21,5,"random","equal","random",5,0,1,1,1,1,1
21,5,"random","equal","random",4,0,0.525,0.8,0.296491228070175,0.296491228070175,0.888235294117647
21,5,"random","equal","random",4,0,0.666666666666667,0.8,0.469298245614035,0.469298245614035,0.914798206278027
21,5,"random","equal","random",5,0,1,1,1,1,1
21,5,"random","equal","random",4,0,0.595238095238095,0.8,0.502941176470588,0.502941176470588,0.792682926829268
21,5,"random","equal","random",3,0,0.5,0.6,0.433333333333333,0.433333333333333,0.712264150943396
21,5,"random","equal","random",3,0,0.327272727272727,0.6,0.211666666666667,0.211666666666667,0.744186046511628
21,5,"random","equal","random",4,0,0.696428571428571,0.8,0.587254901960784,0.587254901960784,0.844748858447489
21,5,"random","equal","random",5,0,1,1,1,1,1
21,5,"random","equal","random",3,0,0.426229508196721,0.6,0.340740740740741,0.340740740740741,0.690355329949239
21,5,"random","equal","random",4,0,0.653846153846154,0.8,0.450925925925926,0.450925925925926,0.88
21,5,"random","equal","random",4,0,0.677966101694915,0.8,0.553508771929825,0.553508771929825,0.901041666666667
21,5,"random","equal","random",4,0,0.706896551724138,0.8,0.635294117647059,0.635294117647059,0.849557522123894
21,5,"random","equal","random",5,0,1,1,1,1,1
21,5,"random","equal","random",4,0,0.696428571428571,0.8,0.612745098039216,0.612745098039216,0.842592592592593
21,5,"random","equal","random",4,0,0.655172413793103,0.8,0.415833333333333,0.415833333333333,0.955752212389381
21,5,"random","equal","random",5,0,1,1,1,1,1
21,5,"random","equal","random",5,0,1,1,1,1,1
21,5,"random","equal","random",4,0,0.615384615384615,0.8,0.4925,0.4925,0.935483870967742
21,5,"random","equal","random",5,0,1,1,1,1,1
21,5,"random","equal","random",4,0,0.653061224489796,0.8,0.58921568627451,0.58921568627451,0.818181818181818
21,5,"random","equal","random",3,0,0.434782608695652,0.6,0.346666666666667,0.346666666666667,0.837078651685393
21,5,"random","equal","random",4,0,0.627450980392157,0.8,0.418421052631579,0.418421052631579,0.910377358490566
21,5,"random","equal","random",5,0,1,1,1,1,1
21,5,"random","equal","random",4,0,0.583333333333333,0.8,0.4275,0.4275,0.937888198757764
21,5,"random","equal","random",4,0,0.701754385964912,0.8,0.659803921568627,0.659803921568628,0.812154696132597
21,5,"random","equal","random",5,0,1,1,1,1,1
21,5,"random","equal","random",4,0,0.71875,0.8,0.634259259259259,0.634259259259259,0.873239436619718
21,5,"random","equal","random",4,0,0.641509433962264,0.8,0.474561403508772,0.474561403508772,0.904522613065327
21,5,"random","equal","random",5,0,1,1,1,1,1
21,5,"random","equal","random",4,0,0.513513513513514,0.8,0.292592592592593,0.292592592592593,0.843023255813954
21,5,"random","equal","random",3,0,0.396551724137931,0.6,0.316666666666667,0.316666666666667,0.675531914893617
21,5,"random","equal","random",5,0,1,1,1,1,1
21,5,"random","equal","random",4,0,0.595744680851064,0.8,0.401754385964912,0.401754385964912,0.898395721925134
21,5,"random","equal","random",3,0,0.409836065573771,0.6,0.317543859649123,0.317543859649123,0.707182320441989
21,5,"random","equal","random",5,0,1,1,1,1,1
21,5,"random","equal","random",5,0,1,1,1,1,1
21,5,"random","equal","random",3,0,0.428571428571429,0.6,0.296491228070175,0.296491228070175,0.752336448598131
21,5,"random","equal","random",5,0,1,1,1,1,1
21,5,"random","equal","random",5,0,1,1,1,1,1
21,5,"random","equal","random",4,0,0.642857142857143,0.8,0.518333333333333,0.518333333333333,0.945652173913043
21,5,"random","equal","random",3,0,0.430769230769231,0.6,0.355,0.355,0.712418300653595
21,5,"random","equal","random",3,0,0.449275362318841,0.6,0.371666666666667,0.371666666666667,0.789772727272727
21,5,"random","equal","random",5,0,1,1,1,1,1
21,5,"random","equal","random",4,0,0.673076923076923,0.8,0.615686274509804,0.615686274509804,0.819148936170213
21,5,"random","equal","random",4,0,0.641509433962264,0.8,0.494736842105263,0.494736842105263,0.904522613065327
21,5,"random","equal","random",5,0,1,1,1,1,1
21,5,"random","equal","random",4,0,0.703125,0.8,0.57280701754386,0.57280701754386,0.912037037037037
21,5,"random","equal","random",3,0,0.526315789473684,0.6,0.440350877192982,0.440350877192982,0.740196078431372
21,5,"random","equal","random",3,0,0.463768115942029,0.6,0.385964912280702,0.385964912280702,0.754010695187166
21,5,"random","equal","random",4,0,0.641509433962264,0.8,0.532456140350877,0.532456140350877,0.898395721925134
21,5,"random","equal","random",4,0,0.617021276595745,0.8,0.466666666666667,0.466666666666667,0.863636363636364
21,5,"random","equal","random",4,0,0.591836734693878,0.8,0.446666666666667,0.446666666666667,0.939759036144578
21,5,"random","equal","random",4,0,0.666666666666667,0.8,0.591666666666667,0.591666666666667,0.85
21,5,"random","equal","random",4,0,0.696428571428571,0.8,0.646078431372549,0.646078431372549,0.825641025641026
21,5,"random","equal","random",4,0,0.653061224489796,0.8,0.586274509803922,0.586274509803922,0.797619047619048
21,5,"random","equal","random",3,0,0.327586206896552,0.6,0.251666666666667,0.251666666666667,0.795774647887324
21,5,"random","equal","random",5,0,1,1,1,1,1
21,5,"random","equal","random",3,0,0.455882352941176,0.6,0.366666666666667,0.366666666666667,0.771144278606965
21,5,"random","equal","random",5,0,1,1,1,1,1
21,5,"random","equal","random",5,0,1,1,1,1,1
21,5,"random","equal","random",4,0,0.58695652173913,0.8,0.502631578947368,0.502631578947368,0.864285714285714
21,5,"random","equal","random",4,0,0.692307692307692,0.8,0.540833333333333,0.540833333333333,0.953051643192488
21,5,"random","equal","random",3,0,0.446153846153846,0.6,0.350877192982456,0.350877192982456,0.735
21,5,"random","equal","random",5,0,1,1,1,1,1
21,5,"random","equal","random",3,0,0.419354838709677,0.6,0.307017543859649,0.307017543859649,0.738916256157635
21,5,"random","equal","random",5,0,1,1,1,1,1
21,5,"random","equal","random",4,0,0.612244897959184,0.8,0.400877192982456,0.400877192982456,0.909090909090909
21,5,"random","equal","random",4,0,0.590909090909091,0.8,0.428703703703704,0.428703703703704,0.854054054054054
21,5,"random","equal","random",5,0,1,1,1,1,1
21,5,"random","equal","random",5,0,1,1,1,1,1
21,5,"random","equal","random",3,0,0.390625,0.6,0.303333333333333,0.303333333333333,0.826347305389222
21,5,"random","equal","random",3,0,0.415384615384615,0.6,0.311666666666667,0.311666666666667,0.794444444444445
21,5,"random","equal","random",5,0,1,1,1,1,1
21,5,"random","equal","random",3,0,0.471428571428571,0.6,0.408771929824561,0.408771929824561,0.752688172043011
21,5,"random","equal","random",4,0,0.73015873015873,0.8,0.667647058823529,0.667647058823529,0.852173913043478
21,5,"random","equal","random",3,0,0.525641025641026,0.6,0.457894736842105,0.457894736842105,0.760416666666667
21,5,"random","equal","random",4,0,0.555555555555556,0.8,0.3675,0.3675,0.939393939393939
21,5,"random","equal","random",4,0,0.72463768115942,0.8,0.620175438596491,0.620175438596491,0.910798122065728
21,5,"random","equal","random",4,0,0.622222222222222,0.8,0.476470588235294,0.476470588235294,0.826530612244898
21,5,"random","equal","random",3,0,0.403225806451613,0.6,0.319298245614035,0.319298245614035,0.75
21,5,"random","equal","random",4,0,0.739130434782609,0.8,0.661111111111111,0.661111111111111,0.876146788990826
21,5,"random","equal","random",4,0,0.685185185185185,0.8,0.597058823529412,0.597058823529412,0.84037558685446
21,5,"random","equal","random",3,0,0.485294117647059,0.6,0.414814814814815,0.414814814814815,0.713615023474178
21,5,"random","equal","random",4,0,0.683333333333333,0.8,0.594736842105263,0.594736842105263,0.886904761904762
21,5,"random","equal","random",5,0,1,1,1,1,1
21,5,"random","equal","random",4,0,0.634615384615385,0.8,0.544736842105263,0.544736842105263,0.880503144654088
21,5,"random","equal","random",4,0,0.571428571428571,0.8,0.339814814814815,0.339814814814815,0.865
21,5,"random","equal","random",2,0,0.23943661971831,0.4,0.181578947368421,0.181578947368421,0.56989247311828
21,5,"random","equal","random",3,0,0.506493506493507,0.6,0.425,0.425,0.798913043478261
21,5,"random","equal","random",5,0,1,1,1,1,1
21,5,"random","equal","random",5,0,1,1,1,1,1
21,5,"random","equal","random",4,0,0.622641509433962,0.8,0.48,0.48,0.939024390243902
21,5,"random","equal","random",5,0,1,1,1,1,1
21,5,"random","equal","random",4,0,0.484848484848485,0.8,0.248039215686274,0.248039215686274,0.791411042944785
21,5,"random","equal","random",5,0,1,1,1,1,1
21,5,"random","equal","random",2,0,0.236111111111111,0.4,0.1925,0.1925,0.547770700636943
21,5,"random","equal","random",4,0,0.565217391304348,0.8,0.3675,0.3675,0.943181818181818
21,5,"random","equal","random",3,0,0.26,0.6,0.156140350877193,0.156140350877193,0.697368421052632
21,5,"random","equal","random",5,0,1,1,1,1,1
21,5,"random","equal","random",4,0,0.46875,0.8,0.236274509803922,0.236274509803922,0.786163522012579
21,5,"random","equal","random",3,0,0.360655737704918,0.6,0.273333333333333,0.273333333333333,0.817610062893082
21,5,"random","equal","random",3,0,0.457142857142857,0.6,0.38,0.38,0.790960451977401
21,5,"random","equal","random",5,0,1,1,1,1,1
21,5,"random","equal","random",3,0,0.307692307692308,0.6,0.212280701754386,0.212280701754386,0.680722891566265
21,5,"random","equal","random",4,0,0.64,0.8,0.510185185185185,0.510185185185185,0.863636363636364
21,5,"random","equal","random",5,0,1,1,1,1,1
21,5,"random","equal","random",5,0,1,1,1,1,1
21,5,"random","equal","random",4,0,0.565217391304348,0.8,0.375833333333333,0.375833333333333,0.939759036144578
21,5,"random","equal","random",3,0,0.4,0.6,0.280701754385965,0.280701754385965,0.737623762376238
21,5,"random","equal","random",4,0,0.739130434782609,0.8,0.656481481481481,0.656481481481481,0.877272727272727
21,5,"random","equal","random",3,0,0.4,0.6,0.303333333333333,0.303333333333333,0.831395348837209
21,5,"random","equal","random",5,0,1,1,1,1,1
21,5,"random","equal","random",5,0,1,1,1,1,1
21,5,"random","equal","random",3,0,0.506666666666667,0.6,0.43859649122807,0.43859649122807,0.764102564102564
21,5,"random","equal","random",4,0,0.660714285714286,0.8,0.564912280701754,0.564912280701755,0.893258426966292
21,5,"random","equal","random",4,0,0.696428571428571,0.8,0.631372549019608,0.631372549019608,0.838095238095238
21,5,"random","equal","random",4,0,0.655172413793103,0.8,0.465,0.465,0.953271028037383
21,5,"random","equal","random",5,0,1,1,1,1,1
21,5,"random","equal","random",4,0,0.672413793103448,0.8,0.525438596491228,0.525438596491228,0.906862745098039
21,5,"random","equal","random",5,0,1,1,1,1,1
21,5,"random","equal","random",5,0,1,1,1,1,1
21,5,"random","equal","random",4,0,0.63265306122449,0.8,0.535185185185185,0.535185185185185,0.847457627118644
21,5,"random","equal","random",5,0,1,1,1,1,1
21,5,"random","equal","random",5,0,1,1,1,1,1
21,5,"random","equal","random",5,0,1,1,1,1,1
21,5,"random","equal","random",4,0,0.666666666666667,0.8,0.4925,0.4925,0.953488372093023
21,5,"random","equal","random",5,0,1,1,1,1,1
21,5,"random","equal","random",2,0,0.329411764705882,0.4,0.29,0.29,0.626666666666667
21,5,"random","equal","random",4,0,0.653846153846154,0.8,0.501851851851852,0.501851851851852,0.873239436619718
21,5,"random","equal","random",4,0,0.615384615384615,0.8,0.468333333333333,0.468333333333333,0.945355191256831
21,5,"random","equal","random",5,0,1,1,1,1,1
21,5,"random","equal","random",5,0,1,1,1,1,1
21,5,"random","equal","random",4,0,0.575,0.8,0.453921568627451,0.453921568627451,0.8
21,5,"random","equal","random",3,0,0.444444444444444,0.6,0.403703703703704,0.403703703703704,0.632530120481928
21,5,"random","equal","random",3,0,0.485294117647059,0.6,0.37962962962963,0.37962962962963,0.728888888888889
21,5,"random","equal","random",5,0,1,1,1,1,1
21,5,"random","equal","random",3,0,0.531645569620253,0.6,0.466666666666667,0.466666666666667,0.756613756613757
21,5,"random","equal","random",5,0,1,1,1,1,1
21,5,"random","equal","random",5,0,1,1,1,1,1
21,5,"random","equal","random",4,0,0.685185185185185,0.8,0.590196078431373,0.590196078431373,0.845454545454545
21,5,"random","equal","random",4,0,0.666666666666667,0.8,0.510833333333333,0.510833333333333,0.942857142857143
21,5,"random","equal","random",4,0,0.444444444444444,0.8,0.225833333333333,0.225833333333333,0.928057553956835
21,5,"random","equal","random",4,0,0.55,0.8,0.284259259259259,0.284259259259259,0.861538461538462
21,5,"random","equal","random",3,0,0.351851851851852,0.6,0.275925925925926,0.275925925925926,0.653409090909091
21,5,"random","equal","random",5,0,1,1,1,1,1
21,5,"random","equal","random",3,0,0.390625,0.6,0.33,0.33,0.789855072463768
21,5,"random","equal","random",5,0,1,1,1,1,1
21,5,"random","equal","random",3,0,0.4,0.6,0.328070175438597,0.328070175438597,0.691860465116279
21,5,"random","equal","random",4,0,0.683333333333333,0.8,0.528947368421053,0.528947368421053,0.914027149321267
21,5,"random","equal","random",5,0,1,1,1,1,1
21,5,"random","equal","random",3,0,0.377049180327869,0.6,0.258333333333333,0.258333333333333,0.798913043478261
21,5,"random","equal","random",4,0,0.684210526315789,0.8,0.555555555555556,0.555555555555556,0.875576036866359
21,5,"random","equal","random",4,0,0.55,0.8,0.375925925925926,0.375925925925926,0.845714285714286
21,5,"random","equal","random",4,0,0.696969696969697,0.8,0.563333333333333,0.563333333333333,0.951923076923077
21,5,"random","equal","random",4,0,0.540540540540541,0.8,0.453921568627451,0.453921568627451,0.755395683453237
21,5,"random","equal","random",3,0,0.5,0.6,0.428070175438596,0.428070175438597,0.760416666666667
21,5,"random","equal","random",4,0,0.648148148148148,0.8,0.473684210526316,0.473684210526316,0.911627906976744
21,5,"random","equal","random",3,0,0.457142857142857,0.6,0.386666666666667,0.386666666666667,0.775757575757576
21,5,"random","equal","random",4,0,0.711864406779661,0.8,0.642156862745098,0.642156862745098,0.848214285714286
21,5,"random","equal","random",4,0,0.666666666666667,0.8,0.521929824561404,0.521929824561404,0.907317073170732
21,5,"random","equal","random",4,0,0.688524590163934,0.8,0.539473684210526,0.539473684210527,0.911627906976744
21,5,"random","equal","random",3,0,0.372881355932203,0.6,0.293333333333333,0.293333333333333,0.719745222929936
21,5,"random","equal","random",2,0,0.307692307692308,0.4,0.273684210526316,0.273684210526316,0.534883720930233
21,5,"random","equal","random",3,0,0.380952380952381,0.6,0.318333333333333,0.318333333333333,0.795774647887324
21,5,"random","equal","random",4,0,0.649122807017544,0.8,0.516666666666667,0.516666666666667,0.948186528497409
21,5,"random","equal","random",5,0,1,1,1,1,1
21,5,"random","equal","random",5,0,1,1,1,1,1
21,5,"random","equal","random",5,0,1,1,1,1,1
21,5,"random","equal","random",2,0,0.0655737704918033,0.4,0.045,0.045,0.397849462365591
21,5,"random","equal","random",5,0,1,1,1,1,1
21,5,"random","equal","random",4,0,0.547619047619048,0.8,0.353508771929825,0.353508771929825,0.888235294117647
21,5,"random","equal","random",5,0,1,1,1,1,1
21,5,"random","equal","random",4,0,0.704918032786885,0.8,0.637037037037037,0.637037037037037,0.847457627118644
21,5,"random","equal","random",4,0,0.716666666666667,0.8,0.641176470588235,0.641176470588235,0.838095238095238
21,5,"random","equal","random",3,0,0.396825396825397,0.6,0.295,0.295,0.793296089385475
21,5,"random","equal","random",4,0,0.693548387096774,0.8,0.589473684210526,0.589473684210526,0.905
21,5,"random","equal","random",5,0,1,1,1,1,1
21,5,"random","equal","random",4,0,0.62962962962963,0.8,0.480833333333333,0.480833333333333,0.947368421052632
21,5,"random","equal","random",5,0,1,1,1,1,1
21,5,"random","equal","random",4,0,0.534883720930233,0.8,0.363333333333333,0.363333333333333,0.936305732484076
21,5,"random","equal","random",4,0,0.67741935483871,0.8,0.540833333333333,0.540833333333333,0.946236559139785
21,5,"random","equal","random",4,0,0.64,0.8,0.512962962962963,0.512962962962963,0.863636363636364
21,5,"random","equal","random",2,0,0.191176470588235,0.4,0.1325,0.1325,0.56969696969697
21,5,"random","equal","random",5,0,1,1,1,1,1
21,5,"random","equal","random",3,0,0.409836065573771,0.6,0.356140350877193,0.356140350877193,0.658064516129032
21,5,"random","equal","random",4,0,0.6,0.8,0.431666666666667,0.431666666666667,0.942857142857143
21,5,"random","equal","random",5,0,1,1,1,1,1
21,5,"random","equal","random",5,0,1,1,1,1,1
21,5,"random","equal","random",4,0,0.642857142857143,0.8,0.463333333333333,0.463333333333333,0.947643979057592
21,5,"random","equal","random",5,0,1,1,1,1,1
21,5,"random","equal","random",4,0,0.688524590163934,0.8,0.567543859649123,0.567543859649123,0.90547263681592
21,5,"random","equal","random",2,0,0.256756756756757,0.4,0.2025,0.2025,0.591954022988506
21,5,"random","equal","random",5,0,1,1,1,1,1
21,5,"random","equal","random",4,0,0.678571428571429,0.8,0.560185185185185,0.560185185185185,0.876712328767123
21,5,"random","equal","random",4,0,0.6,0.8,0.507407407407407,0.507407407407407,0.832298136645963
21,5,"random","equal","random",4,0,0.607843137254902,0.8,0.465,0.465,0.939024390243902
21,5,"random","equal","random",3,0,0.462686567164179,0.6,0.385964912280702,0.385964912280702,0.725388601036269
21,5,"random","equal","random",4,0,0.487179487179487,0.8,0.344166666666667,0.344166666666667,0.921259842519685
21,5,"random","equal","random",3,0,0.39344262295082,0.6,0.291666666666667,0.291666666666667,0.756906077348066
21,5,"random","equal","random",4,0,0.647058823529412,0.8,0.517592592592593,0.517592592592593,0.866995073891626
21,5,"random","equal","random",5,0,1,1,1,1,1
21,5,"random","equal","random",5,0,1,1,1,1,1
21,5,"random","equal","random",3,0,0.46969696969697,0.6,0.401851851851852,0.401851851851852,0.688775510204082
21,5,"random","equal","random",5,0,1,1,1,1,1
21,5,"random","equal","random",4,0,0.683333333333333,0.8,0.560526315789474,0.560526315789474,0.904040404040404
21,5,"random","equal","random",4,0,0.591836734693878,0.8,0.378333333333333,0.378333333333333,0.948186528497409
21,5,"random","equal","random",4,0,0.660714285714286,0.8,0.559649122807018,0.559649122807018,0.893258426966292
21,5,"random","equal","random",3,0,0.421875,0.6,0.355,0.355,0.704697986577181
21,5,"random","equal","random",5,0,1,1,1,1,1
21,5,"random","equal","random",4,0,0.714285714285714,0.8,0.619444444444444,0.619444444444445,0.881057268722467
21,5,"random","equal","random",3,0,0.446153846153846,0.6,0.352631578947368,0.352631578947368,0.738916256157635
21,5,"random","equal","random",5,0,1,1,1,1,1
21,5,"random","equal","random",4,0,0.645833333333333,0.8,0.433333333333333,0.433333333333333,0.851528384279476
21,5,"random","equal","random",4,0,0.660714285714286,0.8,0.474561403508772,0.474561403508772,0.915929203539823
21,5,"random","equal","random",3,0,0.315789473684211,0.6,0.191666666666667,0.191666666666667,0.822085889570552
21,5,"random","equal","random",4,0,0.560975609756098,0.8,0.368518518518518,0.368518518518518,0.850828729281768
21,5,"random","equal","random",3,0,0.390625,0.6,0.323333333333333,0.323333333333333,0.806666666666667
21,5,"random","equal","random",5,0,1,1,1,1,1
21,5,"random","equal","random",4,0,0.617021276595745,0.8,0.477777777777778,0.477777777777778,0.855614973262032
21,5,"random","equal","random",4,0,0.690909090909091,0.8,0.602941176470588,0.602941176470588,0.844036697247706
21,5,"random","equal","random",3,0,0.48,0.6,0.41,0.41,0.829411764705882
21,5,"random","equal","random",4,0,0.655172413793103,0.8,0.483333333333333,0.483333333333333,0.951923076923077
21,5,"random","equal","random",3,0,0.314814814814815,0.6,0.250877192982456,0.250877192982456,0.680555555555556
21,5,"random","equal","random",4,0,0.58695652173913,0.8,0.419298245614035,0.419298245614035,0.892655367231638
21,5,"random","equal","random",3,0,0.195652173913043,0.6,0.119298245614035,0.119298245614035,0.626016260162602
21,5,"random","equal","random",2,0,0.151515151515151,0.4,0.12,0.12,0.503937007874016
21,5,"random","equal","random",3,0,0.357142857142857,0.6,0.257894736842105,0.257894736842105,0.708791208791209
21,5,"random","equal","random",4,0,0.66,0.8,0.574509803921569,0.574509803921569,0.828282828282828
21,5,"random","equal","random",4,0,0.51219512195122,0.8,0.253333333333333,0.253333333333333,0.941520467836257
21,5,"random","equal","random",3,0,0.26,0.6,0.151666666666667,0.151666666666667,0.702702702702703
21,5,"random","equal","random",4,0,0.647058823529412,0.8,0.50462962962963,0.50462962962963,0.873239436619718
21,5,"random","equal","random",2,0,0.25,0.4,0.221052631578947,0.221052631578947,0.473684210526316
21,5,"random","equal","random",4,0,0.538461538461538,0.8,0.377777777777778,0.377777777777778,0.835365853658537
21,5,"random","equal","random",4,0,0.622222222222222,0.8,0.51078431372549,0.51078431372549,0.821989528795812
21,5,"random","equal","random",4,0,0.642857142857143,0.8,0.514166666666667,0.514166666666667,0.946524064171123
21,5,"random","equal","random",3,0,0.417910447761194,0.6,0.34,0.34,0.81875
21,5,"random","equal","random",4,0,0.630434782608696,0.8,0.500980392156863,0.500980392156863,0.829145728643216
21,5,"random","equal","random",5,0,1,1,1,1,1
21,5,"random","equal","random",5,0,1,1,1,1,1
21,5,"random","equal","random",4,0,0.583333333333333,0.8,0.330833333333333,0.330833333333333,0.949748743718593
21,5,"random","equal","random",4,0,0.617021276595745,0.8,0.44537037037037,0.44537037037037,0.865671641791045
21,5,"random","equal","random",4,0,0.709677419354839,0.8,0.62037037037037,0.62037037037037,0.875
21,5,"random","equal","random",4,0,0.534883720930233,0.8,0.444166666666667,0.444166666666667,0.911504424778761
21,5,"random","equal","random",4,0,0.653846153846154,0.8,0.533333333333333,0.533333333333333,0.860824742268041
21,5,"random","equal","random",5,0,1,1,1,1,1
21,5,"random","equal","random",3,0,0.396825396825397,0.6,0.313333333333333,0.313333333333333,0.75974025974026
21,5,"random","equal","random",3,0,0.244897959183673,0.6,0.163333333333333,0.163333333333333,0.669172932330827
21,5,"random","equal","random",4,0,0.590909090909091,0.8,0.362037037037037,0.362037037037037,0.865671641791045
21,5,"random","equal","random",4,0,0.679245283018868,0.8,0.592156862745098,0.592156862745098,0.838095238095238
21,5,"random","equal","random",5,0,1,1,1,1,1
21,5,"random","equal","random",4,0,0.536585365853659,0.8,0.395614035087719,0.395614035087719,0.874172185430464
21,5,"random","equal","random",4,0,0.707692307692308,0.8,0.585087719298246,0.585087719298246,0.914798206278027
21,5,"random","equal","random",4,0,0.673076923076923,0.8,0.511764705882353,0.511764705882353,0.851528384279476
21,5,"random","equal","random",3,0,0.360655737704918,0.6,0.293333333333333,0.293333333333333,0.795774647887324
21,5,"random","equal","random",2,0,0.2,0.4,0.145,0.145,0.60625
21,5,"random","equal","random",3,0,0.513888888888889,0.6,0.461111111111111,0.461111111111111,0.702439024390244
21,5,"random","equal","random",4,0,0.615384615384615,0.8,0.468333333333333,0.468333333333333,0.945355191256831
21,5,"random","equal","random",4,0,0.673076923076923,0.8,0.47156862745098,0.47156862745098,0.860655737704918
21,5,"random","equal","random",4,0,0.5,0.8,0.295098039215686,0.295098039215686,0.795180722891566
21,5,"random","equal","random",4,0,0.66,0.8,0.509803921568628,0.509803921568628,0.850220264317181
21,5,"random","equal","random",4,0,0.574468085106383,0.8,0.386666666666667,0.386666666666667,0.944444444444445
21,5,"random","equal","random",4,0,0.682539682539683,0.8,0.546666666666667,0.546666666666667,0.951923076923077
21,5,"random","equal","random",4,0,0.694915254237288,0.8,0.564814814814815,0.564814814814815,0.878378378378378
21,5,"random","equal","random",5,0,1,1,1,1,1
21,5,"random","equal","random",4,0,0.655172413793103,0.8,0.489166666666667,0.489166666666667,0.950495049504951
21,5,"random","equal","random",4,0,0.66,0.8,0.551960784313726,0.551960784313726,0.83
21,5,"random","equal","random",5,0,1,1,1,1,1
21,5,"random","equal","random",4,0,0.617021276595745,0.8,0.512037037037037,0.512037037037037,0.830188679245283
21,5,"random","equal","random",4,0,0.581395348837209,0.8,0.417592592592593,0.417592592592593,0.854054054054054
21,5,"random","equal","random",4,0,0.655172413793103,0.8,0.445833333333333,0.445833333333333,0.953271028037383
21,5,"random","equal","random",3,0,0.363636363636364,0.6,0.274074074074074,0.274074074074074,0.661111111111111
21,5,"random","equal","random",2,0,0.337349397590361,0.4,0.29,0.29,0.56969696969697
21,5,"random","equal","random",4,0,0.6,0.8,0.362962962962963,0.362962962962963,0.872641509433962
21,5,"random","equal","random",3,0,0.471428571428571,0.6,0.381666666666667,0.381666666666667,0.768421052631579
21,5,"random","equal","random",3,0,0.283018867924528,0.6,0.176666666666667,0.176666666666667,0.753333333333333
21,5,"random","equal","random",4,0,0.411764705882353,0.8,0.175833333333333,0.175833333333333,0.923076923076923
21,5,"random","equal","random",4,0,0.655172413793103,0.8,0.54,0.54,0.94047619047619
21,5,"random","equal","random",5,0,1,1,1,1,1
21,5,"random","equal","random",4,0,0.525,0.8,0.306140350877193,0.306140350877193,0.890804597701149
21,5,"random","equal","random",3,0,0.303571428571429,0.6,0.198333333333333,0.198333333333333,0.810457516339869
21,5,"random","equal","random",5,0,1,1,1,1,1
21,5,"random","equal","random",4,0,0.627450980392157,0.8,0.435964912280702,0.435964912280702,0.90952380952381
21,5,"random","equal","random",3,0,0.447761194029851,0.6,0.392982456140351,0.392982456140351,0.726190476190476
21,5,"random","skewed","random",4,2,0.430962343096234,0.555555555555556,0.373273592996776,0.373273592996776,0.672163843332288
21,5,"random","skewed","random",4,2,0.354260089686099,0.555555555555556,0.272945645494665,0.272945645494665,0.706116476682232
21,5,"random","skewed","random",3,2,0.215613382899628,0.277777777777778,0.198457324106113,0.198457324106113,0.333837143396939
21,5,"random","skewed","random",4,2,0.392405063291139,0.555555555555556,0.309801128428579,0.309801128428579,0.726472430417619
21,5,"random","skewed","random",3,2,0.223728813559322,0.277777777777778,0.209059549745824,0.209059549745824,0.412933533278058
21,5,"random","skewed","random",4,2,0.475409836065574,0.555555555555556,0.44882269146975,0.44882269146975,0.553970608904783
21,5,"random","skewed","random",3,2,0.207357859531773,0.277777777777778,0.191434468524252,0.191434468524252,0.426126198852643
21,5,"random","skewed","random",4,2,0.466666666666667,0.555555555555556,0.41423139768728,0.41423139768728,0.646649719571223
21,5,"random","skewed","random",4,2,0.431111111111111,0.555555555555556,0.399541226747109,0.399541226747109,0.594641201131234
21,5,"random","skewed","random",4,2,0.431693989071038,0.555555555555556,0.359148393085045,0.359148393085045,0.569854735182613
21,5,"random","skewed","random",3,2,0.0684410646387833,0.277777777777778,0.0537785947712418,0.0537785947712418,0.391169215589541
21,5,"random","skewed","random",3,2,0.194444444444444,0.277777777777778,0.180887459150327,0.180887459150327,0.322548416845988
21,5,"random","skewed","random",3,2,0.208791208791209,0.277777777777778,0.19180123029604,0.19180123029604,0.378756607097911
21,5,"random","skewed","random",4,2,0.4,0.555555555555556,0.346070051952405,0.346070051952405,0.51853987134361
21,5,"random","skewed","random",4,2,0.416058394160584,0.555555555555556,0.337694821518351,0.337694821518351,0.875232950390413
21,5,"random","skewed","random",4,2,0.398496240601504,0.555555555555556,0.333898944193062,0.333898944193062,0.868087632311422
21,5,"random","skewed","random",3,2,0.200680272108844,0.277777777777778,0.170281862745098,0.170281862745098,0.467701272625715
21,5,"random","skewed","random",3,2,0.123711340206186,0.277777777777778,0.107557189542484,0.107557189542484,0.575896078903055
21,5,"random","skewed","random",4,2,0.424,0.555555555555556,0.347257136472823,0.347257136472823,0.728606858804413
21,5,"random","skewed","random",4,2,0.39906103286385,0.555555555555556,0.357340372046254,0.357340372046254,0.592429624948948
21,5,"random","skewed","random",4,2,0.283582089552239,0.555555555555556,0.194388581643484,0.194388581643484,0.678259302233888
21,5,"random","skewed","random",3,2,0.20703125,0.277777777777778,0.192172181372549,0.192172181372549,0.339389332591054
21,5,"random","skewed","random",3,2,0.150627615062762,0.277777777777778,0.131689133986928,0.131689133986928,0.317445217525967
21,5,"random","skewed","random",4,2,0.354260089686099,0.555555555555556,0.259203396458298,0.259203396458298,0.719708880213394
21,5,"random","skewed","random",3,2,0.152610441767068,0.277777777777778,0.132160707420223,0.132160707420223,0.336024574246472
21,5,"random","skewed","random",4,2,0.419847328244275,0.555555555555556,0.349792278584848,0.349792278584848,0.7773728530064
21,5,"random","skewed","random",3,2,0.197324414715719,0.277777777777778,0.17328431372549,0.17328431372549,0.456821313734497
21,5,"random","skewed","random",4,2,0.384615384615385,0.555555555555556,0.298805193268861,0.298805193268861,0.674891435224524
21,5,"random","skewed","random",5,2,1,1,1,1,1
21,5,"random","skewed","random",4,2,0.480519480519481,0.555555555555556,0.44256745433216,0.44256745433216,0.6106187596014
21,5,"random","skewed","random",4,2,0.384615384615385,0.555555555555556,0.319083908867191,0.319083908867191,0.775718267988225
21,5,"random","skewed","random",4,2,0.435294117647059,0.555555555555556,0.37031450756941,0.37031450756941,0.718257812361277
21,5,"random","skewed","random",4,2,0.487179487179487,0.555555555555556,0.466750460868108,0.466750460868108,0.586797592365291
21,5,"random","skewed","random",2,2,0.0444444444444444,0.111111111111111,0.0398692810457516,0.0398692810457516,0.235705927036071
21,5,"random","skewed","random",4,2,0.352226720647773,0.555555555555556,0.26913021618904,0.26913021618904,0.871465233156089
21,5,"random","skewed","random",4,2,0.428571428571429,0.555555555555556,0.367123345064522,0.367123345064521,0.548745805130539
21,5,"random","skewed","random",4,2,0.460674157303371,0.555555555555556,0.402393721021172,0.402393721021172,0.72387983224312
21,5,"random","skewed","random",4,2,0.421686746987952,0.555555555555556,0.355622590916709,0.355622590916709,0.724566848034687
21,5,"random","skewed","random",4,2,0.38755980861244,0.555555555555556,0.348494846656611,0.348494846656611,0.575884176045354
21,5,"random","skewed","random",3,2,0.175257731958763,0.277777777777778,0.147017973856209,0.147017973856209,0.498909605804411
21,5,"random","skewed","random",4,2,0.339130434782609,0.555555555555556,0.266677251197375,0.266677251197375,0.765266627268417
21,5,"random","skewed","random",4,2,0.389558232931727,0.555555555555556,0.335026858246673,0.335026858246673,0.760992362962628
21,5,"random","skewed","random",3,2,0.187898089171975,0.277777777777778,0.170016339869281,0.170016339869281,0.611857569301898
21,5,"random","skewed","random",3,2,0.189655172413793,0.277777777777778,0.159048202614379,0.159048202614379,0.464133738601824
21,5,"random","skewed","random",3,2,0.209059233449477,0.277777777777778,0.181200550395597,0.181200550395597,0.424681162798442
21,5,"random","skewed","random",4,2,0.384615384615385,0.555555555555556,0.319947209653092,0.319947209653092,0.61697089080158
21,5,"random","skewed","random",4,2,0.510204081632653,0.555555555555556,0.489475448298978,0.489475448298978,0.599330997830036
21,5,"random","skewed","random",4,2,0.421276595744681,0.555555555555556,0.354168515068169,0.354168515068169,0.672612675594783
21,5,"random","skewed","random",3,2,0.174061433447099,0.277777777777778,0.16516167870657,0.16516167870657,0.361937926109965
21,5,"random","skewed","random",4,2,0.408695652173913,0.555555555555556,0.329754828024724,0.329754828024724,0.680137602766285
21,5,"random","skewed","random",3,2,0.177631578947368,0.277777777777778,0.163807189542484,0.163807189542484,0.466669547743037
21,5,"random","skewed","random",3,2,0.179487179487179,0.277777777777778,0.155296840958606,0.155296840958606,0.412349150022877
21,5,"random","skewed","random",4,2,0.384615384615385,0.555555555555556,0.315853862912686,0.315853862912686,0.587678069958128
21,5,"random","skewed","random",4,2,0.375,0.555555555555556,0.304436902966315,0.304436902966315,0.86968862257745
21,5,"random","skewed","random",4,2,0.49738219895288,0.555555555555556,0.472138428020781,0.472138428020781,0.568865366849221
21,5,"random","skewed","random",3,2,0.205298013245033,0.277777777777778,0.179391339869281,0.179391339869281,0.481548217379216
21,5,"random","skewed","random",4,2,0.457627118644068,0.555555555555556,0.411293363499246,0.411293363499246,0.623345594126214
21,5,"random","skewed","random",4,2,0.487684729064039,0.555555555555556,0.444367095950806,0.444367095950806,0.586924719813279
21,5,"random","skewed","random",4,2,0.279620853080569,0.555555555555556,0.187081580270435,0.187081580270435,0.757219442545245
21,5,"random","skewed","random",4,2,0.355932203389831,0.555555555555556,0.289897065438861,0.289897065438861,0.761772006059356
21,5,"random","skewed","random",3,2,0.188741721854305,0.277777777777778,0.170445261437909,0.170445261437908,0.4577257462101
21,5,"random","skewed","random",4,2,0.37117903930131,0.555555555555556,0.31781744036646,0.31781744036646,0.681790935688803
21,5,"random","skewed","random",3,2,0.195583596214511,0.277777777777778,0.179922385620915,0.179922385620915,0.58981763437917
21,5,"random","skewed","random",4,2,0.392405063291139,0.555555555555556,0.311672532260768,0.311672532260768,0.720192177693828
21,5,"random","skewed","random",3,2,0.182432432432432,0.277777777777778,0.164344685242518,0.164344685242518,0.494916724093876
21,5,"random","skewed","random",3,2,0.224683544303797,0.277777777777778,0.199571078431373,0.199571078431373,0.509340406559016
21,5,"random","skewed","random",2,2,0.0838323353293413,0.111111111111111,0.0781045751633987,0.0781045751633987,0.277821771919567
21,5,"random","skewed","random",4,2,0.304347826086957,0.555555555555556,0.217208535835987,0.217208535835987,0.69049327140439
21,5,"random","skewed","random",3,2,0.205673758865248,0.277777777777778,0.187431917211329,0.187431917211329,0.374071338000992
21,5,"random","skewed","random",4,2,0.497757847533632,0.555555555555556,0.473712561947856,0.473712561947856,0.593178753577096
21,5,"random","skewed","random",3,2,0.120879120879121,0.277777777777778,0.100653594771242,0.100653594771242,0.426490332578235
21,5,"random","skewed","random",4,2,0.43859649122807,0.555555555555556,0.378755027652086,0.378755027652086,0.630959233868858
21,5,"random","skewed","random",4,2,0.349282296650718,0.555555555555556,0.263049714606808,0.263049714606808,0.655033896939492
21,5,"random","skewed","random",4,2,0.433333333333333,0.555555555555556,0.387572827019194,0.387572827019194,0.659983285243744
21,5,"random","skewed","random",4,2,0.425149700598802,0.555555555555556,0.400557231439584,0.400557231439584,0.510487616762362
21,5,"random","skewed","random",4,2,0.418803418803419,0.555555555555556,0.350841392363884,0.350841392363884,0.675420736858065
21,5,"random","skewed","random",3,2,0.214285714285714,0.277777777777778,0.198056415548676,0.198056415548676,0.485645121864675
21,5,"random","skewed","random",4,2,0.43801652892562,0.555555555555556,0.396400792594564,0.396400792594564,0.638043058194583
21,5,"random","skewed","random",3,2,0.162361623616236,0.277777777777778,0.135104919160647,0.135104919160647,0.417842052415578
21,5,"random","skewed","random",4,2,0.361702127659574,0.555555555555556,0.286509133567957,0.286509133567957,0.576575134096549
21,5,"random","skewed","random",4,2,0.420814479638009,0.555555555555556,0.362289467068879,0.362289467068879,0.628662299639826
21,5,"random","skewed","random",3,2,0.185454545454545,0.277777777777778,0.166689360929557,0.166689360929557,0.377874265474622
21,5,"random","skewed","random",3,2,0.153284671532847,0.277777777777778,0.130912452700378,0.130912452700378,0.412746268438981
21,5,"random","skewed","random",4,2,0.318385650224215,0.555555555555556,0.219245322960493,0.219245322960493,0.778397927118364
21,5,"random","skewed","random",4,2,0.430711610486891,0.555555555555556,0.369519197692572,0.369519197692572,0.776734792722458
21,5,"random","skewed","random",3,2,0.214035087719298,0.277777777777778,0.194217501815541,0.194217501815541,0.398702682549131
21,5,"random","skewed","random",3,2,0.193548387096774,0.277777777777778,0.177879901960784,0.177879901960784,0.505281513699866
21,5,"random","skewed","random",4,2,0.373913043478261,0.555555555555556,0.285710295514217,0.285710295514217,0.719400457045396
21,5,"random","skewed","random",3,2,0.143356643356643,0.277777777777778,0.12171160130719,0.12171160130719,0.497866775168565
21,5,"random","skewed","random",4,2,0.474903474903475,0.555555555555556,0.426256173661018,0.426256173661018,0.674612595267908
21,5,"random","skewed","random",4,2,0.505154639175258,0.555555555555556,0.478946706887883,0.478946706887883,0.576291201699547
21,5,"random","skewed","random",4,2,0.310344827586207,0.555555555555556,0.209590246354952,0.209590246354952,0.871162774835695
21,5,"random","skewed","random",3,2,0.175084175084175,0.277777777777778,0.149407679738562,0.149407679738562,0.527759252172962
21,5,"random","skewed","random",4,2,0.424,0.555555555555556,0.370817272778057,0.370817272778057,0.709991084647112
21,5,"random","skewed","random",4,2,0.422680412371134,0.555555555555556,0.372261725202902,0.372261725202902,0.568264317973202
21,5,"random","skewed","random",4,2,0.425414364640884,0.555555555555556,0.387496616003403,0.387496616003403,0.539490912987713
21,5,"random","skewed","random",4,2,0.413793103448276,0.555555555555556,0.347573418507675,0.347573418507675,0.670354931312487
21,5,"random","skewed","random",4,2,0.387387387387387,0.555555555555556,0.314701446189335,0.314701446189335,0.664565060865737
21,5,"random","skewed","random",4,2,0.439252336448598,0.555555555555556,0.418485000837942,0.418485000837942,0.560642113599318
21,5,"random","skewed","random",3,2,0.205479452054795,0.277777777777778,0.185479016167871,0.185479016167871,0.375609768707975
21,5,"random","skewed","random",4,2,0.346938775510204,0.555555555555556,0.275351935646053,0.275351935646053,0.863892534547981
21,5,"random","skewed","random",3,2,0.191637630662021,0.277777777777778,0.172901616787066,0.172901616787066,0.38179458762161
21,5,"random","skewed","random",4,2,0.336099585062241,0.555555555555556,0.269632981397687,0.269632981397687,0.855242630757862
21,5,"random","skewed","random",5,2,1,1,1,1,1
21,5,"random","skewed","random",4,2,0.412844036697248,0.555555555555556,0.345321141277024,0.345321141277024,0.624136558742432
21,5,"random","skewed","random",3,2,0.196141479099678,0.277777777777778,0.18000408496732,0.18000408496732,0.514076465724298
21,5,"random","skewed","random",3,2,0.151943462897526,0.277777777777778,0.12843137254902,0.12843137254902,0.462350984197394
21,5,"random","skewed","random",4,2,0.431693989071038,0.555555555555556,0.392021502881231,0.392021502881231,0.54712097061032
21,5,"random","skewed","random",4,2,0.469387755102041,0.555555555555556,0.427447112967475,0.427447112967475,0.572584806082043
21,5,"random","skewed","random",3,2,0.147859922178988,0.277777777777778,0.127269426289034,0.127269426289034,0.342977070788302
21,5,"random","skewed","random",4,2,0.37037037037037,0.555555555555556,0.292328394404519,0.292328394404519,0.651336479511709
21,5,"random","skewed","random",3,2,0.183673469387755,0.277777777777778,0.15859885620915,0.15859885620915,0.477702786411062
21,5,"random","skewed","random",4,2,0.405204460966543,0.555555555555556,0.339504776269482,0.339504776269482,0.869313829655803
21,5,"random","skewed","random",3,2,0.0883534136546185,0.277777777777778,0.0689929480564156,0.0689929480564156,0.331074855005691
21,5,"random","skewed","random",3,2,0.188461538461538,0.277777777777778,0.171184159938485,0.171184159938485,0.327259718578583
21,5,"random","skewed","random",4,2,0.466666666666667,0.555555555555556,0.424681904319913,0.424681904319913,0.574121618482789
21,5,"random","skewed","random",3,2,0.161184210526316,0.277777777777778,0.144709967320261,0.144709967320261,0.595202560795251
21,5,"random","skewed","random",4,2,0.406113537117904,0.555555555555556,0.328216957974743,0.328216957974743,0.677473392711737
21,5,"random","skewed","random",4,2,0.5,0.555555555555556,0.471782302664656,0.471782302664656,0.576359078570687
21,5,"random","skewed","random",3,2,0.225490196078431,0.277777777777778,0.209042827657379,0.209042827657379,0.417913601605938
21,5,"random","skewed","random",4,2,0.469613259668508,0.555555555555556,0.423035025976202,0.423035025976202,0.567561101908687
21,5,"random","skewed","random",4,2,0.313131313131313,0.555555555555556,0.239035282287877,0.239035282287877,0.626226850408431
21,5,"random","skewed","random",4,2,0.401574803149606,0.555555555555556,0.332949644095155,0.332949644095155,0.78075631663805
21,5,"random","skewed","random",3,2,0.213836477987421,0.277777777777778,0.196200980392157,0.196200980392157,0.521369841762333
21,5,"random","skewed","random",4,2,0.410138248847926,0.555555555555556,0.326530291603821,0.326530291603821,0.642399553760078
21,5,"random","skewed","random",3,2,0.19811320754717,0.277777777777778,0.183986928104575,0.183986928104575,0.581728991200832
21,5,"random","skewed","random",4,2,0.447004608294931,0.555555555555556,0.381850175967823,0.381850175967823,0.613878348277658
21,5,"random","skewed","random",3,2,0.149812734082397,0.277777777777778,0.125601995184039,0.125601995184039,0.392492211618928
21,5,"random","skewed","random",3,2,0.235474006116208,0.277777777777778,0.215584150326797,0.215584150326797,0.521369841762333
21,5,"random","skewed","random",3,2,0.137931034482759,0.277777777777778,0.116584967320261,0.116584967320261,0.552602958236659
21,5,"random","skewed","random",5,2,1,1,1,1,1
21,5,"random","skewed","random",4,2,0.408695652173913,0.555555555555556,0.331736314435276,0.331736314435276,0.673787401089153
21,5,"random","skewed","random",3,2,0.187898089171975,0.277777777777778,0.167279411764706,0.167279411764706,0.624632880160813
21,5,"random","skewed","random",2,2,0.0709876543209877,0.111111111111111,0.0643790849673203,0.0643790849673203,0.270482647802316
21,5,"random","skewed","random",4,2,0.393364928909953,0.555555555555556,0.316113624937154,0.316113624937154,0.624724610019406
21,5,"random","skewed","random",3,2,0.207357859531773,0.277777777777778,0.183071035431717,0.183071035431717,0.47513391081504
21,5,"random","skewed","random",4,2,0.407407407407407,0.555555555555556,0.331975867269985,0.331975867269985,0.871478351307086
21,5,"random","skewed","random",3,2,0.190812720848057,0.277777777777778,0.177401053013798,0.177401053013798,0.376755408877701
21,5,"random","skewed","random",4,2,0.379310344827586,0.555555555555556,0.300304452265237,0.300304452265237,0.719519500645209
21,5,"random","skewed","random",3,2,0.189189189189189,0.277777777777778,0.157904411764706,0.157904411764706,0.512557433417452
21,5,"random","skewed","random",4,2,0.449392712550607,0.555555555555556,0.402877591458906,0.402877591458906,0.666130721187051
21,5,"random","skewed","random",4,2,0.458333333333333,0.555555555555556,0.416057547279267,0.416057547279267,0.570143823048573
21,5,"random","skewed","random",4,2,0.432835820895522,0.555555555555556,0.36946627503903,0.36946627503903,0.784466469201683
21,5,"random","skewed","random",4,2,0.377431906614786,0.555555555555556,0.295060331825038,0.295060331825038,0.877336042191392
21,5,"random","skewed","random",4,2,0.478260869565217,0.555555555555556,0.451001340707223,0.451001340707223,0.558770639707336
21,5,"random","skewed","random",4,2,0.454545454545455,0.555555555555556,0.403569632981398,0.403569632981398,0.609189117294989
21,5,"random","skewed","random",4,2,0.442622950819672,0.555555555555556,0.38531038358028,0.38531038358028,0.670705043454057
21,5,"random","skewed","random",3,2,0.161048689138577,0.277777777777778,0.140840595497458,0.140840595497458,0.376373451331322
21,5,"random","skewed","random",3,2,0.113207547169811,0.277777777777778,0.0890727124183007,0.0890727124183007,0.42099904758777
21,5,"random","skewed","random",5,2,1,1,1,1,1
21,5,"random","skewed","random",4,2,0.298969072164949,0.555555555555556,0.21993020435927,0.21993020435927,0.620767465793869
21,5,"random","skewed","random",4,2,0.382113821138211,0.555555555555556,0.309663676536742,0.309663676536742,0.772285708458814
21,5,"random","skewed","random",2,2,0.0521472392638037,0.111111111111111,0.0480392156862745,0.0480392156862745,0.301094677548607
21,5,"random","skewed","random",4,2,0.460674157303371,0.555555555555556,0.402393721021172,0.402393721021172,0.72387983224312
21,5,"random","skewed","random",4,2,0.418181818181818,0.555555555555556,0.331432252388135,0.331432252388135,0.649282185603926
21,5,"random","skewed","random",3,2,0.224358974358974,0.277777777777778,0.210719814241486,0.210719814241486,0.465753200271911
21,5,"random","skewed","random",4,2,0.36,0.555555555555556,0.274160661415563,0.274160661415563,0.717984062879543
21,5,"random","skewed","random",4,2,0.456603773584906,0.555555555555556,0.399670409474331,0.399670409474331,0.719258133577634
21,5,"random","skewed","random",4,2,0.44954128440367,0.555555555555556,0.411865258924082,0.411865258924082,0.598109126277201
21,5,"random","skewed","random",3,2,0.225490196078431,0.277777777777778,0.205323357413141,0.205323357413141,0.45292349245202
21,5,"random","skewed","random",3,2,0.185185185185185,0.277777777777778,0.172063123495012,0.172063123495012,0.451023791690161
21,5,"random","skewed","random",4,2,0.446808510638298,0.555555555555556,0.391325366438489,0.391325366438489,0.564197476088762
21,5,"random","skewed","random",4,2,0.298245614035088,0.555555555555556,0.217881682587565,0.217881682587565,0.537578711970048
21,5,"random","skewed","random",4,2,0.424,0.555555555555556,0.359127981677001,0.359127981677001,0.721178834247423
21,5,"random","skewed","random",4,2,0.34841628959276,0.555555555555556,0.269677671638456,0.269677671638456,0.698922849546813
21,5,"random","skewed","random",3,2,0.174917491749175,0.277777777777778,0.156474673202614,0.156474673202614,0.538395361885169
21,5,"random","skewed","random",4,2,0.423728813559322,0.555555555555556,0.368852216603082,0.368852216603082,0.659678274034822
21,5,"random","skewed","random",3,2,0.215613382899628,0.277777777777778,0.194300269127259,0.194300269127259,0.3689979531804
21,5,"random","skewed","random",4,2,0.5,0.555555555555556,0.47581340228399,0.47581340228399,0.594656227076722
21,5,"random","skewed","random",3,2,0.116731517509728,0.277777777777778,0.0937607499140007,0.0937607499140007,0.372474811677793
21,5,"random","skewed","random",4,2,0.25,0.555555555555556,0.164131892073069,0.164131892073069,0.414398602459638
21,5,"random","skewed","random",4,2,0.338842975206612,0.555555555555556,0.251256913021619,0.251256913021619,0.868426289865167
21,5,"random","skewed","random",2,2,0.0838323353293413,0.111111111111111,0.0784313725490196,0.0784313725490196,0.271562728616432
21,5,"random","skewed","random",4,2,0.492063492063492,0.555555555555556,0.456840749120161,0.456840749120161,0.630780185412711
21,5,"random","skewed","random",4,2,0.424460431654676,0.555555555555556,0.355291603821016,0.355291603821016,0.872279078303623
21,5,"random","skewed","random",3,2,0.178988326848249,0.277777777777778,0.156310073048827,0.156310073048827,0.363099606001422
21,5,"random","skewed","random",3,2,0.0996168582375479,0.277777777777778,0.0773080065359477,0.0773080065359477,0.402545029398309
21,5,"random","skewed","random",4,2,0.354838709677419,0.555555555555556,0.281121166415284,0.281121166415284,0.866925318156429
21,5,"random","skewed","random",4,2,0.474903474903475,0.555555555555556,0.42606393990477,0.42606393990477,0.675521472392638
21,5,"random","skewed","random",3,2,0.182692307692308,0.277777777777778,0.168239379084967,0.168239379084967,0.580939464062249
21,5,"random","skewed","random",3,2,0.185185185185185,0.277777777777778,0.163699690402477,0.163699690402477,0.510296160054052
21,5,"random","skewed","random",4,2,0.452054794520548,0.555555555555556,0.376256913021619,0.376256913021619,0.875599189007381
21,5,"random","skewed","random",2,2,0.0795107033639144,0.111111111111111,0.073202614379085,0.073202614379085,0.247660812804397
21,5,"random","skewed","random",4,2,0.469387755102041,0.555555555555556,0.427195730363151,0.427195730363151,0.575140035035793
21,5,"random","skewed","random",4,2,0.344262295081967,0.555555555555556,0.252513826043238,0.252513826043238,0.874992318491872
21,5,"random","skewed","random",4,2,0.459915611814346,0.555555555555556,0.428387380593263,0.428387380593263,0.598051434824903
21,5,"random","skewed","random",4,2,0.376146788990826,0.555555555555556,0.318945376038802,0.318945376038802,0.639264350107724
21,5,"random","skewed","random",2,2,0.0462962962962963,0.111111111111111,0.0437908496732026,0.0437908496732026,0.202664560107932
21,5,"random","skewed","random",3,2,0.172185430463576,0.277777777777778,0.159293300653595,0.159293300653595,0.441773153907045
21,5,"random","skewed","random",3,2,0.192439862542955,0.277777777777778,0.160906862745098,0.160906862745098,0.47645067411059
21,5,"random","skewed","random",4,2,0.435294117647059,0.555555555555556,0.368443103737221,0.368443103737221,0.725738023857218
21,5,"random","skewed","random",2,2,0.0608974358974359,0.111111111111111,0.0577915376676987,0.0577915376676987,0.160637121430364
21,5,"random","skewed","random",3,2,0.175084175084175,0.277777777777778,0.15187908496732,0.15187908496732,0.514698860157185
21,5,"random","skewed","random",3,2,0.201954397394137,0.277777777777778,0.182128267973856,0.182128267973856,0.48285192612769
21,5,"random","skewed","random",4,2,0.423423423423423,0.555555555555556,0.37897498743087,0.37897498743087,0.612274669931311
21,5,"random","skewed","random",3,2,0.221183800623053,0.277777777777778,0.202839052287582,0.202839052287582,0.524935039938408
21,5,"random","skewed","random",4,2,0.484978540772532,0.555555555555556,0.448298977710742,0.448298977710742,0.60820738892172
21,5,"random","skewed","random",3,2,0.179661016949153,0.277777777777778,0.161829205366357,0.161829205366357,0.492890626822044
21,5,"random","skewed","random",4,2,0.473684210526316,0.555555555555556,0.450930115635998,0.450930115635998,0.592741017818062
21,5,"random","skewed","random",3,2,0.0860215053763441,0.277777777777778,0.0703227124183007,0.0703227124183007,0.53571843509647
21,5,"random","skewed","random",4,2,0.398496240601504,0.555555555555556,0.32473604826546,0.32473604826546,0.870959084587796
21,5,"random","skewed","random",4,2,0.414634146341463,0.555555555555556,0.351265292441763,0.351265292441763,0.716961162258317
21,5,"random","skewed","random",4,2,0.483870967741935,0.555555555555556,0.432330945198592,0.432330945198592,0.645797825497333
21,5,"random","skewed","random",4,2,0.352380952380952,0.555555555555556,0.27696448111673,0.27696448111673,0.650421455342841
21,5,"random","skewed","random",3,2,0.157894736842105,0.277777777777778,0.127736928104575,0.127736928104575,0.507634421160067
21,5,"random","skewed","random",4,2,0.37117903930131,0.555555555555556,0.282023350650802,0.282023350650802,0.724132668535365
21,5,"random","skewed","random",3,2,0.197324414715719,0.277777777777778,0.170812908496732,0.170812908496732,0.474415957504472
21,5,"random","skewed","random",4,2,0.464285714285714,0.555555555555556,0.429277693983576,0.429277693983576,0.592561144502516
21,5,"random","skewed","random",4,2,0.416058394160584,0.555555555555556,0.337858220211161,0.337858220211161,0.873850968120477
21,5,"random","skewed","random",4,2,0.451612903225806,0.555555555555556,0.39382781770325,0.39382781770325,0.671236032293921
21,5,"random","skewed","random",4,2,0.410852713178295,0.555555555555556,0.328980445079516,0.328980445079516,0.792319472258217
21,5,"random","skewed","random",4,2,0.384615384615385,0.555555555555556,0.313197586726998,0.313197586726998,0.870258256961752
21,5,"random","skewed","random",3,2,0.203636363636364,0.277777777777778,0.182711510530138,0.182711510530138,0.341685828272704
21,5,"random","skewed","random",4,2,0.444897959183673,0.555555555555556,0.399609617602697,0.399609617602697,0.660768386222925
21,5,"random","skewed","random",3,2,0.190635451505017,0.277777777777778,0.179975060199518,0.179975060199518,0.419110378912685
21,5,"random","skewed","random",3,2,0.233962264150943,0.277777777777778,0.220818014705882,0.220818014705882,0.342493633254126
21,5,"random","skewed","random",5,2,1,1,1,1,1
21,5,"random","skewed","random",4,2,0.40495867768595,0.555555555555556,0.346600748561533,0.346600748561533,0.696403477255188
21,5,"random","skewed","random",4,2,0.459459459459459,0.555555555555556,0.435545500251383,0.435545500251383,0.588059159000632
21,5,"random","skewed","random",3,2,0.138461538461538,0.277777777777778,0.117352033405955,0.117352033405955,0.371175953228604
21,5,"random","skewed","random",4,2,0.426294820717131,0.555555555555556,0.360761968605106,0.360761968605106,0.722437214401085
21,5,"random","skewed","random",3,2,0.103703703703704,0.277777777777778,0.0864078087375301,0.0864078087375301,0.435634998226383
21,5,"random","skewed","random",4,2,0.430830039525692,0.555555555555556,0.365538238087258,0.365538238087258,0.721178834247423
21,5,"random","skewed","random",3,2,0.180327868852459,0.277777777777778,0.164256535947712,0.164256535947712,0.501806511515249
21,5,"random","skewed","random",3,2,0.174917491749175,0.277777777777778,0.151266339869281,0.151266339869281,0.574624293395836
21,5,"random","skewed","random",4,2,0.466666666666667,0.555555555555556,0.441209988268812,0.441209988268812,0.596703544359136
21,5,"random","skewed","random",3,2,0.12639405204461,0.277777777777778,0.103043300653595,0.103043300653595,0.415528444503382
21,5,"random","skewed","random",4,2,0.506172839506173,0.555555555555556,0.483090330149154,0.483090330149154,0.610358675312812
21,5,"random","skewed","random",3,2,0.169491525423729,0.277777777777778,0.147896241830065,0.147896241830065,0.489154731351933
21,5,"random","skewed","random",3,2,0.175438596491228,0.277777777777778,0.149571078431373,0.149571078431373,0.431143520908622
21,5,"random","skewed","random",4,2,0.422382671480144,0.555555555555556,0.355668677727501,0.355668677727501,0.864498575556968
21,5,"random","skewed","random",3,2,0.225806451612903,0.277777777777778,0.210640138408305,0.210640138408305,0.37446192956736
21,5,"random","skewed","random",4,2,0.389312977099237,0.555555555555556,0.306812468577174,0.306812468577174,0.874769143344225
21,5,"random","skewed","random",3,2,0.140893470790378,0.277777777777778,0.124183006535948,0.124183006535948,0.509148039137698
21,5,"random","skewed","random",4,2,0.496062992125984,0.555555555555556,0.460312971342383,0.460312971342383,0.633257174159504
21,5,"random","skewed","random",4,2,0.43859649122807,0.555555555555556,0.39360231271996,0.39360231271996,0.61586089937502
21,5,"random","skewed","random",5,2,1,1,1,1,1
21,5,"random","skewed","random",4,2,0.276190476190476,0.555555555555556,0.185533592654336,0.185533592654336,0.753999397795343
21,5,"random","skewed","random",4,2,0.398496240601504,0.555555555555556,0.32473604826546,0.32473604826546,0.870959084587796
21,5,"random","skewed","random",3,2,0.199324324324324,0.277777777777778,0.176363089095287,0.176363089095287,0.47221510392842
21,5,"random","skewed","random",4,2,0.371900826446281,0.555555555555556,0.290968749173084,0.290968749173084,0.776809173631362
21,5,"random","skewed","random",5,2,1,1,1,1,1
21,5,"random","skewed","random",3,2,0.162790697674419,0.277777777777778,0.148909073433295,0.148909073433295,0.330304181398475
21,5,"random","skewed","random",3,2,0.13265306122449,0.277777777777778,0.114460784313725,0.114460784313726,0.596868673961437
21,5,"random","skewed","random",4,2,0.411764705882353,0.555555555555556,0.339148650913357,0.339148650913357,0.599359325052478
21,5,"random","skewed","random",4,2,0.452631578947368,0.555555555555556,0.395347488107669,0.395347488107669,0.573098307778754
21,5,"random","skewed","random",4,2,0.440860215053763,0.555555555555556,0.400897242526202,0.400897242526202,0.553630320184892
21,5,"random","skewed","random",3,2,0.130434782608696,0.277777777777778,0.107822712418301,0.107822712418301,0.452793453724605
21,5,"random","skewed","random",3,2,0.17741935483871,0.277777777777778,0.163991013071895,0.163991013071895,0.563213197895565
21,5,"random","skewed","random",3,2,0.101769911504425,0.277777777777778,0.0845843545751634,0.0845843545751634,0.26754427615023
21,5,"random","skewed","random",4,2,0.445255474452555,0.555555555555556,0.380183112381255,0.380183112381255,0.784516383582323
21,5,"random","skewed","random",4,2,0.408560311284047,0.555555555555556,0.348323674949062,0.348323674949062,0.777986678007666
21,5,"random","skewed","random",3,2,0.203921568627451,0.277777777777778,0.190180759803922,0.190180759803922,0.325414612281488
21,5,"random","skewed","random",3,2,0.197718631178707,0.277777777777778,0.181588811995386,0.181588811995386,0.33077899431798
21,5,"random","skewed","random",3,2,0.196013289036545,0.277777777777778,0.184447024423805,0.184447024423805,0.438462531743641
21,5,"random","skewed","random",4,2,0.468879668049793,0.555555555555556,0.431325414781297,0.431325414781297,0.634523028020592
21,5,"random","skewed","random",3,2,0.147482014388489,0.277777777777778,0.124957000343997,0.124957000343997,0.45977913147928
21,5,"random","skewed","random",4,2,0.458937198067633,0.555555555555556,0.405390361272714,0.405390361272714,0.584941951995285
21,5,"random","skewed","random",3,2,0.126923076923077,0.277777777777778,0.100748194014448,0.100748194014448,0.397323826732432
21,5,"random","skewed","random",4,2,0.475409836065574,0.555555555555556,0.441255027652087,0.441255027652086,0.617726669870949
21,5,"random","skewed","random",2,2,0.0492307692307692,0.111111111111111,0.0447712418300654,0.0447712418300654,0.30735126299232
21,5,"random","skewed","random",4,2,0.344827586206897,0.555555555555556,0.25995607419756,0.25995607419756,0.776969667377616
21,5,"random","skewed","random",4,2,0.450643776824034,0.555555555555556,0.404490321769734,0.404490321769733,0.621708997017445
21,5,"random","skewed","random",4,2,0.441860465116279,0.555555555555556,0.385215909725714,0.385215909725714,0.720050656436053
21,5,"random","skewed","random",4,2,0.336585365853659,0.555555555555556,0.266909176943779,0.266909176943779,0.633721285497216
21,5,"random","skewed","random",4,2,0.459915611814346,0.555555555555556,0.426690548014077,0.426690548014077,0.611676859934949
21,5,"random","skewed","random",4,2,0.464435146443515,0.555555555555556,0.415111236802413,0.415111236802413,0.635335689045936
21,5,"random","skewed","random",4,2,0.469387755102041,0.555555555555556,0.443883667865568,0.443883667865568,0.56081670195744
21,5,"random","skewed","random",4,2,0.409594095940959,0.555555555555556,0.343966817496229,0.343966817496229,0.867540546767779
21,5,"random","skewed","random",3,2,0.0972762645914397,0.277777777777778,0.0759803921568628,0.0759803921568628,0.378098487286772
21,5,"random","skewed","random",3,2,0.167272727272727,0.277777777777778,0.148216230936819,0.148216230936819,0.413546910755149
21,5,"random","skewed","random",4,2,0.458167330677291,0.555555555555556,0.412992044479934,0.412992044479934,0.660341649163632
21,5,"random","skewed","random",3,2,0.2,0.277777777777778,0.179050567595459,0.179050567595459,0.416474800503483
21,5,"random","skewed","random",4,2,0.365638766519824,0.555555555555556,0.292679179934082,0.292679179934082,0.702802711347995
21,5,"random","skewed","random",3,2,0.210884353741497,0.277777777777778,0.185952012383901,0.185952012383901,0.443967650667729
21,5,"random","skewed","random",2,2,0.0487012987012987,0.111111111111111,0.0457516339869281,0.0457516339869281,0.168610377297705
21,5,"random","skewed","random",3,2,0.124,0.277777777777778,0.0982888525780683,0.0982888525780683,0.360072595281307
21,5,"random","skewed","random",4,2,0.440329218106996,0.555555555555556,0.382175494632242,0.382175494632242,0.67163584969743
21,5,"random","skewed","random",4,2,0.421686746987952,0.555555555555556,0.371236243785263,0.371236243785263,0.697068113694652
21,5,"random","skewed","random",4,2,0.443850267379679,0.555555555555556,0.386723131067022,0.386723131067022,0.568053675253409
21,5,"random","skewed","random",2,2,0.0534591194968553,0.111111111111111,0.0493464052287582,0.0493464052287582,0.181514378682614
21,5,"random","skewed","random",4,2,0.469387755102041,0.555555555555556,0.443380902656921,0.443380902656921,0.565116742407711
21,5,"random","skewed","random",4,2,0.496062992125984,0.555555555555556,0.460312971342383,0.460312971342383,0.633257174159504
21,5,"random","skewed","random",3,2,0.161172161172161,0.277777777777778,0.145356753812636,0.145356753812636,0.394871239642387
21,5,"random","skewed","random",3,2,0.139830508474576,0.277777777777778,0.119970383986928,0.119970383986928,0.311827357385825
21,5,"random","skewed","random",4,2,0.401574803149606,0.555555555555556,0.323304490487153,0.323304490487153,0.784028265817317
21,5,"random","skewed","random",4,2,0.39622641509434,0.555555555555556,0.326085134908664,0.326085134908664,0.526078414453641
21,5,"random","skewed","random",3,2,0.149606299212598,0.277777777777778,0.134755863129566,0.134755863129566,0.329069086651054
21,5,"random","skewed","random",3,2,0.241721854304636,0.277777777777778,0.229507080610022,0.229507080610022,0.393740003831143
21,5,"random","skewed","random",3,2,0.128113879003559,0.277777777777778,0.110028594771242,0.110028594771242,0.454954414965772
21,5,"random","skewed","random",4,2,0.433628318584071,0.555555555555556,0.399274132730015,0.399274132730015,0.608246888158894
21,5,"random","skewed","random",4,2,0.452991452991453,0.555555555555556,0.403814731020613,0.403814731020613,0.636789407902869
21,5,"random","skewed","random",3,2,0.144295302013423,0.277777777777778,0.123488562091503,0.123488562091503,0.616815081409695
21,5,"random","skewed","random",4,2,0.357142857142857,0.555555555555556,0.272708228590582,0.272708228590582,0.714933915164678
21,5,"random","skewed","random",4,2,0.393939393939394,0.555555555555556,0.323328305681247,0.323328305681247,0.59497817522782
21,5,"random","skewed","random",3,2,0.188405797101449,0.277777777777778,0.172090595497458,0.172090595497458,0.357625066479581
21,5,"random","skewed","random",3,2,0.189189189189189,0.277777777777778,0.160906862745098,0.160906862745098,0.498186090079647
21,5,"random","skewed","random",3,2,0.114391143911439,0.277777777777778,0.0914624183006536,0.0914624183006536,0.448479643259354
21,5,"random","skewed","random",3,2,0.118959107806691,0.277777777777778,0.0985122119023048,0.0985122119023048,0.427655380364067
21,5,"random","skewed","random",4,2,0.437037037037037,0.555555555555556,0.372562250271229,0.372562250271229,0.785534557638748
21,8,"random","equal","random",8,0,1,1,1,1,1
21,8,"random","equal","random",5,0,0.424242424242424,0.625,0.348035714285714,0.348035714285714,0.780392156862745
21,8,"random","equal","random",6,0,0.478260869565217,0.75,0.327944862155388,0.327944862155388,0.803703703703704
21,8,"random","equal","random",6,0,0.532467532467532,0.75,0.390100250626566,0.390100250626566,0.81786941580756
21,8,"random","equal","random",6,0,0.531645569620253,0.75,0.421679197994987,0.421679197994987,0.830258302583026
21,8,"random","equal","random",7,0,0.756756756756757,0.875,0.630886243386243,0.630886243386243,0.910596026490066
21,8,"random","equal","random",7,0,0.773809523809524,0.875,0.616040100250627,0.616040100250626,0.942771084337349
21,8,"random","equal","random",7,0,0.779220779220779,0.875,0.698319327731093,0.698319327731092,0.897280966767372
21,8,"random","equal","random",6,0,0.571428571428571,0.75,0.420050125313283,0.420050125313283,0.840361445783133
21,8,"random","equal","random",7,0,0.71830985915493,0.875,0.464821428571429,0.464821428571429,0.968152866242038
21,8,"random","equal","random",5,0,0.443298969072165,0.625,0.379511278195489,0.379511278195489,0.701492537313433
21,8,"random","equal","random",6,0,0.618556701030928,0.75,0.501190476190476,0.501190476190476,0.851851851851852
21,8,"random","equal","random",6,0,0.55421686746988,0.75,0.363032581453634,0.363032581453634,0.865102639296188
21,8,"random","equal","random",7,0,0.734375,0.875,0.624439775910364,0.624439775910364,0.881944444444445
21,8,"random","equal","random",7,0,0.828282828282828,0.875,0.763095238095238,0.763095238095238,0.90633608815427
21,8,"random","equal","random",7,0,0.779220779220779,0.875,0.700420168067227,0.700420168067227,0.892063492063492
21,8,"random","equal","random",5,0,0.393258426966292,0.625,0.32218045112782,0.32218045112782,0.692307692307692
21,8,"random","equal","random",5,0,0.43298969072165,0.625,0.349642857142857,0.349642857142857,0.737037037037037
21,8,"random","equal","random",6,0,0.571428571428571,0.75,0.454404761904762,0.454404761904762,0.897887323943662
21,8,"random","equal","random",7,0,0.802083333333333,0.875,0.677255639097744,0.677255639097744,0.940438871473354
21,8,"random","equal","random",4,0,0.244897959183673,0.5,0.176428571428571,0.176428571428571,0.647058823529412
21,8,"random","equal","random",7,0,0.763157894736842,0.875,0.674933862433862,0.674933862433862,0.900735294117647
21,8,"random","equal","random",6,0,0.604395604395604,0.75,0.483333333333333,0.483333333333333,0.833855799373041
21,8,"random","equal","random",5,0,0.384615384615385,0.625,0.314821428571429,0.314821428571428,0.717488789237668
21,8,"random","equal","random",7,0,0.773333333333333,0.875,0.637675070028011,0.637675070028011,0.898507462686567
21,8,"random","equal","random",6,0,0.590909090909091,0.75,0.482080200501253,0.482080200501253,0.823333333333333
21,8,"random","equal","random",6,0,0.542168674698795,0.75,0.408214285714286,0.408214285714286,0.863970588235294
21,8,"random","equal","random",7,0,0.753246753246753,0.875,0.619172932330827,0.619172932330827,0.938511326860841
21,8,"random","equal","random",6,0,0.524390243902439,0.75,0.391547619047619,0.391547619047619,0.890566037735849
21,8,"random","equal","random",6,0,0.6,0.75,0.46265664160401,0.46265664160401,0.837920489296636
21,8,"random","equal","random",7,0,0.759493670886076,0.875,0.63452380952381,0.634523809523809,0.934027777777778
21,8,"random","equal","random",7,0,0.757142857142857,0.875,0.644887955182073,0.644887955182073,0.892405063291139
21,8,"random","equal","random",8,0,1,1,1,1,1
21,8,"random","equal","random",7,0,0.726027397260274,0.875,0.564940476190476,0.564940476190476,0.961389961389961
21,8,"random","equal","random",7,0,0.795698924731183,0.875,0.622619047619048,0.622619047619048,0.948924731182796
21,8,"random","equal","random",6,0,0.654205607476635,0.75,0.531203007518797,0.531203007518797,0.868945868945869
21,8,"random","equal","random",7,0,0.763157894736842,0.875,0.640013227513228,0.640013227513228,0.917177914110429
21,8,"random","equal","random",6,0,0.539473684210526,0.75,0.393121693121693,0.393121693121693,0.808176100628931
21,8,"random","equal","random",5,0,0.382022471910112,0.625,0.260892857142857,0.260892857142857,0.756849315068493
21,8,"random","equal","random",6,0,0.591397849462366,0.75,0.462380952380952,0.462380952380952,0.881410256410256
21,8,"random","equal","random",7,0,0.789473684210526,0.875,0.631190476190476,0.631190476190476,0.971264367816092
21,8,"random","equal","random",7,0,0.811111111111111,0.875,0.751330532212885,0.751330532212885,0.891025641025641
21,8,"random","equal","random",6,0,0.55,0.75,0.442731829573935,0.442731829573935,0.805860805860806
21,8,"random","equal","random",8,0,1,1,1,1,1
21,8,"random","equal","random",6,0,0.532467532467532,0.75,0.354260651629073,0.354260651629073,0.833333333333333
21,8,"random","equal","random",7,0,0.780487804878049,0.875,0.613690476190476,0.613690476190476,0.92436974789916
21,8,"random","equal","random",6,0,0.55952380952381,0.75,0.445363408521303,0.445363408521303,0.84406779661017
21,8,"random","equal","random",6,0,0.595744680851064,0.75,0.447857142857143,0.447857142857143,0.881410256410256
21,8,"random","equal","random",5,0,0.466019417475728,0.625,0.350357142857143,0.350357142857143,0.776729559748428
21,8,"random","equal","random",5,0,0.495495495495495,0.625,0.417321428571429,0.417321428571429,0.758620689655172
21,8,"random","equal","random",5,0,0.421052631578947,0.625,0.320892857142857,0.320892857142857,0.754325259515571
21,8,"random","equal","random",5,0,0.438775510204082,0.625,0.335357142857143,0.335357142857143,0.758503401360544
21,8,"random","equal","random",5,0,0.344827586206897,0.625,0.262321428571429,0.262321428571428,0.754385964912281
21,8,"random","equal","random",7,0,0.826530612244898,0.875,0.759663865546219,0.759663865546218,0.908355795148248
21,8,"random","equal","random",7,0,0.710144927536232,0.875,0.549940476190476,0.549940476190476,0.960629921259843
21,8,"random","equal","random",6,0,0.548780487804878,0.75,0.40297619047619,0.40297619047619,0.846689895470383
21,8,"random","equal","random",5,0,0.425531914893617,0.625,0.303383458646617,0.303383458646617,0.753846153846154
21,8,"random","equal","random",7,0,0.722222222222222,0.875,0.492857142857143,0.492857142857143,0.967320261437909
21,8,"random","equal","random",7,0,0.761904761904762,0.875,0.571547619047619,0.571547619047619,0.970760233918129
21,8,"random","equal","random",8,0,1,1,1,1,1
21,8,"random","equal","random",5,0,0.36046511627907,0.625,0.274821428571429,0.274821428571429,0.705394190871369
21,8,"random","equal","random",5,0,0.454545454545455,0.625,0.362781954887218,0.362781954887218,0.743589743589744
21,8,"random","equal","random",5,0,0.387096774193548,0.625,0.303392857142857,0.303392857142857,0.775100401606426
21,8,"random","equal","random",7,0,0.77027027027027,0.875,0.639145658263305,0.639145658263305,0.893416927899687
21,8,"random","equal","random",6,0,0.548780487804878,0.75,0.429642857142857,0.429642857142857,0.837638376383764
21,8,"random","equal","random",7,0,0.787234042553192,0.875,0.631607142857143,0.631607142857143,0.970501474926254
21,8,"random","equal","random",8,0,1,1,1,1,1
21,8,"random","equal","random",7,0,0.768292682926829,0.875,0.613345864661654,0.613345864661654,0.940625
21,8,"random","equal","random",7,0,0.772727272727273,0.875,0.611547619047619,0.611547619047619,0.970149253731343
21,8,"random","equal","random",5,0,0.372093023255814,0.625,0.294548872180451,0.294548872180451,0.6875
21,8,"random","equal","random",7,0,0.779069767441861,0.875,0.625814536340852,0.625814536340852,0.94006309148265
21,8,"random","equal","random",7,0,0.7,0.875,0.507738095238095,0.507738095238095,0.906896551724138
21,8,"random","equal","random",6,0,0.644230769230769,0.75,0.530325814536341,0.530325814536341,0.867052023121387
21,8,"random","equal","random",7,0,0.75,0.875,0.544940476190476,0.544940476190476,0.968944099378882
21,8,"random","equal","random",6,0,0.547619047619048,0.75,0.379047619047619,0.379047619047619,0.876254180602007
21,8,"random","equal","random",7,0,0.75,0.875,0.580012531328321,0.580012531328321,0.941176470588235
21,8,"random","equal","random",5,0,0.504347826086956,0.625,0.428035714285714,0.428035714285714,0.779527559055118
21,8,"random","equal","random",7,0,0.804347826086957,0.875,0.702645502645503,0.702645502645503,0.923295454545455
21,8,"random","equal","random",7,0,0.775280898876405,0.875,0.607678571428571,0.607678571428571,0.970501474926254
21,8,"random","equal","random",6,0,0.568181818181818,0.75,0.405595238095238,0.405595238095238,0.882911392405063
21,8,"random","equal","random",5,0,0.391304347826087,0.625,0.306071428571429,0.306071428571428,0.754863813229572
21,8,"random","equal","random",6,0,0.527027027027027,0.75,0.433994708994709,0.433994708994709,0.776556776556777
21,8,"random","equal","random",8,0,1,1,1,1,1
21,8,"random","equal","random",7,0,0.727272727272727,0.875,0.507738095238095,0.507738095238095,0.915360501567398
21,8,"random","equal","random",5,0,0.4,0.625,0.311466165413534,0.311466165413534,0.72027972027972
21,8,"random","equal","random",6,0,0.63,0.75,0.504260651629073,0.504260651629073,0.867052023121387
21,8,"random","equal","random",7,0,0.739130434782609,0.875,0.601653439153439,0.601653439153439,0.913183279742765
21,8,"random","equal","random",7,0,0.773333333333333,0.875,0.638655462184874,0.638655462184874,0.897280966767372
21,8,"random","equal","random",7,0,0.797752808988764,0.875,0.700859788359788,0.700859788359788,0.918429003021148
21,8,"random","equal","random",6,0,0.506329113924051,0.75,0.351428571428571,0.351428571428571,0.894927536231884
21,8,"random","equal","random",8,0,1,1,1,1,1
21,8,"random","equal","random",7,0,0.761904761904762,0.875,0.616011904761905,0.616011904761905,0.965986394557823
21,8,"random","equal","random",7,0,0.753246753246753,0.875,0.589724310776942,0.589724310776942,0.941358024691358
21,8,"random","equal","random",8,0,1,1,1,1,1
21,8,"random","equal","random",5,0,0.471153846153846,0.625,0.349464285714286,0.349464285714286,0.780864197530864
21,8,"random","equal","random",6,0,0.506849315068493,0.75,0.408646616541353,0.408646616541353,0.786290322580645
21,8,"random","equal","random",6,0,0.617647058823529,0.75,0.501428571428571,0.501428571428571,0.905228758169935
21,8,"random","equal","random",6,0,0.551724137931034,0.75,0.444047619047619,0.444047619047619,0.890151515151515
21,8,"random","equal","random",7,0,0.785714285714286,0.875,0.619775132275132,0.619775132275132,0.924157303370786
21,8,"random","equal","random",6,0,0.556818181818182,0.75,0.438928571428571,0.438928571428571,0.892193308550186
21,8,"random","equal","random",6,0,0.59375,0.75,0.486428571428571,0.486428571428571,0.896057347670251
21,8,"random","equal","random",6,0,0.583333333333333,0.75,0.469973544973545,0.469973544973545,0.80448717948718
21,8,"random","equal","random",5,0,0.470588235294118,0.625,0.394924812030075,0.394924812030075,0.722222222222222
21,8,"random","equal","random",5,0,0.4,0.625,0.333571428571429,0.333571428571429,0.754385964912281
21,8,"random","equal","random",6,0,0.560975609756098,0.75,0.41203007518797,0.41203007518797,0.830670926517572
21,8,"random","equal","random",7,0,0.757142857142857,0.875,0.659733893557423,0.659733893557423,0.884745762711864
21,8,"random","equal","random",8,0,1,1,1,1,1
21,8,"random","equal","random",7,0,0.75609756097561,0.875,0.606130952380952,0.606130952380952,0.96551724137931
21,8,"random","equal","random",7,0,0.71830985915493,0.875,0.561130952380952,0.561130952380953,0.964028776978417
21,8,"random","equal","random",5,0,0.372093023255814,0.625,0.26109022556391,0.26109022556391,0.722222222222222
21,8,"random","equal","random",6,0,0.472972972972973,0.75,0.349047619047619,0.349047619047619,0.878661087866109
21,8,"random","equal","random",7,0,0.75609756097561,0.875,0.596845238095238,0.596845238095238,0.96742671009772
21,8,"random","equal","random",7,0,0.773809523809524,0.875,0.653007518796992,0.653007518796992,0.936026936026936
21,8,"random","equal","random",6,0,0.597701149425287,0.75,0.50515873015873,0.50515873015873,0.800653594771242
21,8,"random","equal","random",7,0,0.766233766233766,0.875,0.665608465608466,0.665608465608466,0.912621359223301
21,8,"random","equal","random",7,0,0.782051282051282,0.875,0.691946778711485,0.691946778711485,0.897280966767372
21,8,"random","equal","random",6,0,0.551724137931034,0.75,0.381785714285714,0.381785714285714,0.904290429042904
21,8,"random","equal","random",8,0,1,1,1,1,1
21,8,"random","equal","random",6,0,0.584269662921348,0.75,0.455714285714286,0.455714285714286,0.847222222222222
21,8,"random","equal","random",6,0,0.513888888888889,0.75,0.388756613756614,0.388756613756614,0.785964912280702
21,8,"random","equal","random",5,0,0.470588235294118,0.625,0.396428571428571,0.396428571428571,0.717314487632509
21,8,"random","equal","random",6,0,0.493506493506494,0.75,0.303809523809524,0.303809523809524,0.899653979238754
21,8,"random","equal","random",7,0,0.795454545454545,0.875,0.684126984126984,0.684126984126984,0.924157303370786
21,8,"random","equal","random",7,0,0.736842105263158,0.875,0.55827380952381,0.55827380952381,0.968454258675079
21,8,"random","equal","random",7,0,0.785714285714286,0.875,0.690939153439153,0.690939153439153,0.913461538461539
21,8,"random","equal","random",5,0,0.379310344827586,0.625,0.271992481203008,0.271992481203008,0.728813559322034
21,8,"random","equal","random",6,0,0.564705882352941,0.75,0.423214285714286,0.423214285714286,0.853333333333333
21,8,"random","equal","random",4,0,0.350877192982456,0.5,0.288095238095238,0.288095238095238,0.67741935483871
21,8,"random","equal","random",7,0,0.767123287671233,0.875,0.621988795518207,0.621988795518207,0.899705014749263
21,8,"random","equal","random",7,0,0.753086419753086,0.875,0.572738095238095,0.572738095238095,0.968652037617555
21,8,"random","equal","random",4,0,0.244897959183673,0.5,0.17952380952381,0.17952380952381,0.64
21,8,"random","equal","random",6,0,0.62,0.75,0.509761904761905,0.509761904761905,0.868327402135231
21,8,"random","equal","random",6,0,0.595744680851064,0.75,0.476547619047619,0.476547619047619,0.875
21,8,"random","equal","random",6,0,0.486111111111111,0.75,0.333214285714286,0.333214285714286,0.831417624521073
21,8,"random","equal","random",6,0,0.635416666666667,0.75,0.546825396825397,0.546825396825397,0.821637426900585
21,8,"random","equal","random",8,0,1,1,1,1,1
21,8,"random","equal","random",7,0,0.769230769230769,0.875,0.678637566137566,0.678637566137566,0.902527075812274
21,8,"random","equal","random",6,0,0.573170731707317,0.75,0.452645502645503,0.452645502645503,0.814589665653495
21,8,"random","equal","random",6,0,0.555555555555556,0.75,0.404010025062657,0.404010025062657,0.832278481012658
21,8,"random","equal","random",6,0,0.573170731707317,0.75,0.448941798941799,0.448941798941799,0.81570996978852
21,8,"random","equal","random",6,0,0.666666666666667,0.75,0.533214285714286,0.533214285714286,0.872463768115942
21,8,"random","equal","random",5,0,0.508620689655172,0.625,0.404821428571429,0.404821428571429,0.822784810126582
21,8,"random","equal","random",7,0,0.642857142857143,0.875,0.43077380952381,0.43077380952381,0.959016393442623
21,8,"random","equal","random",6,0,0.614583333333333,0.75,0.521553884711779,0.521553884711779,0.846666666666667
21,8,"random","equal","random",5,0,0.397849462365591,0.625,0.292142857142857,0.292142857142857,0.772563176895307
21,8,"random","equal","random",8,0,1,1,1,1,1
21,8,"random","equal","random",6,0,0.564705882352941,0.75,0.437380952380952,0.437380952380952,0.840579710144927
21,8,"random","equal","random",7,0,0.74025974025974,0.875,0.542023809523809,0.54202380952381,0.966996699669967
21,8,"random","equal","random",7,0,0.742857142857143,0.875,0.631878306878307,0.631878306878307,0.908783783783784
21,8,"random","equal","random",7,0,0.756756756756757,0.875,0.638690476190476,0.638690476190476,0.914012738853503
21,8,"random","equal","random",5,0,0.364705882352941,0.625,0.256390977443609,0.256390977443609,0.71830985915493
21,8,"random","equal","random",6,0,0.518987341772152,0.75,0.374047619047619,0.374047619047619,0.867857142857143
21,8,"random","equal","random",7,0,0.736111111111111,0.875,0.560902255639098,0.560902255639098,0.935374149659864
21,8,"random","equal","random",6,0,0.602150537634409,0.75,0.465714285714286,0.465714285714286,0.862928348909657
21,8,"random","equal","random",7,0,0.784090909090909,0.875,0.586278195488722,0.586278195488722,0.949061662198391
21,8,"random","equal","random",7,0,0.736111111111111,0.875,0.581077694235589,0.581077694235589,0.935810810810811
21,8,"random","equal","random",7,0,0.821052631578947,0.875,0.700420168067227,0.700420168067227,0.915211970074813
21,8,"random","equal","random",7,0,0.772151898734177,0.875,0.636507936507937,0.636507936507936,0.917431192660551
21,8,"random","equal","random",8,0,1,1,1,1,1
21,8,"random","equal","random",8,0,1,1,1,1,1
21,8,"random","equal","random",7,0,0.728571428571429,0.875,0.528007518796992,0.528007518796993,0.941176470588235
21,8,"random","equal","random",7,0,0.763888888888889,0.875,0.583613445378151,0.583613445378151,0.903409090909091
21,8,"random","equal","random",7,0,0.77027027027027,0.875,0.644887955182073,0.644887955182073,0.898809523809524
21,8,"random","equal","random",8,0,1,1,1,1,1
21,8,"random","equal","random",7,0,0.71875,0.875,0.57718253968254,0.57718253968254,0.905923344947735
21,8,"random","equal","random",6,0,0.5125,0.75,0.385595238095238,0.385595238095238,0.888030888030888
21,8,"random","equal","random",6,0,0.579545454545454,0.75,0.46077694235589,0.46077694235589,0.849673202614379
21,8,"random","equal","random",7,0,0.75,0.875,0.537738095238095,0.537738095238095,0.96969696969697
21,8,"random","equal","random",7,0,0.72972972972973,0.875,0.556607142857143,0.556607142857143,0.964664310954064
21,8,"random","equal","random",7,0,0.77027027027027,0.875,0.66015406162465,0.66015406162465,0.895061728395062
21,8,"random","equal","random",4,0,0.321100917431193,0.5,0.252857142857143,0.252857142857143,0.672727272727273
21,8,"random","equal","random",7,0,0.793478260869565,0.875,0.656954887218045,0.656954887218045,0.945402298850575
21,8,"random","equal","random",6,0,0.561797752808989,0.75,0.460595238095238,0.460595238095238,0.887596899224806
21,8,"random","equal","random",6,0,0.566666666666667,0.75,0.451547619047619,0.451547619047619,0.888888888888889
21,8,"random","equal","random",6,0,0.55421686746988,0.75,0.433214285714286,0.433214285714286,0.833333333333333
21,8,"random","equal","random",6,0,0.513157894736842,0.75,0.403214285714286,0.403214285714286,0.807017543859649
21,8,"random","equal","random",5,0,0.444444444444444,0.625,0.366964285714286,0.366964285714286,0.724806201550388
21,8,"random","equal","random",7,0,0.804347826086957,0.875,0.656878306878307,0.656878306878307,0.929319371727749
21,8,"random","equal","random",6,0,0.625,0.75,0.510952380952381,0.510952380952381,0.901694915254237
21,8,"random","equal","random",7,0,0.703125,0.875,0.475375939849624,0.475375939849624,0.935374149659864
21,8,"random","equal","random",7,0,0.765432098765432,0.875,0.615288220551378,0.615288220551378,0.937908496732026
21,8,"random","equal","random",6,0,0.627659574468085,0.75,0.545238095238095,0.545238095238095,0.814589665653495
21,8,"random","equal","random",7,0,0.753424657534246,0.875,0.58776455026455,0.58776455026455,0.91640866873065
21,8,"random","equal","random",6,0,0.564705882352941,0.75,0.430952380952381,0.430952380952381,0.850649350649351
21,8,"random","equal","random",7,0,0.753246753246753,0.875,0.571741854636591,0.571741854636591,0.939490445859873
21,8,"random","equal","random",6,0,0.618556701030928,0.75,0.478214285714286,0.478214285714286,0.858974358974359
21,8,"random","equal","random",6,0,0.5,0.75,0.345488721804511,0.345488721804511,0.812056737588652
21,8,"random","equal","random",7,0,0.73972602739726,0.875,0.592794486215539,0.592794486215539,0.9375
21,8,"random","equal","random",6,0,0.536585365853659,0.75,0.419047619047619,0.419047619047619,0.860902255639098
21,8,"random","equal","random",8,0,1,1,1,1,1
21,8,"random","equal","random",7,0,0.759493670886076,0.875,0.556203007518797,0.556203007518797,0.944606413994169
21,8,"random","equal","random",6,0,0.536585365853659,0.75,0.427261904761905,0.427261904761905,0.856031128404669
21,8,"random","equal","random",5,0,0.53448275862069,0.625,0.462781954887218,0.462781954887218,0.733333333333333
21,8,"random","equal","random",7,0,0.763157894736842,0.875,0.563624338624339,0.563624338624339,0.923512747875354
21,8,"random","equal","random",5,0,0.402173913043478,0.625,0.293035714285714,0.293035714285714,0.74822695035461
21,8,"random","equal","random",6,0,0.55421686746988,0.75,0.408646616541353,0.408646616541353,0.853035143769968
21,8,"random","equal","random",7,0,0.806451612903226,0.875,0.700661375661376,0.700661375661376,0.925207756232687
21,8,"random","equal","random",6,0,0.588235294117647,0.75,0.490608465608466,0.490608465608466,0.805111821086262
21,8,"random","equal","random",8,0,1,1,1,1,1
21,8,"random","equal","random",7,0,0.71830985915493,0.875,0.514821428571429,0.514821428571429,0.966442953020134
21,8,"random","equal","random",4,0,0.237113402061856,0.5,0.16952380952381,0.16952380952381,0.63855421686747
21,8,"random","equal","random",7,0,0.7625,0.875,0.606892230576441,0.606892230576441,0.940625
21,8,"random","equal","random",8,0,1,1,1,1,1
21,8,"random","equal","random",6,0,0.551282051282051,0.75,0.475793650793651,0.475793650793651,0.771535580524345
21,8,"random","equal","random",6,0,0.512820512820513,0.75,0.343095238095238,0.343095238095238,0.873287671232877
21,8,"random","equal","random",6,0,0.531645569620253,0.75,0.419880952380952,0.419880952380952,0.825396825396825
21,8,"random","equal","random",7,0,0.771084337349398,0.875,0.582205513784461,0.582205513784461,0.944767441860465
21,8,"random","equal","random",6,0,0.573170731707317,0.75,0.457804232804233,0.457804232804233,0.805111821086262
21,8,"random","equal","random",8,0,1,1,1,1,1
21,8,"random","equal","random",6,0,0.633663366336634,0.75,0.498452380952381,0.498452380952381,0.865030674846626
21,8,"random","equal","random",6,0,0.486111111111111,0.75,0.371804511278196,0.371804511278195,0.817460317460317
21,8,"random","equal","random",5,0,0.393258426966292,0.625,0.328759398496241,0.328759398496241,0.682539682539683
21,8,"random","equal","random",6,0,0.493150684931507,0.75,0.363032581453634,0.363032581453634,0.827067669172932
21,8,"random","equal","random",4,0,0.274509803921569,0.5,0.214047619047619,0.214047619047619,0.63855421686747
21,8,"random","equal","random",7,0,0.771084337349398,0.875,0.644047619047619,0.644047619047619,0.939102564102564
21,8,"random","equal","random",6,0,0.602150537634409,0.75,0.495488721804511,0.495488721804511,0.855799373040752
21,8,"random","equal","random",6,0,0.538461538461538,0.75,0.404887218045113,0.404887218045113,0.819112627986348
21,8,"random","equal","random",5,0,0.421052631578947,0.625,0.324285714285714,0.324285714285714,0.75
21,8,"random","equal","random",5,0,0.380434782608696,0.625,0.278214285714286,0.278214285714286,0.79182156133829
21,8,"random","equal","random",6,0,0.602272727272727,0.75,0.529232804232804,0.529232804232804,0.792517006802721
21,8,"random","equal","random",7,0,0.780487804878049,0.875,0.673082010582011,0.673082010582011,0.918674698795181
21,8,"random","equal","random",5,0,0.4,0.625,0.307706766917293,0.307706766917293,0.722222222222222
21,8,"random","equal","random",5,0,0.455445544554455,0.625,0.367321428571429,0.367321428571429,0.747330960854093
21,8,"random","equal","random",7,0,0.732394366197183,0.875,0.581516290726817,0.581516290726817,0.932862190812721
21,8,"random","equal","random",5,0,0.428571428571429,0.625,0.352321428571429,0.352321428571428,0.75098814229249
21,8,"random","equal","random",7,0,0.759036144578313,0.875,0.58702380952381,0.58702380952381,0.970059880239521
21,8,"random","equal","random",7,0,0.766233766233766,0.875,0.668915343915344,0.668915343915344,0.910596026490066
21,8,"random","equal","random",7,0,0.743243243243243,0.875,0.528884711779449,0.528884711779449,0.942942942942943
21,8,"random","equal","random",7,0,0.76056338028169,0.875,0.698949579831933,0.698949579831933,0.876363636363636
21,8,"random","equal","random",8,0,1,1,1,1,1
21,8,"random","equal","random",5,0,0.367816091954023,0.625,0.250714285714286,0.250714285714286,0.74822695035461
21,8,"random","equal","random",5,0,0.397849462365591,0.625,0.286785714285714,0.286785714285714,0.778947368421053
21,8,"random","equal","random",7,0,0.782051282051282,0.875,0.647899159663866,0.647899159663865,0.899109792284867
21,8,"random","equal","random",8,0,1,1,1,1,1
21,8,"random","equal","random",6,0,0.654205607476635,0.75,0.530576441102757,0.530576441102757,0.869688385269122
21,8,"random","equal","random",7,0,0.78494623655914,0.875,0.636607142857143,0.636607142857143,0.967637540453074
21,8,"random","equal","random",6,0,0.615384615384615,0.75,0.532010582010582,0.532010582010582,0.808176100628931
21,8,"random","equal","random",7,0,0.75,0.875,0.559464285714286,0.559464285714286,0.969512195121951
21,8,"random","equal","random",8,0,1,1,1,1,1
21,8,"random","equal","random",7,0,0.649122807017544,0.875,0.36827380952381,0.36827380952381,0.962825278810409
21,8,"random","equal","random",7,0,0.78494623655914,0.875,0.599940476190476,0.599940476190476,0.971428571428571
21,8,"random","equal","random",5,0,0.4,0.625,0.314285714285714,0.314285714285714,0.715302491103203
21,8,"random","equal","random",8,0,1,1,1,1,1
21,8,"random","equal","random",7,0,0.765432098765432,0.875,0.583458646616541,0.583458646616541,0.945402298850575
21,8,"random","equal","random",7,0,0.71830985915493,0.875,0.522440476190476,0.522440476190476,0.964539007092199
21,8,"random","equal","random",5,0,0.372093023255814,0.625,0.276127819548872,0.276127819548872,0.716312056737589
21,8,"random","equal","random",7,0,0.689655172413793,0.875,0.450859788359788,0.450859788359788,0.907216494845361
21,8,"random","equal","random",6,0,0.584269662921348,0.75,0.462155388471178,0.462155388471178,0.855799373040752
21,8,"random","equal","random",8,0,1,1,1,1,1
21,8,"random","equal","random",8,0,1,1,1,1,1
21,8,"random","equal","random",6,0,0.539473684210526,0.75,0.442460317460317,0.442460317460317,0.774074074074074
21,8,"random","equal","random",6,0,0.644859813084112,0.75,0.525357142857143,0.525357142857143,0.884375
21,8,"random","equal","random",6,0,0.532467532467533,0.75,0.438471177944862,0.438471177944862,0.792156862745098
21,8,"random","equal","random",7,0,0.772727272727273,0.875,0.590297619047619,0.590297619047619,0.970059880239521
21,8,"random","equal","random",7,0,0.765432098765432,0.875,0.620551378446115,0.620551378446115,0.940809968847352
21,8,"random","equal","random",6,0,0.506849315068493,0.75,0.349874686716792,0.349874686716792,0.818493150684932
21,8,"random","equal","random",8,0,1,1,1,1,1
21,8,"random","equal","random",6,0,0.63265306122449,0.75,0.535338345864662,0.535338345864662,0.827361563517915
21,8,"random","equal","random",5,0,0.412371134020619,0.625,0.309642857142857,0.309642857142857,0.804878048780488
21,8,"random","equal","random",6,0,0.486842105263158,0.75,0.310595238095238,0.310595238095238,0.893382352941177
21,8,"random","equal","random",6,0,0.595744680851064,0.75,0.483809523809524,0.483809523809524,0.868794326241135
21,8,"random","equal","random",7,0,0.696969696969697,0.875,0.469464285714286,0.469464285714286,0.965635738831615
21,8,"random","equal","random",6,0,0.434782608695652,0.75,0.245714285714286,0.245714285714286,0.886274509803922
21,8,"random","equal","random",7,0,0.746835443037975,0.875,0.591607142857143,0.591607142857143,0.967105263157895
21,8,"random","equal","random",6,0,0.589473684210526,0.75,0.459761904761905,0.459761904761905,0.907051282051282
21,8,"random","equal","random",4,0,0.30188679245283,0.5,0.257857142857143,0.257857142857143,0.592760180995475
21,8,"random","equal","random",6,0,0.588888888888889,0.75,0.415664160401003,0.415664160401002,0.868194842406877
21,8,"random","equal","random",8,0,1,1,1,1,1
21,8,"random","equal","random",6,0,0.577777777777778,0.75,0.445595238095238,0.445595238095238,0.877076411960133
21,8,"random","equal","random",8,0,1,1,1,1,1
21,8,"random","equal","random",7,0,0.742857142857143,0.875,0.521693121693122,0.521693121693122,0.918429003021148
21,8,"random","equal","random",7,0,0.797872340425532,0.875,0.598496240601504,0.598496240601504,0.950391644908616
21,8,"random","equal","random",5,0,0.457142857142857,0.625,0.374821428571429,0.374821428571429,0.799283154121864
21,8,"random","equal","random",7,0,0.766233766233766,0.875,0.676785714285714,0.676785714285714,0.903225806451613
21,8,"random","equal","random",7,0,0.8,0.875,0.701750700280112,0.701750700280112,0.897590361445783
21,8,"random","equal","random",7,0,0.768292682926829,0.875,0.627944862155388,0.627944862155388,0.941538461538462
21,8,"random","equal","random",4,0,0.281553398058252,0.5,0.215952380952381,0.215952380952381,0.657794676806084
21,8,"random","equal","random",7,0,0.746666666666667,0.875,0.589786967418546,0.589786967418546,0.937086092715232
21,8,"random","equal","random",7,0,0.8,0.875,0.701785714285714,0.701785714285714,0.918918918918919
21,8,"random","equal","random",6,0,0.541176470588235,0.75,0.403214285714286,0.403214285714286,0.9
21,8,"random","equal","random",6,0,0.617021276595745,0.75,0.508646616541353,0.508646616541353,0.837423312883436
21,8,"random","equal","random",7,0,0.776470588235294,0.875,0.631390977443609,0.631390977443609,0.944767441860465
21,8,"random","equal","random",5,0,0.517857142857143,0.625,0.434586466165413,0.434586466165414,0.754601226993865
21,8,"random","equal","random",6,0,0.536585365853659,0.75,0.429047619047619,0.429047619047619,0.854330708661417
21,8,"random","equal","random",6,0,0.525641025641026,0.75,0.319880952380952,0.319880952380952,0.86031746031746
21,8,"random","equal","random",6,0,0.579545454545455,0.75,0.453214285714286,0.453214285714286,0.840579710144928
21,8,"random","equal","random",7,0,0.771084337349398,0.875,0.631954887218045,0.631954887218045,0.943452380952381
21,8,"random","equal","random",7,0,0.746835443037975,0.875,0.56952380952381,0.56952380952381,0.966777408637874
21,8,"random","equal","random",5,0,0.525423728813559,0.625,0.435535714285714,0.435535714285714,0.792763157894737
21,8,"random","equal","random",7,0,0.753086419753086,0.875,0.529285714285714,0.529285714285714,0.970845481049563
21,8,"random","equal","random",6,0,0.608695652173913,0.75,0.494862155388471,0.494862155388471,0.831746031746032
21,8,"random","equal","random",7,0,0.776470588235294,0.875,0.623997493734336,0.623997493734336,0.938906752411576
21,8,"random","equal","random",5,0,0.4,0.625,0.299464285714286,0.299464285714286,0.798561151079137
21,8,"random","equal","random",5,0,0.412371134020619,0.625,0.349821428571429,0.349821428571429,0.748878923766816
21,8,"random","equal","random",7,0,0.728571428571429,0.875,0.613972431077694,0.613972431077694,0.925196850393701
21,8,"random","equal","random",5,0,0.461538461538462,0.625,0.366428571428571,0.366428571428571,0.78125
21,8,"random","equal","random",6,0,0.541176470588235,0.75,0.433928571428571,0.433928571428571,0.883064516129032
21,8,"random","equal","random",6,0,0.585106382978723,0.75,0.460714285714286,0.460714285714286,0.902356902356902
21,8,"random","equal","random",4,0,0.327272727272727,0.5,0.252619047619048,0.252619047619048,0.688581314878893
21,8,"random","equal","random",5,0,0.443298969072165,0.625,0.34718045112782,0.34718045112782,0.735099337748344
21,8,"random","skewed","random",6,5,0.244372990353698,0.380952380952381,0.202156187036218,0.202156187036218,0.561611816339471
21,8,"random","skewed","random",6,5,0.236666666666667,0.380952380952381,0.212505084879956,0.212505084879956,0.501303282220877
21,8,"random","skewed","random",6,5,0.275568181818182,0.380952380952381,0.250819634871493,0.250819634871492,0.682804603783569
21,8,"random","skewed","random",6,5,0.215753424657534,0.380952380952381,0.186378152625573,0.186378152625573,0.510864120750108
21,8,"random","skewed","random",6,5,0.262798634812287,0.380952380952381,0.244451671277386,0.244451671277386,0.443008662141754
21,8,"random","skewed","random",6,5,0.25,0.380952380952381,0.218877269282598,0.218877269282598,0.559856517718584
21,8,"random","skewed","random",6,5,0.234234234234234,0.380952380952381,0.213976239618655,0.213976239618654,0.659065960629518
21,8,"random","skewed","random",6,5,0.251497005988024,0.380952380952381,0.225413288122266,0.225413288122266,0.62685010204853
21,8,"random","skewed","random",6,5,0.282131661442006,0.380952380952381,0.258641122140864,0.258641122140864,0.520711505865052
21,8,"random","skewed","random",6,5,0.25,0.380952380952381,0.218958259258296,0.218958259258296,0.481170425035816
21,8,"random","skewed","random",6,5,0.279141104294479,0.380952380952381,0.230460925598309,0.230460925598309,0.583648214623087
21,8,"random","skewed","random",6,5,0.301829268292683,0.380952380952381,0.27997816573023,0.27997816573023,0.525865694405588
21,8,"random","skewed","random",6,5,0.235483870967742,0.380952380952381,0.203870712643321,0.203870712643321,0.549109472025862
21,8,"random","skewed","random",6,5,0.292537313432836,0.380952380952381,0.265821642599792,0.265821642599792,0.551011052819233
21,8,"random","skewed","random",6,5,0.243827160493827,0.380952380952381,0.217310647943388,0.217310647943388,0.556782908947252
21,8,"random","skewed","random",5,5,0.109510086455331,0.238095238095238,0.0992078234802693,0.0992078234802693,0.456544622979382
21,8,"random","skewed","random",6,5,0.275316455696203,0.380952380952381,0.25275791603191,0.25275791603191,0.511747813722666
21,8,"random","skewed","random",6,5,0.254019292604502,0.380952380952381,0.212837757448316,0.212837757448316,0.560979644066534
21,8,"random","skewed","random",5,5,0.167613636363636,0.238095238095238,0.152961868034379,0.152961868034379,0.418542671190107
21,8,"random","skewed","random",5,5,0.141666666666667,0.238095238095238,0.130794142218291,0.130794142218291,0.468977217644207
21,8,"random","skewed","random",5,5,0.0803571428571428,0.238095238095238,0.0690245220895376,0.0690245220895376,0.453987916509646
21,8,"random","skewed","random",7,5,0.516014234875445,0.619047619047619,0.459874711176842,0.459874711176842,0.711135884650971
21,8,"random","skewed","random",6,5,0.252365930599369,0.380952380952381,0.229598312085684,0.229598312085684,0.514242637318068
21,8,"random","skewed","random",6,5,0.25,0.380952380952381,0.231907153986466,0.231907153986466,0.434653144359323
21,8,"random","skewed","random",6,5,0.263665594855305,0.380952380952381,0.240766574661054,0.240766574661053,0.51244921481322
21,8,"random","skewed","random",6,5,0.253731343283582,0.380952380952381,0.227791015529019,0.227791015529019,0.625388923459863
21,8,"random","skewed","random",6,5,0.301369863013699,0.380952380952381,0.272683147820532,0.272683147820532,0.706264578473842
21,8,"random","skewed","random",6,5,0.21523178807947,0.380952380952381,0.178467421132811,0.178467421132811,0.561998024394946
21,8,"random","skewed","random",6,5,0.275449101796407,0.380952380952381,0.254589615162778,0.254589615162778,0.566510941726088
21,8,"random","skewed","random",5,5,0.125373134328358,0.238095238095238,0.113293553801946,0.113293553801946,0.382655885830673
21,8,"random","skewed","random",5,5,0.117302052785924,0.238095238095238,0.104202663521549,0.104202663521549,0.405692757139892
21,8,"random","skewed","random",6,5,0.26530612244898,0.380952380952381,0.235865109717778,0.235865109717778,0.487760178033774
21,8,"random","skewed","random",6,5,0.257575757575758,0.380952380952381,0.226595962946582,0.226595962946582,0.599702511966711
21,8,"random","skewed","random",6,5,0.231746031746032,0.380952380952381,0.205121776319023,0.205121776319023,0.580704878095814
21,8,"random","skewed","random",7,5,0.426160337552743,0.619047619047619,0.351779257388436,0.351779257388436,0.696723467983486
21,8,"random","skewed","random",6,5,0.26219512195122,0.380952380952381,0.239963686305547,0.239963686305547,0.578085080235694
21,8,"random","skewed","random",6,5,0.287709497206704,0.380952380952381,0.261008126934985,0.261008126934985,0.701739545807376
21,8,"random","skewed","random",5,5,0.0984615384615385,0.238095238095238,0.0860143133892523,0.0860143133892523,0.374940312657869
21,8,"random","skewed","random",5,5,0.095679012345679,0.238095238095238,0.0859801723089975,0.0859801723089975,0.343282171342984
21,8,"random","skewed","random",6,5,0.228395061728395,0.380952380952381,0.202742579487936,0.202742579487936,0.615838378807452
21,8,"random","skewed","random",6,5,0.268370607028754,0.380952380952381,0.249674840696513,0.249674840696512,0.495563155661129
21,8,"random","skewed","random",5,5,0.15702479338843,0.238095238095238,0.141905744754042,0.141905744754042,0.491792008666306
21,8,"random","skewed","random",5,5,0.122754491017964,0.238095238095238,0.109873238307327,0.109873238307327,0.394402837469074
21,8,"random","skewed","random",5,5,0.141666666666667,0.238095238095238,0.128515897587105,0.128515897587105,0.50414267814068
21,8,"random","skewed","random",6,5,0.205607476635514,0.380952380952381,0.183803012433043,0.183803012433043,0.657787166019639
21,8,"random","skewed","random",6,5,0.279761904761905,0.380952380952381,0.255810999376667,0.255810999376667,0.591711680134196
21,8,"random","skewed","random",7,5,0.52112676056338,0.619047619047619,0.462243956088429,0.462243956088429,0.725471577134692
21,8,"random","skewed","random",5,5,0.139275766016713,0.238095238095238,0.129148361098825,0.129148361098826,0.436764456928604
21,8,"random","skewed","random",5,5,0.0988023952095808,0.238095238095238,0.0848139957737481,0.0848139957737481,0.418857321261318
21,8,"random","skewed","random",7,5,0.4375,0.619047619047619,0.337310701758586,0.337310701758586,0.765976135966975
21,8,"random","skewed","random",6,5,0.282685512367491,0.380952380952381,0.261851281082608,0.261851281082608,0.435592305651852
21,8,"random","skewed","random",5,5,0.114613180515759,0.238095238095238,0.102768686421937,0.102768686421937,0.478521089967608
21,8,"random","skewed","random",6,5,0.226837060702875,0.380952380952381,0.199354617193138,0.199354617193138,0.576902870115129
21,8,"random","skewed","random",6,5,0.246105919003115,0.380952380952381,0.224601978372143,0.224601978372143,0.552945933535737
21,8,"random","skewed","random",6,5,0.215686274509804,0.380952380952381,0.183076471816797,0.183076471816797,0.545038662212379
21,8,"random","skewed","random",6,5,0.253086419753086,0.380952380952381,0.229724142657987,0.229724142657987,0.571871123566745
21,8,"random","skewed","random",6,5,0.286135693215339,0.380952380952381,0.26321411759533,0.26321411759533,0.585690241036553
21,8,"random","skewed","random",6,5,0.261146496815287,0.380952380952381,0.224542878093066,0.224542878093065,0.545914981378324
21,8,"random","skewed","random",6,5,0.284023668639053,0.380952380952381,0.262020473009148,0.262020473009148,0.57737983401253
21,8,"random","skewed","random",7,5,0.483870967741935,0.619047619047619,0.420050230318548,0.420050230318548,0.749819113207977
21,8,"random","skewed","random",6,5,0.225806451612903,0.380952380952381,0.194050256841643,0.194050256841643,0.468437514495683
21,8,"random","skewed","random",6,5,0.208860759493671,0.380952380952381,0.17499689788196,0.17499689788196,0.650723120029434
21,8,"random","skewed","random",6,5,0.300970873786408,0.380952380952381,0.279125365316405,0.279125365316405,0.481984585430746
21,8,"random","skewed","random",6,5,0.260586319218241,0.380952380952381,0.216503170982151,0.216503170982151,0.533383746995436
21,8,"random","skewed","random",6,5,0.257731958762887,0.380952380952381,0.237750482029757,0.237750482029757,0.433449280480268
21,8,"random","skewed","random",6,5,0.240802675585284,0.380952380952381,0.200548261779319,0.200548261779319,0.5179323776095
21,8,"random","skewed","random",6,5,0.247787610619469,0.380952380952381,0.216498415155536,0.216498415155536,0.713726258077149
21,8,"random","skewed","random",7,5,0.487544483985765,0.619047619047619,0.405671145351228,0.405671145351228,0.767296376385315
21,8,"random","skewed","random",6,5,0.235474006116208,0.380952380952381,0.208477873605583,0.208477873605583,0.627069986703735
21,8,"random","skewed","random",7,5,0.524163568773234,0.619047619047619,0.482596928785009,0.482596928785009,0.673163436820249
21,8,"random","skewed","random",6,5,0.272413793103448,0.380952380952381,0.240480345905132,0.240480345905132,0.46079958711256
21,8,"random","skewed","random",6,5,0.245222929936306,0.380952380952381,0.215918375660514,0.215918375660514,0.54436061621673
21,8,"random","skewed","random",6,5,0.277591973244147,0.380952380952381,0.259736206143964,0.259736206143964,0.443756024159045
21,8,"random","skewed","random",7,5,0.517730496453901,0.619047619047619,0.459585637859176,0.459585637859176,0.722851717824315
21,8,"random","skewed","random",6,5,0.142322097378277,0.380952380952381,0.112505084879956,0.112505084879956,0.453085214248387
21,8,"random","skewed","random",6,5,0.222560975609756,0.380952380952381,0.196773858666274,0.196773858666274,0.683287277492167
21,8,"random","skewed","random",5,5,0.109467455621302,0.238095238095238,0.0968538994545187,0.0968538994545187,0.399509645783599
21,8,"random","skewed","random",5,5,0.112068965517241,0.238095238095238,0.102082657624453,0.102082657624453,0.453987916509646
21,8,"random","skewed","random",6,5,0.247619047619048,0.380952380952381,0.214960517909842,0.214960517909842,0.568527521238333
21,8,"random","skewed","random",6,5,0.299694189602446,0.380952380952381,0.278409872721018,0.278409872721018,0.523201298147345
21,8,"random","skewed","random",6,5,0.236760124610592,0.380952380952381,0.207670125067571,0.207670125067571,0.573957172306994
21,8,"random","skewed","random",7,5,0.488,0.619047619047619,0.43131719286905,0.43131719286905,0.672477319874911
21,8,"random","skewed","random",6,5,0.19811320754717,0.380952380952381,0.165519282274313,0.165519282274313,0.698785433239029
21,8,"random","skewed","random",5,5,0.138235294117647,0.238095238095238,0.126035936073414,0.126035936073414,0.383742588713694
21,8,"random","skewed","random",6,5,0.234234234234234,0.380952380952381,0.206120263895032,0.206120263895032,0.697513170908944
21,8,"random","skewed","random",5,5,0.145772594752187,0.238095238095238,0.134503441265703,0.134503441265703,0.380470941677584
21,8,"random","skewed","random",6,5,0.250764525993884,0.380952380952381,0.213892298147329,0.213892298147329,0.622543322293394
21,8,"random","skewed","random",6,5,0.253048780487805,0.380952380952381,0.223778226202762,0.223778226202762,0.586350381390627
21,8,"random","skewed","random",5,5,0.13314447592068,0.238095238095238,0.12078578799941,0.12078578799941,0.452031716795076
21,8,"random","skewed","random",6,5,0.239583333333333,0.380952380952381,0.210592077961789,0.210592077961789,0.440102294950441
21,8,"random","skewed","random",7,5,0.503448275862069,0.619047619047619,0.43508291005711,0.43508291005711,0.761154662487519
21,8,"random","skewed","random",8,5,1,1,1,1,1
21,8,"random","skewed","random",5,5,0.128205128205128,0.238095238095238,0.114412993267482,0.114412993267482,0.475948292992057
21,8,"random","skewed","random",6,5,0.224358974358974,0.380952380952381,0.203551383619006,0.203551383619006,0.54734329352495
21,8,"random","skewed","random",6,5,0.234234234234234,0.380952380952381,0.213073461840877,0.213073461840877,0.66712573719693
21,8,"random","skewed","random",6,5,0.241071428571429,0.380952380952381,0.220091650695366,0.220091650695366,0.662777352716144
21,8,"random","skewed","random",6,5,0.257042253521127,0.380952380952381,0.231739635998878,0.231739635998878,0.430181704323937
21,8,"random","skewed","random",6,5,0.234323432343234,0.380952380952381,0.202950520004863,0.202950520004863,0.510284728318941
21,8,"random","skewed","random",7,5,0.52191235059761,0.619047619047619,0.497611474639338,0.497611474639338,0.632821093522205
21,8,"random","skewed","random",6,5,0.258720930232558,0.380952380952381,0.230550211312595,0.230550211312595,0.704754117739775
21,8,"random","skewed","random",7,5,0.502392344497608,0.619047619047619,0.470905829372131,0.470905829372131,0.605535141089301
21,8,"random","skewed","random",6,5,0.164179104477612,0.380952380952381,0.130048944529079,0.130048944529079,0.45466090541779
21,8,"random","skewed","random",6,5,0.215384615384615,0.380952380952381,0.188165481104723,0.188165481104723,0.681713190355074
21,8,"random","skewed","random",6,5,0.246987951807229,0.380952380952381,0.221835716742838,0.221835716742837,0.620183429767327
21,8,"random","skewed","random",7,5,0.466666666666667,0.619047619047619,0.400847431259434,0.400847431259434,0.602372222672018
21,8,"random","skewed","random",6,5,0.262798634812287,0.380952380952381,0.239214204773757,0.239214204773757,0.464895135683219
21,8,"random","skewed","random",5,5,0.14327485380117,0.238095238095238,0.131594207396717,0.131594207396717,0.378270476400256
21,8,"random","skewed","random",6,5,0.21523178807947,0.380952380952381,0.1953995540968,0.1953995540968,0.47287409494605
21,8,"random","skewed","random",7,5,0.525925925925926,0.619047619047619,0.478612207366077,0.478612207366077,0.693579597464746
21,8,"random","skewed","random",7,5,0.521367521367521,0.619047619047619,0.492336853769848,0.492336853769848,0.629218595082115
21,8,"random","skewed","random",6,5,0.191919191919192,0.380952380952381,0.153472130080102,0.153472130080102,0.570142967970741
21,8,"random","skewed","random",6,5,0.240384615384615,0.380952380952381,0.205978504051667,0.205978504051667,0.569559060501001
21,8,"random","skewed","random",7,5,0.451612903225806,0.619047619047619,0.375601455951119,0.375601455951119,0.70200644288896
21,8,"random","skewed","random",5,5,0.125373134328358,0.238095238095238,0.112202591101076,0.112202591101076,0.395448612830896
21,8,"random","skewed","random",6,5,0.23780487804878,0.380952380952381,0.201577780234901,0.201577780234901,0.665546491774845
21,8,"random","skewed","random",6,5,0.272727272727273,0.380952380952381,0.232879226251904,0.232879226251904,0.593436450467298
21,8,"random","skewed","random",6,5,0.287162162162162,0.380952380952381,0.257738564982236,0.257738564982236,0.461741022020379
21,8,"random","skewed","random",6,5,0.25531914893617,0.380952380952381,0.217856375006143,0.217856375006143,0.623180503635721
21,8,"random","skewed","random",7,5,0.541984732824427,0.619047619047619,0.512446400062499,0.512446400062499,0.659161698599299
21,8,"random","skewed","random",6,5,0.238255033557047,0.380952380952381,0.200069543052678,0.200069543052678,0.50067915541966
21,8,"random","skewed","random",6,5,0.272413793103448,0.380952380952381,0.245440663365449,0.245440663365449,0.443947249108005
21,8,"random","skewed","random",6,5,0.242424242424242,0.380952380952381,0.21500039928252,0.21500039928252,0.637455934195065
21,8,"random","skewed","random",6,5,0.263492063492063,0.380952380952381,0.231553276897093,0.231553276897093,0.523416673737216
21,8,"random","skewed","random",5,5,0.0776119402985075,0.238095238095238,0.0678627942405032,0.0678627942405032,0.434017780073968
21,8,"random","skewed","random",6,5,0.234177215189873,0.380952380952381,0.212618879500092,0.212618879500092,0.556863650876681
21,8,"random","skewed","random",7,5,0.509578544061303,0.619047619047619,0.465569490279243,0.465569490279243,0.67881704595485
21,8,"random","skewed","random",6,5,0.254071661237785,0.380952380952381,0.232704173287249,0.232704173287249,0.49802697832447
21,8,"random","skewed","random",6,5,0.275449101796407,0.380952380952381,0.253095878240493,0.253095878240493,0.57737983401253
21,8,"random","skewed","random",7,5,0.505454545454545,0.619047619047619,0.449677649896189,0.449677649896189,0.713980786359588
21,8,"random","skewed","random",6,5,0.271428571428571,0.380952380952381,0.242802195439579,0.242802195439579,0.698430826042552
21,8,"random","skewed","random",6,5,0.272727272727273,0.380952380952381,0.233694853749441,0.233694853749441,0.55750505185595
21,8,"random","skewed","random",7,5,0.506172839506173,0.619047619047619,0.443079720417182,0.443079720417182,0.665333653931333
21,8,"random","skewed","random",6,5,0.26865671641791,0.380952380952381,0.238112867954199,0.238112867954199,0.59089897377855
21,8,"random","skewed","random",6,5,0.265129682997118,0.380952380952381,0.241385786770849,0.241385786770849,0.684741448226533
21,8,"random","skewed","random",6,5,0.26530612244898,0.380952380952381,0.247415287064258,0.247415287064258,0.439999022643261
21,8,"random","skewed","random",7,5,0.457627118644068,0.619047619047619,0.378346204878713,0.378346204878713,0.888943016365629
21,8,"random","skewed","random",6,5,0.249201277955272,0.380952380952381,0.207152409209298,0.207152409209298,0.556634141434463
21,8,"random","skewed","random",6,5,0.231746031746032,0.380952380952381,0.203670651085919,0.203670651085919,0.581108763637998
21,8,"random","skewed","random",6,5,0.215384615384615,0.380952380952381,0.186143115140793,0.186143115140793,0.697265684185008
21,8,"random","skewed","random",7,5,0.527675276752767,0.619047619047619,0.48510319444917,0.48510319444917,0.67929905408683
21,8,"random","skewed","random",6,5,0.221476510067114,0.380952380952381,0.191682346992352,0.191682346992352,0.500085895538606
21,8,"random","skewed","random",7,5,0.454545454545455,0.619047619047619,0.363964807695458,0.363964807695458,0.590932528201573
21,8,"random","skewed","random",6,5,0.255172413793103,0.380952380952381,0.23958277325378,0.23958277325378,0.413870581186339
21,8,"random","skewed","random",7,5,0.523809523809524,0.619047619047619,0.496551433888895,0.496551433888895,0.643762151870883
21,8,"random","skewed","random",5,5,0.0900621118012422,0.238095238095238,0.0815914916289692,0.0815914916289692,0.317683585517122
21,8,"random","skewed","random",7,5,0.552238805970149,0.619047619047619,0.523876483566886,0.523876483566886,0.666292772866527
21,8,"random","skewed","random",6,5,0.279605263157895,0.380952380952381,0.244453010248934,0.244453010248934,0.4859190595313
21,8,"random","skewed","random",6,5,0.224080267558528,0.380952380952381,0.195271686698687,0.195271686698687,0.486090040788362
21,8,"random","skewed","random",6,5,0.242811501597444,0.380952380952381,0.219444347452739,0.219444347452739,0.519164682959611
21,8,"random","skewed","random",7,5,0.53125,0.619047619047619,0.506761801436724,0.506761801436724,0.637581409230516
21,8,"random","skewed","random",6,5,0.234234234234234,0.380952380952381,0.210439149343948,0.210439149343948,0.677724252134454
21,8,"random","skewed","random",6,5,0.281967213114754,0.380952380952381,0.244777316384644,0.244777316384644,0.499783468976331
21,8,"random","skewed","random",7,5,0.515151515151515,0.619047619047619,0.469981254985125,0.469981254985125,0.684380128300761
21,8,"random","skewed","random",5,5,0.117142857142857,0.238095238095238,0.105616492210919,0.105616492210919,0.476167428624743
21,8,"random","skewed","random",7,5,0.512544802867383,0.619047619047619,0.456224293321361,0.456224293321361,0.714683277589851
21,8,"random","skewed","random",7,5,0.418803418803419,0.619047619047619,0.332230563099257,0.332230563099257,0.7027590812319
21,8,"random","skewed","random",6,5,0.248322147651007,0.380952380952381,0.222393094664767,0.222393094664767,0.462981006635096
21,8,"random","skewed","random",7,5,0.533333333333333,0.619047619047619,0.505854055522344,0.505854055522344,0.633736632272489
21,8,"random","skewed","random",6,5,0.234527687296417,0.380952380952381,0.191383544645929,0.191383544645929,0.568531956290305
21,8,"random","skewed","random",6,5,0.219931271477663,0.380952380952381,0.187445749306186,0.187445749306186,0.47435577595911
21,8,"random","skewed","random",6,5,0.260586319218241,0.380952380952381,0.21602403195812,0.21602403195812,0.539163648196653
21,8,"random","skewed","random",7,5,0.518072289156627,0.619047619047619,0.489198536814636,0.489198536814636,0.642461734444783
21,8,"random","skewed","random",6,5,0.253731343283582,0.380952380952381,0.220197767703573,0.220197767703573,0.654318566966849
21,8,"random","skewed","random",7,5,0.482014388489209,0.619047619047619,0.419113793365599,0.419113793365599,0.74427083799683
21,8,"random","skewed","random",6,5,0.253731343283582,0.380952380952381,0.227749090864416,0.227749090864416,0.627576425144099
21,8,"random","skewed","random",6,5,0.24375,0.380952380952381,0.226232570590563,0.226232570590563,0.529395213944059
21,8,"random","skewed","random",6,5,0.242811501597444,0.380952380952381,0.220207187214683,0.220207187214683,0.513412482694817
21,8,"random","skewed","random",6,5,0.265573770491803,0.380952380952381,0.234935445913258,0.234935445913258,0.501658253961287
21,8,"random","skewed","random",5,5,0.106707317073171,0.238095238095238,0.0961190385664885,0.0961190385664885,0.358915757571456
21,8,"random","skewed","random",6,5,0.306060606060606,0.380952380952381,0.286321434031702,0.286321434031702,0.512937372179134
21,8,"random","skewed","random",6,5,0.228956228956229,0.380952380952381,0.21451579657204,0.21451579657204,0.433225381194752
21,8,"random","skewed","random",6,5,0.233128834355828,0.380952380952381,0.210896174259177,0.210896174259177,0.59007490325688
21,8,"random","skewed","random",5,5,0.151098901098901,0.238095238095238,0.138296230773011,0.138296230773011,0.474982612608927
21,8,"random","skewed","random",6,5,0.146757679180887,0.380952380952381,0.115143465280849,0.115143465280849,0.609585574185384
21,8,"random","skewed","random",6,5,0.196013289036545,0.380952380952381,0.166628484265359,0.166628484265359,0.570127516557382
21,8,"random","skewed","random",6,5,0.303225806451613,0.380952380952381,0.282423438931816,0.282423438931816,0.476753932507314
21,8,"random","skewed","random",5,5,0.135593220338983,0.238095238095238,0.121747014595312,0.121747014595312,0.478117629441054
21,8,"random","skewed","random",7,5,0.434944237918216,0.619047619047619,0.353232191377865,0.353232191377865,0.814005097272016
21,8,"random","skewed","random",5,5,0.101744186046512,0.238095238095238,0.0930261929333137,0.0930261929333137,0.428443268074493
21,8,"random","skewed","random",6,5,0.26530612244898,0.380952380952381,0.246705033922754,0.246705033922754,0.445986124876115
21,8,"random","skewed","random",7,5,0.434628975265018,0.619047619047619,0.358565569277644,0.358565569277644,0.887216602125591
21,8,"random","skewed","random",6,5,0.246987951807229,0.380952380952381,0.219107173571183,0.219107173571183,0.628518106017278
21,8,"random","skewed","random",5,5,0.130057803468208,0.238095238095238,0.111270332694481,0.111270332694481,0.471050425540984
21,8,"random","skewed","random",6,5,0.268370607028754,0.380952380952381,0.251130003658383,0.251130003658384,0.475286090098656
21,8,"random","skewed","random",7,5,0.452054794520548,0.619047619047619,0.358743030275538,0.358743030275538,0.897656688403413
21,8,"random","skewed","random",7,5,0.524475524475524,0.619047619047619,0.464921642229965,0.464921642229965,0.727083984665491
21,8,"random","skewed","random",6,5,0.259375,0.380952380952381,0.234469558829996,0.234469558829996,0.537143025168078
21,8,"random","skewed","random",6,5,0.25077399380805,0.380952380952381,0.221512533914766,0.221512533914766,0.601206815389036
21,8,"random","skewed","random",6,5,0.240802675585284,0.380952380952381,0.205409259733441,0.205409259733441,0.491903941277842
21,8,"random","skewed","random",7,5,0.517587939698492,0.619047619047619,0.462210421730546,0.462210421730546,0.617228125100516
21,8,"random","skewed","random",6,5,0.237942122186495,0.380952380952381,0.211903953640551,0.211903953640551,0.532815782611737
21,8,"random","skewed","random",7,5,0.496062992125984,0.619047619047619,0.439672522180262,0.439672522180262,0.675255500670795
21,8,"random","skewed","random",6,5,0.233226837060703,0.380952380952381,0.19750039928252,0.19750039928252,0.572632432599201
21,8,"random","skewed","random",6,5,0.238095238095238,0.380952380952381,0.197321827853949,0.197321827853949,0.58742686948197
21,8,"random","skewed","random",6,5,0.247422680412371,0.380952380952381,0.207856890319481,0.207856890319481,0.488149993123787
21,8,"random","skewed","random",6,5,0.27027027027027,0.380952380952381,0.253340639661437,0.253340639661437,0.433106952551907
21,8,"random","skewed","random",6,5,0.188741721854305,0.380952380952381,0.156520099267777,0.156520099267777,0.587151008860385
21,8,"random","skewed","random",6,5,0.261682242990654,0.380952380952381,0.237156520041073,0.237156520041073,0.532583912190466
21,8,"random","skewed","random",6,5,0.204545454545455,0.380952380952381,0.169796243058627,0.169796243058627,0.599735897138886
21,8,"random","skewed","random",6,5,0.263665594855305,0.380952380952381,0.23890209592609,0.23890209592609,0.50781225115371
21,8,"random","skewed","random",6,5,0.269340974212034,0.380952380952381,0.243551495159467,0.243551495159467,0.699424342105263
21,8,"random","skewed","random",5,5,0.158038147138965,0.238095238095238,0.145756548233328,0.145756548233328,0.474982612608927
21,8,"random","skewed","random",7,5,0.470588235294118,0.619047619047619,0.390559123634459,0.390559123634459,0.765480352823127
21,8,"random","skewed","random",7,5,0.480916030534351,0.619047619047619,0.424204842689636,0.424204842689636,0.708080362070869
21,8,"random","skewed","random",5,5,0.114803625377644,0.238095238095238,0.0997250608461298,0.0997250608461298,0.406718207076844
21,8,"random","skewed","random",5,5,0.104166666666667,0.238095238095238,0.092843874391862,0.092843874391862,0.378829339918574
21,8,"random","skewed","random",7,5,0.482758620689655,0.619047619047619,0.451306798922898,0.451306798922898,0.62838370606081
21,8,"random","skewed","random",6,5,0.25177304964539,0.380952380952381,0.220652445704804,0.220652445704804,0.455428245991679
21,8,"random","skewed","random",6,5,0.218430034129693,0.380952380952381,0.190736986802518,0.190736986802518,0.500056144170617
21,8,"random","skewed","random",6,5,0.270440251572327,0.380952380952381,0.238169178105222,0.238169178105222,0.52486795385024
21,8,"random","skewed","random",6,5,0.252595155709343,0.380952380952381,0.232712945859458,0.232712945859458,0.435762618873445
21,8,"random","skewed","random",6,5,0.179930795847751,0.380952380952381,0.146742274933981,0.146742274933981,0.535562772524284
21,8,"random","skewed","random",5,5,0.162857142857143,0.238095238095238,0.149128238553039,0.149128238553039,0.413673571396114
21,8,"random","skewed","random",6,5,0.244372990353698,0.380952380952381,0.20327577522237,0.20327577522237,0.550805136567468
21,8,"random","skewed","random",6,5,0.279761904761905,0.380952380952381,0.25899769418386,0.25899769418386,0.563517501187712
21,8,"random","skewed","random",6,5,0.241486068111455,0.380952380952381,0.204022433534817,0.204022433534817,0.628201541646403
21,8,"random","skewed","random",6,5,0.246153846153846,0.380952380952381,0.213784737579242,0.213784737579242,0.603472888427836
21,8,"random","skewed","random",7,5,0.535269709543568,0.619047619047619,0.483798566660132,0.483798566660132,0.658039845936435
21,8,"random","skewed","random",6,5,0.234113712374582,0.380952380952381,0.207677486199158,0.207677486199158,0.506797593008083
21,8,"random","skewed","random",5,5,0.120689655172414,0.238095238095238,0.107703572657133,0.107703572657133,0.464825347029885
21,8,"random","skewed","random",6,5,0.237804878048781,0.380952380952381,0.208694284731436,0.208694284731436,0.643735565819861
21,8,"random","skewed","random",6,5,0.23826714801444,0.380952380952381,0.210736146883934,0.210736146883934,0.428380363746897
21,8,"random","skewed","random",6,5,0.220183486238532,0.380952380952381,0.19405793896506,0.19405793896506,0.685856685411218
21,8,"random","skewed","random",6,5,0.231974921630094,0.380952380952381,0.204329973217357,0.204329973217357,0.57371119521932
21,8,"random","skewed","random",6,5,0.241379310344828,0.380952380952381,0.214081676068396,0.214081676068396,0.588886297890577
21,8,"random","skewed","random",6,5,0.224913494809689,0.380952380952381,0.194780217155088,0.194780217155088,0.4831013590663
21,8,"random","skewed","random",6,5,0.241486068111455,0.380952380952381,0.211471294658214,0.211471294658214,0.581151908615315
21,8,"random","skewed","random",6,5,0.298816568047337,0.380952380952381,0.269729988024757,0.269729988024757,0.566725714521644
21,8,"random","skewed","random",5,5,0.144886363636364,0.238095238095238,0.128062804068996,0.128062804068996,0.454038833812401
21,8,"random","skewed","random",6,5,0.186440677966102,0.380952380952381,0.14125039928252,0.14125039928252,0.590609325654839
21,8,"random","skewed","random",6,5,0.245791245791246,0.380952380952381,0.216517430558968,0.216517430558968,0.488450427037733
21,8,"random","skewed","random",6,5,0.26219512195122,0.380952380952381,0.23712684057926,0.23712684057926,0.586572527744152
21,8,"random","skewed","random",6,5,0.227106227106227,0.380952380952381,0.191310239265985,0.191310239265985,0.454464579263929
21,8,"random","skewed","random",6,5,0.242902208201893,0.380952380952381,0.207635786770849,0.207635786770849,0.570434328040828
21,8,"random","skewed","random",6,5,0.210344827586207,0.380952380952381,0.179257341338095,0.179257341338095,0.51076573514485
21,8,"random","skewed","random",5,5,0.112068965517241,0.238095238095238,0.10078578799941,0.10078578799941,0.470189262354544
21,8,"random","skewed","random",6,5,0.248344370860927,0.380952380952381,0.211131608691491,0.211131608691491,0.506142702789227
21,8,"random","skewed","random",6,5,0.254716981132075,0.380952380952381,0.221684015249682,0.221684015249682,0.570480224061683
21,8,"random","skewed","random",5,5,0.102639296187683,0.238095238095238,0.089968057398398,0.089968057398398,0.45440313111546
21,8,"random","skewed","random",5,5,0.106824925816024,0.238095238095238,0.0917799400461939,0.0917799400461939,0.429202250808789
21,8,"random","skewed","random",6,5,0.264264264264264,0.380952380952381,0.233097879502678,0.233097879502678,0.601844511633052
21,8,"random","skewed","random",6,5,0.169611307420495,0.380952380952381,0.12391330655069,0.12391330655069,0.551233915821359
21,8,"random","skewed","random",6,5,0.271137026239067,0.380952380952381,0.238478764312743,0.238478764312743,0.660186689429193
21,8,"random","skewed","random",5,5,0.0928792569659443,0.238095238095238,0.0838029025091108,0.0838029025091108,0.313670661003169
21,8,"random","skewed","random",6,5,0.270186335403727,0.380952380952381,0.222173018330139,0.222173018330139,0.588040798682104
21,8,"random","skewed","random",6,5,0.20655737704918,0.380952380952381,0.177782595032473,0.177782595032473,0.576705190684153
21,8,"random","skewed","random",5,5,0.13314447592068,0.238095238095238,0.120477173325471,0.120477173325471,0.455581157908244
21,8,"random","skewed","random",6,5,0.267558528428094,0.380952380952381,0.227317306064726,0.227317306064726,0.505236104751636
21,8,"random","skewed","random",6,5,0.282685512367491,0.380952380952381,0.250129728426458,0.250129728426458,0.464830875975716
21,8,"random","skewed","random",6,5,0.274760383386581,0.380952380952381,0.233016073465397,0.233016073465397,0.531043205888899
21,8,"random","skewed","random",6,5,0.263157894736842,0.380952380952381,0.22777692461,0.22777692461,0.5184
21,8,"random","skewed","random",5,5,0.0872274143302181,0.238095238095238,0.0785498317517219,0.0785498317517219,0.32296171922434
21,8,"random","skewed","random",6,5,0.253968253968254,0.380952380952381,0.200103782741167,0.200103782741167,0.603173709976929
21,8,"random","skewed","random",6,5,0.231927710843373,0.380952380952381,0.207370263895032,0.207370263895032,0.684293133051731
21,8,"random","skewed","random",7,5,0.488584474885845,0.619047619047619,0.424751790054753,0.424751790054753,0.633547082570364
21,8,"random","skewed","random",6,5,0.297546012269939,0.380952380952381,0.276327836202707,0.276327836202707,0.521183266285952
21,8,"random","skewed","random",6,5,0.26813880126183,0.380952380952381,0.236504800442799,0.2365048004428,0.516774669838405
21,8,"random","skewed","random",6,5,0.209386281588448,0.380952380952381,0.168478214872694,0.168478214872694,0.477058777612989
21,8,"random","skewed","random",5,5,0.12012012012012,0.238095238095238,0.105474729134498,0.105474729134498,0.401648195133585
21,8,"random","skewed","random",6,5,0.277602523659306,0.380952380952381,0.253166071496825,0.253166071496825,0.526065863326291
21,8,"random","skewed","random",5,5,0.138235294117647,0.238095238095238,0.127987667827981,0.127987667827981,0.362418381392722
21,8,"random","skewed","random",6,5,0.277620396600567,0.380952380952381,0.251187374072436,0.251187374072436,0.702883824214606
21,8,"random","skewed","random",7,5,0.422382671480144,0.619047619047619,0.336506745748232,0.336506745748232,0.8905875051717
21,8,"random","skewed","random",6,5,0.234234234234234,0.380952380952381,0.208428761855619,0.208428761855619,0.691830754202869
21,8,"random","skewed","random",6,5,0.263665594855305,0.380952380952381,0.246893172473668,0.246893172473668,0.476096074415191
21,8,"random","skewed","random",7,5,0.483870967741935,0.619047619047619,0.416925966667969,0.416925966667969,0.759511151004626
21,8,"random","skewed","random",6,5,0.311046511627907,0.380952380952381,0.282147674397552,0.282147674397552,0.562733266796698
21,8,"random","skewed","random",5,5,0.11046511627907,0.238095238095238,0.0975959506609661,0.0975959506609661,0.461395800675601
21,8,"random","skewed","random",5,5,0.109467455621302,0.238095238095238,0.0980726325617967,0.0980726325617967,0.380163500441218
21,8,"random","skewed","random",6,5,0.225190839694657,0.380952380952381,0.201624388790604,0.201624388790604,0.40118394876025
21,8,"random","skewed","random",6,5,0.254385964912281,0.380952380952381,0.229676028306059,0.229676028306059,0.694081381640392
21,8,"random","skewed","random",5,5,0.123209169054441,0.238095238095238,0.110896849968057,0.110896849968057,0.452031716795076
21,8,"random","skewed","random",5,5,0.122159090909091,0.238095238095238,0.112825691680181,0.112825691680181,0.442178602698725
21,8,"random","skewed","random",6,5,0.275,0.380952380952381,0.247823180807411,0.247823180807411,0.45087168169157
21,8,"random","skewed","random",6,5,0.228395061728395,0.380952380952381,0.194044516929579,0.194044516929579,0.659596182490208
21,8,"random","skewed","random",6,5,0.267148014440433,0.380952380952381,0.247825983463561,0.247825983463561,0.418436975740325
21,8,"random","skewed","random",7,5,0.472527472527473,0.619047619047619,0.392011556459441,0.392011556459441,0.76637125576084
21,8,"random","skewed","random",6,5,0.200729927007299,0.380952380952381,0.160234361775899,0.160234361775899,0.474943962882267
21,8,"random","skewed","random",6,5,0.217821782178218,0.380952380952381,0.186157699460209,0.186157699460209,0.551947642680405
21,8,"random","skewed","random",7,5,0.516014234875445,0.619047619047619,0.458646438650081,0.458646438650081,0.718144600067711
21,8,"random","skewed","random",5,5,0.117142857142857,0.238095238095238,0.108147329107081,0.108147329107081,0.432634371249921
21,8,"random","skewed","random",7,5,0.531531531531532,0.619047619047619,0.501876631478918,0.501876631478918,0.623451516445963
21,8,"random","skewed","random",6,5,0.294314381270903,0.380952380952381,0.26278549603536,0.262785496035359,0.47780852855966
21,8,"random","skewed","random",6,5,0.177083333333333,0.380952380952381,0.144134749929519,0.144134749929519,0.534042638666585
21,8,"random","skewed","random",7,5,0.470588235294118,0.619047619047619,0.404161316648417,0.404161316648417,0.757252110825342
21,8,"random","skewed","random",6,5,0.25705329153605,0.380952380952381,0.23430564284809,0.23430564284809,0.515069964154236
21,8,"random","skewed","random",6,5,0.306590257879656,0.380952380952381,0.281604650170317,0.281604650170317,0.595629668660695
21,8,"random","skewed","random",6,5,0.286135693215339,0.380952380952381,0.262778689499807,0.262778689499807,0.588388220372672
21,8,"random","skewed","random",6,5,0.255813953488372,0.380952380952381,0.230079112541703,0.230079112541703,0.47793323781339
21,8,"random","skewed","random",6,5,0.257668711656442,0.380952380952381,0.232718341260789,0.232718341260789,0.583850614676968
21,8,"random","skewed","random",6,5,0.26219512195122,0.380952380952381,0.232644530573079,0.232644530573079,0.602460889650003
21,8,"random","skewed","random",7,5,0.459459459459459,0.619047619047619,0.380071351077543,0.380071351077543,0.887849397156052
21,8,"random","skewed","random",7,5,0.491638795986622,0.619047619047619,0.413577386349099,0.413577386349099,0.819123181845181
21,8,"random","skewed","random",6,5,0.246105919003115,0.380952380952381,0.223795007384302,0.223795007384302,0.562234495902932
21,8,"random","skewed","random",5,5,0.149717514124294,0.238095238095238,0.134253280259472,0.134253280259472,0.430328997704667
21,8,"random","skewed","random",5,5,0.145772594752187,0.238095238095238,0.133369026280872,0.133369026280872,0.394402837469074
21,8,"random","skewed","random",6,5,0.3,0.380952380952381,0.271891978038779,0.271891978038779,0.493787440768014
21,8,"random","skewed","random",6,5,0.253086419753086,0.380952380952381,0.232405058052769,0.232405058052769,0.56200522389563
21,8,"random","skewed","random",7,5,0.482993197278912,0.619047619047619,0.407188607384143,0.407188607384143,0.815786916950038
21,8,"random","skewed","random",7,5,0.533073929961089,0.619047619047619,0.481892236876757,0.481892236876757,0.676898891840782
21,11,"random","equal","random",9,0,0.657407407407407,0.818181818181818,0.511067821067821,0.511067821067821,0.888324873096447
21,11,"random","equal","random",9,0,0.678571428571429,0.818181818181818,0.554925191767297,0.554925191767297,0.869135802469136
21,11,"random","equal","random",8,0,0.55,0.727272727272727,0.416649578491684,0.416649578491684,0.822222222222222
21,11,"random","equal","random",9,0,0.654867256637168,0.818181818181818,0.518845598845599,0.518845598845599,0.925641025641026
21,11,"random","equal","random",8,0,0.533898305084746,0.727272727272727,0.411006493506493,0.411006493506494,0.818877551020408
21,11,"random","equal","random",8,0,0.533333333333333,0.727272727272727,0.428685064935065,0.428685064935065,0.827397260273973
21,11,"random","equal","random",10,0,0.786516853932584,0.909090909090909,0.604216981848561,0.604216981848561,0.953316953316953
21,11,"random","equal","random",8,0,0.602941176470588,0.727272727272727,0.508384597858282,0.508384597858282,0.808612440191388
21,11,"random","equal","random",9,0,0.663716814159292,0.818181818181818,0.508488455988456,0.508488455988456,0.90818858560794
21,11,"random","equal","random",9,0,0.699186991869919,0.818181818181818,0.543726551226551,0.543726551226551,0.902004454342984
21,11,"random","equal","random",9,0,0.638888888888889,0.818181818181818,0.493845598845599,0.493845598845599,0.925064599483204
21,11,"random","equal","random",8,0,0.528925619834711,0.727272727272727,0.390579004329004,0.390579004329004,0.866028708133971
21,11,"random","equal","random",8,0,0.566929133858268,0.727272727272727,0.440108225108225,0.440108225108225,0.83175355450237
21,11,"random","equal","random",9,0,0.663636363636364,0.818181818181818,0.508513708513709,0.508513708513708,0.896860986547085
21,11,"random","equal","random",8,0,0.513513513513513,0.727272727272727,0.402056277056277,0.402056277056277,0.798994974874372
21,11,"random","equal","random",8,0,0.540322580645161,0.727272727272727,0.404632034632035,0.404632034632035,0.866666666666667
21,11,"random","equal","random",9,0,0.681034482758621,0.818181818181818,0.525234487734488,0.525234487734488,0.898148148148148
21,11,"random","equal","random",9,0,0.6875,0.818181818181818,0.571865480198814,0.571865480198814,0.865934065934066
21,11,"random","equal","random",9,0,0.657894736842105,0.818181818181818,0.491421356421356,0.491421356421356,0.932558139534884
21,11,"random","equal","random",7,0,0.467625899280576,0.636363636363636,0.377756132756133,0.377756132756133,0.772727272727273
21,11,"random","equal","random",8,0,0.548387096774194,0.727272727272727,0.428268398268398,0.428268398268398,0.838046272493573
21,11,"random","equal","random",9,0,0.686440677966102,0.818181818181818,0.565075567707147,0.565075567707147,0.889423076923077
21,11,"random","equal","random",9,0,0.669642857142857,0.818181818181818,0.501345598845599,0.501345598845599,0.900226757369615
21,11,"random","equal","random",10,0,0.81651376146789,0.909090909090909,0.651089466089466,0.651089466089466,0.975961538461539
21,11,"random","equal","random",9,0,0.663461538461538,0.818181818181818,0.542235850569184,0.542235850569184,0.855106888361045
21,11,"random","equal","random",7,0,0.503355704697987,0.636363636363636,0.398145743145743,0.398145743145743,0.790697674418605
21,11,"random","equal","random",8,0,0.575757575757576,0.727272727272727,0.456953463203463,0.456953463203463,0.850710900473934
21,11,"random","equal","random",9,0,0.722222222222222,0.818181818181818,0.611848645181979,0.611848645181979,0.872651356993737
21,11,"random","equal","random",8,0,0.5625,0.727272727272727,0.430286796536797,0.430286796536797,0.850356294536817
21,11,"random","equal","random",8,0,0.583941605839416,0.727272727272727,0.444859307359307,0.444859307359307,0.876106194690266
21,11,"random","equal","random",9,0,0.640776699029126,0.818181818181818,0.443567821067821,0.443567821067821,0.897196261682243
21,11,"random","equal","random",8,0,0.555555555555556,0.727272727272727,0.438268398268398,0.438268398268398,0.844059405940594
21,11,"random","equal","random",9,0,0.672727272727273,0.818181818181818,0.536504139135718,0.536504139135718,0.875586854460094
21,11,"random","equal","random",9,0,0.666666666666667,0.818181818181818,0.529537437870771,0.529537437870771,0.853365384615385
21,11,"random","equal","random",9,0,0.645454545454545,0.818181818181818,0.47995670995671,0.47995670995671,0.928921568627451
21,11,"random","equal","random",9,0,0.705882352941177,0.818181818181818,0.577541285874619,0.577541285874619,0.87396694214876
21,11,"random","equal","random",8,0,0.571428571428571,0.727272727272727,0.460995670995671,0.460995670995671,0.862745098039216
21,11,"random","equal","random",9,0,0.654205607476636,0.818181818181818,0.496940836940837,0.496940836940837,0.887755102040816
21,11,"random","equal","random",10,0,0.818181818181818,0.909090909090909,0.682162898829565,0.682162898829565,0.940133037694013
21,11,"random","equal","random",9,0,0.678899082568807,0.818181818181818,0.559211159211159,0.559211159211159,0.8584686774942
21,11,"random","equal","random",10,0,0.791666666666667,0.909090909090909,0.617339466089466,0.617339466089466,0.975550122249389
21,11,"random","equal","random",9,0,0.628571428571429,0.818181818181818,0.461901154401154,0.461901154401154,0.925257731958763
21,11,"random","equal","random",9,0,0.683760683760684,0.818181818181818,0.529282106782107,0.529282106782107,0.898148148148148
21,11,"random","equal","random",8,0,0.537190082644628,0.727272727272727,0.414036796536797,0.414036796536797,0.842892768079801
21,11,"random","equal","random",8,0,0.495412844036697,0.727272727272727,0.355882034632035,0.355882034632035,0.818414322250639
21,11,"random","equal","random",9,0,0.666666666666667,0.818181818181818,0.50975468975469,0.50975468975469,0.894988066825776
21,11,"random","equal","random",7,0,0.451851851851852,0.636363636363636,0.363326118326118,0.363326118326118,0.755434782608696
21,11,"random","equal","random",9,0,0.694214876033058,0.818181818181818,0.57931571352624,0.57931571352624,0.891509433962264
21,11,"random","equal","random",8,0,0.565891472868217,0.727272727272727,0.448203463203463,0.448203463203463,0.845588235294118
21,11,"random","equal","random",9,0,0.704918032786885,0.818181818181818,0.587297789929369,0.587297789929369,0.871980676328503
21,11,"random","equal","random",8,0,0.602941176470588,0.727272727272727,0.500979722032354,0.500979722032354,0.822616407982262
21,11,"random","equal","random",9,0,0.657894736842105,0.818181818181818,0.491901154401154,0.491901154401155,0.931924882629108
21,11,"random","equal","random",9,0,0.666666666666667,0.818181818181818,0.456901154401154,0.456901154401155,0.919213973799127
21,11,"random","equal","random",7,0,0.383333333333333,0.636363636363636,0.265937950937951,0.265937950937951,0.765013054830287
21,11,"random","equal","random",8,0,0.525,0.727272727272727,0.414339826839827,0.414339826839827,0.845730027548209
21,11,"random","equal","random",9,0,0.694915254237288,0.818181818181818,0.578525860104807,0.578525860104807,0.870098039215686
21,11,"random","equal","random",10,0,0.827272727272727,0.909090909090909,0.67483101693628,0.67483101693628,0.957683741648107
21,11,"random","equal","random",9,0,0.644230769230769,0.818181818181818,0.523220931115668,0.523220931115668,0.879581151832461
21,11,"random","equal","random",10,0,0.836206896551724,0.909090909090909,0.652542340700235,0.652542340700235,0.962075848303393
21,11,"random","equal","random",9,0,0.669642857142857,0.818181818181818,0.477135642135642,0.477135642135642,0.902439024390244
21,11,"random","equal","random",8,0,0.560975609756098,0.727272727272727,0.453503075871497,0.453503075871497,0.805825242718447
21,11,"random","equal","random",9,0,0.660377358490566,0.818181818181818,0.534749753170806,0.534749753170806,0.868159203980099
21,11,"random","equal","random",9,0,0.602040816326531,0.818181818181818,0.412893217893218,0.412893217893218,0.925064599483204
21,11,"random","equal","random",9,0,0.663551401869159,0.818181818181818,0.51357180830865,0.51357180830865,0.873508353221957
21,11,"random","equal","random",10,0,0.830188679245283,0.909090909090909,0.678833974667308,0.678833974667308,0.942796610169491
21,11,"random","equal","random",8,0,0.580152671755725,0.727272727272727,0.462018398268398,0.462018398268398,0.823821339950372
21,11,"random","equal","random",9,0,0.705426356589147,0.818181818181818,0.555663780663781,0.555663780663781,0.919213973799127
21,11,"random","equal","random",8,0,0.561538461538462,0.727272727272727,0.438203463203463,0.438203463203463,0.864406779661017
21,11,"random","equal","random",8,0,0.561538461538462,0.727272727272727,0.434101731601732,0.434101731601732,0.862068965517241
21,11,"random","equal","random",11,0,1,1,1,1,1
21,11,"random","equal","random",8,0,0.525862068965517,0.727272727272727,0.386006493506493,0.386006493506494,0.822942643391521
21,11,"random","equal","random",8,0,0.516949152542373,0.727272727272727,0.387548701298701,0.387548701298701,0.858942065491184
21,11,"random","equal","random",9,0,0.663636363636364,0.818181818181818,0.517655122655123,0.517655122655123,0.887755102040816
21,11,"random","equal","random",8,0,0.451923076923077,0.727272727272727,0.303268398268398,0.303268398268398,0.844875346260388
21,11,"random","equal","random",8,0,0.517857142857143,0.727272727272727,0.385138983823194,0.385138983823194,0.809069212410501
21,11,"random","equal","random",9,0,0.675,0.818181818181818,0.517734487734488,0.517734487734488,0.931764705882353
21,11,"random","equal","random",8,0,0.605633802816901,0.727272727272727,0.488079004329004,0.488079004329004,0.852803738317757
21,11,"random","equal","random",9,0,0.701612903225806,0.818181818181818,0.585376319586846,0.585376319586846,0.892271662763466
21,11,"random","equal","random",9,0,0.660550458715596,0.818181818181818,0.514449001291107,0.514449001291107,0.893023255813953
21,11,"random","equal","random",10,0,0.802197802197802,0.909090909090909,0.585006814173481,0.585006814173481,0.939325842696629
21,11,"random","equal","random",8,0,0.605633802816901,0.727272727272727,0.466044372294372,0.466044372294372,0.864224137931034
21,11,"random","equal","random",10,0,0.793814432989691,0.909090909090909,0.613113275613276,0.613113275613276,0.975490196078431
21,11,"random","equal","random",10,0,0.826530612244898,0.909090909090909,0.701561836855955,0.701561836855955,0.923595505617978
21,11,"random","equal","random",9,0,0.637254901960784,0.818181818181818,0.489762284499127,0.489762284499127,0.885572139303483
21,11,"random","equal","random",9,0,0.688,0.818181818181818,0.540588023088023,0.540588023088023,0.9337899543379
21,11,"random","equal","random",11,0,1,1,1,1,1
21,11,"random","equal","random",9,0,0.669811320754717,0.818181818181818,0.5586379669713,0.5586379669713,0.856132075471698
21,11,"random","equal","random",11,0,1,1,1,1,1
21,11,"random","equal","random",8,0,0.551181102362205,0.727272727272727,0.452732683982684,0.452732683982684,0.842253521126761
21,11,"random","equal","random",9,0,0.698412698412698,0.818181818181818,0.554004329004329,0.554004329004329,0.913953488372093
21,11,"random","equal","random",8,0,0.545454545454545,0.727272727272727,0.428685064935065,0.428685064935065,0.817948717948718
21,11,"random","equal","random",9,0,0.644230769230769,0.818181818181818,0.454635642135642,0.454635642135642,0.896470588235294
21,11,"random","equal","random",8,0,0.551181102362205,0.727272727272727,0.444989177489177,0.444989177489177,0.851063829787234
21,11,"random","equal","random",9,0,0.647058823529412,0.818181818181818,0.478609402293613,0.478609402293613,0.874407582938389
21,11,"random","equal","random",10,0,0.826086956521739,0.909090909090909,0.645155122655123,0.645155122655123,0.978021978021978
21,11,"random","equal","random",10,0,0.797872340425532,0.909090909090909,0.587404116351485,0.587404116351485,0.95662100456621
21,11,"random","equal","random",9,0,0.675438596491228,0.818181818181818,0.550873395610238,0.550873395610238,0.890476190476191
21,11,"random","equal","random",10,0,0.830357142857143,0.909090909090909,0.651585402901192,0.651585402901192,0.959227467811159
21,11,"random","equal","random",8,0,0.56,0.727272727272727,0.4433170995671,0.4433170995671,0.82512315270936
21,11,"random","equal","random",7,0,0.47887323943662,0.636363636363636,0.375678210678211,0.375678210678211,0.786729857819905
21,11,"random","equal","random",8,0,0.561538461538462,0.727272727272727,0.449756493506493,0.449756493506494,0.856041131105398
21,11,"random","equal","random",9,0,0.663716814159292,0.818181818181818,0.477810245310245,0.477810245310245,0.91685393258427
21,11,"random","equal","random",10,0,0.825242718446602,0.909090909090909,0.678988295654962,0.678988295654962,0.939597315436242
21,11,"random","equal","random",10,0,0.805825242718447,0.909090909090909,0.636960678210678,0.636960678210678,0.976133651551313
21,11,"random","equal","random",8,0,0.58955223880597,0.727272727272727,0.459745670995671,0.459745670995671,0.840449438202247
21,11,"random","equal","random",9,0,0.677966101694915,0.818181818181818,0.546424963924964,0.546424963924964,0.902887139107612
21,11,"random","equal","random",9,0,0.708333333333333,0.818181818181818,0.611988936988937,0.611988936988937,0.861678004535147
21,11,"random","equal","random",8,0,0.588235294117647,0.727272727272727,0.456953463203463,0.456953463203463,0.853828306264501
21,11,"random","equal","random",8,0,0.553719008264463,0.727272727272727,0.432387787650945,0.432387787650946,0.815242494226328
21,11,"random","equal","random",9,0,0.685483870967742,0.818181818181818,0.540234487734488,0.540234487734488,0.932400932400932
21,11,"random","equal","random",9,0,0.660377358490566,0.818181818181818,0.468960279486595,0.468960279486595,0.883002207505519
21,11,"random","equal","random",9,0,0.685950413223141,0.818181818181818,0.548845598845599,0.548845598845599,0.909313725490196
21,11,"random","equal","random",7,0,0.439393939393939,0.636363636363636,0.343246753246753,0.343246753246753,0.767441860465116
21,11,"random","equal","random",9,0,0.704,0.818181818181818,0.560480747322853,0.560480747322853,0.897091722595078
21,11,"random","equal","random",7,0,0.451851851851852,0.636363636363636,0.352604617604618,0.352604617604618,0.777227722772277
21,11,"random","equal","random",11,0,1,1,1,1,1
21,11,"random","equal","random",9,0,0.690265486725664,0.818181818181818,0.539317780984448,0.539317780984448,0.872384937238494
21,11,"random","equal","random",8,0,0.477064220183486,0.727272727272727,0.326185064935065,0.326185064935065,0.853403141361257
21,11,"random","equal","random",8,0,0.589928057553957,0.727272727272727,0.469518398268398,0.469518398268398,0.867612293144208
21,11,"random","equal","random",10,0,0.826923076923077,0.909090909090909,0.721382475549142,0.721382475549142,0.934146341463415
21,11,"random","equal","random",11,0,1,1,1,1,1
21,11,"random","equal","random",8,0,0.571428571428571,0.727272727272727,0.446839826839827,0.446839826839827,0.865060240963855
21,11,"random","equal","random",8,0,0.585185185185185,0.727272727272727,0.473858225108225,0.473858225108225,0.843672456575682
21,11,"random","equal","random",8,0,0.53781512605042,0.727272727272727,0.428625541125541,0.428625541125541,0.805479452054795
21,11,"random","equal","random",10,0,0.841121495327103,0.909090909090909,0.73804643069349,0.73804643069349,0.929460580912863
21,11,"random","equal","random",9,0,0.684210526315789,0.818181818181818,0.562402217665376,0.562402217665376,0.873508353221957
21,11,"random","equal","random",8,0,0.559055118110236,0.727272727272727,0.436661255411255,0.436661255411256,0.8425
21,11,"random","equal","random",8,0,0.578125,0.727272727272727,0.477813852813853,0.477813852813853,0.811764705882353
21,11,"random","equal","random",8,0,0.495575221238938,0.727272727272727,0.382494588744589,0.382494588744589,0.844444444444444
21,11,"random","equal","random",10,0,0.833333333333333,0.909090909090909,0.759941855530091,0.759941855530091,0.92
21,11,"random","equal","random",8,0,0.547619047619048,0.727272727272727,0.424161255411255,0.424161255411255,0.85929648241206
21,11,"random","equal","random",10,0,0.828282828282828,0.909090909090909,0.737066038536627,0.737066038536627,0.925764192139738
21,11,"random","equal","random",8,0,0.568181818181818,0.727272727272727,0.446536796536797,0.446536796536797,0.866348448687351
21,11,"random","equal","random",8,0,0.609929078014184,0.727272727272727,0.48413961038961,0.484139610389611,0.843612334801762
21,11,"random","equal","random",7,0,0.403225806451613,0.636363636363636,0.31523088023088,0.31523088023088,0.749303621169916
21,11,"random","equal","random",10,0,0.837606837606838,0.909090909090909,0.680696058327637,0.680696058327637,0.960905349794239
21,11,"random","equal","random",9,0,0.715447154471545,0.818181818181818,0.599643257976591,0.599643257976591,0.872651356993737
21,11,"random","equal","random",8,0,0.597014925373134,0.727272727272727,0.473348143084985,0.473348143084985,0.830508474576271
21,11,"random","equal","random",8,0,0.486238532110092,0.727272727272727,0.324215367965368,0.324215367965368,0.844059405940594
21,11,"random","equal","random",9,0,0.644859813084112,0.818181818181818,0.478567821067821,0.478567821067821,0.909090909090909
21,11,"random","equal","random",8,0,0.513513513513513,0.727272727272727,0.410771246297562,0.410771246297562,0.786096256684492
21,11,"random","equal","random",9,0,0.694214876033058,0.818181818181818,0.537893217893218,0.537893217893218,0.900452488687783
21,11,"random","equal","random",8,0,0.578947368421053,0.727272727272727,0.470887445887446,0.470887445887446,0.838461538461538
21,11,"random","equal","random",8,0,0.572519083969466,0.727272727272727,0.445882034632035,0.445882034632035,0.847826086956522
21,11,"random","equal","random",8,0,0.525,0.727272727272727,0.394632034632035,0.394632034632035,0.861386138613861
21,11,"random","equal","random",8,0,0.521739130434783,0.727272727272727,0.399756493506494,0.399756493506494,0.816062176165803
21,11,"random","equal","random",8,0,0.526315789473684,0.727272727272727,0.437275005696058,0.437275005696058,0.782608695652174
21,11,"random","equal","random",10,0,0.81981981981982,0.909090909090909,0.639915223665224,0.639915223665224,0.978021978021978
21,11,"random","equal","random",8,0,0.53448275862069,0.727272727272727,0.413966735019367,0.413966735019367,0.809069212410501
21,11,"random","equal","random",9,0,0.638095238095238,0.818181818181818,0.458845598845599,0.458845598845599,0.910194174757282
21,11,"random","equal","random",7,0,0.463768115942029,0.636363636363636,0.3652886002886,0.3652886002886,0.777227722772277
21,11,"random","equal","random",9,0,0.688,0.818181818181818,0.525310245310245,0.525310245310245,0.935123042505593
21,11,"random","equal","random",9,0,0.698275862068966,0.818181818181818,0.603960237293571,0.603960237293571,0.858139534883721
21,11,"random","equal","random",9,0,0.684210526315789,0.818181818181818,0.541809068124858,0.541809068124858,0.875878220140515
21,11,"random","equal","random",10,0,0.844036697247706,0.909090909090909,0.766967999320941,0.766967999320941,0.926406926406926
21,11,"random","equal","random",9,0,0.672897196261682,0.818181818181818,0.54853695687029,0.54853695687029,0.860411899313501
21,11,"random","equal","random",10,0,0.836538461538462,0.909090909090909,0.74336855954503,0.74336855954503,0.927350427350427
21,11,"random","equal","random",8,0,0.595744680851064,0.727272727272727,0.481109307359307,0.481109307359307,0.869158878504673
21,11,"random","equal","random",8,0,0.58955223880597,0.727272727272727,0.467900432900433,0.467900432900433,0.836027713625866
21,11,"random","equal","random",7,0,0.489655172413793,0.636363636363636,0.384018759018759,0.384018759018759,0.790697674418605
21,11,"random","equal","random",9,0,0.640776699029126,0.818181818181818,0.483952305004937,0.483952305004937,0.891764705882353
21,11,"random","equal","random",10,0,0.811881188118812,0.909090909090909,0.671760841497684,0.671760841497684,0.954326923076923
21,11,"random","equal","random",10,0,0.83,0.909090909090909,0.737159409218233,0.737159409218233,0.924778761061947
21,11,"random","equal","random",11,0,1,1,1,1,1
21,11,"random","equal","random",8,0,0.557377049180328,0.727272727272727,0.464963545226703,0.464963545226703,0.796954314720812
21,11,"random","equal","random",9,0,0.683760683760684,0.818181818181818,0.525588023088023,0.525588023088023,0.900226757369614
21,11,"random","equal","random",8,0,0.597014925373134,0.727272727272727,0.49628616997038,0.49628616997038,0.81859410430839
21,11,"random","equal","random",8,0,0.467289719626168,0.727272727272727,0.345589826839827,0.345589826839827,0.839541547277937
21,11,"random","equal","random",10,0,0.833333333333333,0.909090909090909,0.659738455988456,0.659738455988456,0.978260869565217
21,11,"random","equal","random",10,0,0.822916666666667,0.909090909090909,0.725275867922927,0.725275867922927,0.924944812362031
21,11,"random","equal","random",9,0,0.638888888888889,0.818181818181818,0.459830447330447,0.459830447330447,0.932714617169374
21,11,"random","equal","random",9,0,0.638888888888889,0.818181818181818,0.472655122655123,0.472655122655123,0.925449871465296
21,11,"random","equal","random",8,0,0.601449275362319,0.727272727272727,0.460627705627706,0.460627705627706,0.846652267818574
21,11,"random","equal","random",9,0,0.701612903225806,0.818181818181818,0.553088023088023,0.553088023088023,0.899313501144165
21,11,"random","equal","random",10,0,0.784090909090909,0.909090909090909,0.593252069567859,0.593252069567859,0.95421686746988
21,11,"random","equal","random",9,0,0.640776699029126,0.818181818181818,0.526729703045492,0.526729703045492,0.876010781671159
21,11,"random","equal","random",10,0,0.819047619047619,0.909090909090909,0.631785904154325,0.631785904154325,0.958424507658643
21,11,"random","equal","random",10,0,0.813186813186813,0.909090909090909,0.72179993209405,0.72179993209405,0.918465227817746
21,11,"random","equal","random",9,0,0.644230769230769,0.818181818181818,0.482734487734488,0.482734487734488,0.891089108910891
21,11,"random","equal","random",10,0,0.830188679245283,0.909090909090909,0.719574715408049,0.719574715408049,0.938636363636364
21,11,"random","equal","random",8,0,0.55,0.727272727272727,0.407946001367054,0.407946001367054,0.81859410430839
21,11,"random","equal","random",10,0,0.819148936170213,0.909090909090909,0.70415287327052,0.70415287327052,0.92018779342723
21,11,"random","equal","random",7,0,0.430769230769231,0.636363636363636,0.347611832611833,0.347611832611833,0.741379310344828
21,11,"random","equal","random",10,0,0.824742268041237,0.909090909090909,0.727612257024022,0.727612257024022,0.922196796338673
21,11,"random","equal","random",8,0,0.525423728813559,0.727272727272727,0.357965367965368,0.357965367965368,0.853828306264501
21,11,"random","equal","random",9,0,0.692307692307692,0.818181818181818,0.5659109895952,0.5659109895952,0.877030162412993
21,11,"random","equal","random",9,0,0.713114754098361,0.818181818181818,0.616261824595158,0.616261824595158,0.864745011086475
21,11,"random","equal","random",7,0,0.421875,0.636363636363636,0.335937950937951,0.335937950937951,0.753424657534247
21,11,"random","equal","random",9,0,0.713114754098361,0.818181818181818,0.588259579926247,0.588259579926247,0.871848739495798
21,11,"random","equal","random",11,0,1,1,1,1,1
21,11,"random","equal","random",9,0,0.678260869565217,0.818181818181818,0.513526239842029,0.513526239842029,0.898454746136865
21,11,"random","equal","random",10,0,0.795918367346939,0.909090909090909,0.593529942279942,0.593529942279942,0.976525821596244
21,11,"random","equal","random",9,0,0.691666666666667,0.818181818181818,0.577561327561327,0.577561327561328,0.889952153110048
21,11,"random","equal","random",7,0,0.398373983739837,0.636363636363636,0.307770562770563,0.307770562770563,0.748603351955307
21,11,"random","equal","random",8,0,0.592592592592593,0.727272727272727,0.476715367965368,0.476715367965368,0.827669902912621
21,11,"random","equal","random",9,0,0.681034482758621,0.818181818181818,0.566621098200046,0.566621098200046,0.886977886977887
21,11,"random","equal","random",9,0,0.669565217391304,0.818181818181818,0.521497113997114,0.521497113997114,0.913348946135831
21,11,"random","equal","random",8,0,0.526315789473684,0.727272727272727,0.407387787650946,0.407387787650946,0.798994974874372
21,11,"random","equal","random",9,0,0.656862745098039,0.818181818181818,0.558902517235851,0.558902517235851,0.84318766066838
21,11,"random","equal","random",8,0,0.516949152542373,0.727272727272727,0.40594696969697,0.40594696969697,0.840909090909091
21,11,"random","equal","random",8,0,0.6,0.727272727272727,0.502306903622693,0.502306903622693,0.815242494226328
21,11,"random","equal","random",8,0,0.536585365853659,0.727272727272727,0.422132034632035,0.422132034632035,0.856041131105398
21,11,"random","equal","random",9,0,0.694214876033058,0.818181818181818,0.575639857218805,0.575639857218805,0.893023255813953
21,11,"random","equal","random",9,0,0.654545454545455,0.818181818181818,0.488012265512266,0.488012265512266,0.911057692307692
21,11,"random","equal","random",10,0,0.823529411764706,0.909090909090909,0.688289642456309,0.688289642456309,0.941684665226782
21,11,"random","equal","random",9,0,0.666666666666667,0.818181818181818,0.501496164654059,0.501496164654059,0.878718535469108
21,11,"random","equal","random",8,0,0.592592592592593,0.727272727272727,0.470995670995671,0.470995670995671,0.835266821345708
21,11,"random","equal","random",9,0,0.681818181818182,0.818181818181818,0.552288760622094,0.552288760622094,0.862612612612613
21,11,"random","equal","random",8,0,0.573643410852713,0.727272727272727,0.445162337662338,0.445162337662338,0.836405529953917
21,11,"random","equal","random",9,0,0.675,0.818181818181818,0.536901154401154,0.536901154401154,0.926767676767677
21,11,"random","equal","random",10,0,0.775280898876405,0.909090909090909,0.535672799422799,0.5356727994228,0.976415094339623
21,11,"random","equal","random",8,0,0.528925619834711,0.727272727272727,0.409632034632035,0.409632034632035,0.858585858585859
21,11,"random","equal","random",9,0,0.644230769230769,0.818181818181818,0.475806941596415,0.475806941596415,0.893023255813953
21,11,"random","equal","random",10,0,0.841666666666667,0.909090909090909,0.697867775499355,0.697867775499355,0.959139784946237
21,11,"random","equal","random",9,0,0.697674418604651,0.818181818181818,0.559440836940837,0.559440836940837,0.932242990654206
21,11,"random","equal","random",8,0,0.526315789473684,0.727272727272727,0.423177261335156,0.423177261335156,0.791666666666667
21,11,"random","equal","random",9,0,0.660869565217391,0.818181818181818,0.492810245310245,0.492810245310245,0.933333333333333
21,11,"random","equal","random",9,0,0.625,0.818181818181818,0.485626946153262,0.485626946153262,0.862337662337662
21,11,"random","equal","random",8,0,0.532786885245902,0.727272727272727,0.405827922077922,0.405827922077922,0.858585858585859
21,11,"random","equal","random",8,0,0.529411764705882,0.727272727272727,0.421839826839827,0.421839826839827,0.827868852459016
21,11,"random","equal","random",9,0,0.700854700854701,0.818181818181818,0.54858505691839,0.54858505691839,0.87344398340249
21,11,"random","equal","random",8,0,0.616438356164384,0.727272727272727,0.493419913419913,0.493419913419913,0.861233480176211
21,11,"random","equal","random",8,0,0.538461538461539,0.727272727272727,0.441598313966735,0.441598313966735,0.792746113989637
21,11,"random","equal","random",10,0,0.81,0.909090909090909,0.658456747930432,0.658456747930432,0.955399061032864
21,11,"random","equal","random",10,0,0.8,0.909090909090909,0.680203293438588,0.680203293438588,0.916461916461916
21,11,"random","equal","random",8,0,0.586466165413534,0.727272727272727,0.453382034632035,0.453382034632035,0.834883720930233
21,11,"random","equal","random",10,0,0.807692307692308,0.909090909090909,0.635651154401154,0.635651154401154,0.976580796252927
21,11,"random","equal","random",8,0,0.51304347826087,0.727272727272727,0.370882034632035,0.370882034632035,0.845208845208845
21,11,"random","equal","random",8,0,0.528925619834711,0.727272727272727,0.380589826839827,0.380589826839827,0.865060240963855
21,11,"random","equal","random",8,0,0.556451612903226,0.727272727272727,0.434388528138528,0.434388528138528,0.828502415458937
21,11,"random","equal","random",8,0,0.58695652173913,0.727272727272727,0.472835497835498,0.472835497835498,0.867924528301887
21,11,"random","equal","random",9,0,0.657407407407407,0.818181818181818,0.523012265512266,0.523012265512266,0.879452054794521
21,11,"random","equal","random",7,0,0.47887323943662,0.636363636363636,0.376024531024531,0.376024531024531,0.780487804878049
21,11,"random","equal","random",9,0,0.704918032786885,0.818181818181818,0.576429710640237,0.576429710640237,0.884279475982533
21,11,"random","equal","random",8,0,0.526315789473684,0.727272727272727,0.416660970608339,0.416660970608339,0.798994974874372
21,11,"random","equal","random",8,0,0.552,0.727272727272727,0.43392316017316,0.43392316017316,0.84010152284264
21,11,"random","equal","random",9,0,0.68141592920354,0.818181818181818,0.557260575681628,0.557260575681628,0.874109263657957
21,11,"random","equal","random",8,0,0.559055118110236,0.727272727272727,0.427608225108225,0.427608225108225,0.84964200477327
21,11,"random","equal","random",8,0,0.5546875,0.727272727272727,0.433268398268398,0.433268398268398,0.861042183622829
21,11,"random","equal","random",10,0,0.838095238095238,0.909090909090909,0.751305067481538,0.751305067481538,0.924778761061947
21,11,"random","equal","random",8,0,0.525862068965517,0.727272727272727,0.411304112554113,0.411304112554113,0.803324099722992
21,11,"random","equal","random",10,0,0.813084112149533,0.909090909090909,0.643567821067821,0.643567821067821,0.976744186046512
21,11,"random","equal","random",9,0,0.650485436893204,0.818181818181818,0.496153261942736,0.496153261942736,0.873205741626794
21,11,"random","equal","random",8,0,0.595588235294118,0.727272727272727,0.452056277056277,0.452056277056277,0.847639484978541
21,11,"random","equal","random",9,0,0.68141592920354,0.818181818181818,0.541429330903015,0.541429330903015,0.880361173814898
21,11,"random","equal","random",10,0,0.816326530612245,0.909090909090909,0.670191999358666,0.670191999358666,0.9375
21,11,"random","equal","random",9,0,0.666666666666667,0.818181818181818,0.521048834206729,0.521048834206729,0.892523364485981
21,11,"random","equal","random",9,0,0.724409448818898,0.818181818181818,0.627942119608786,0.627942119608786,0.867678958785249
21,11,"random","equal","random",10,0,0.821052631578947,0.909090909090909,0.732024021729904,0.732024021729904,0.92
21,11,"random","equal","random",9,0,0.647619047619048,0.818181818181818,0.481421356421356,0.481421356421356,0.894988066825776
21,11,"random","equal","random",9,0,0.65,0.818181818181818,0.483461600128267,0.483461600128267,0.860091743119266
21,11,"random","equal","random",9,0,0.642201834862385,0.818181818181818,0.511345598845599,0.511345598845599,0.922252010723861
21,11,"random","equal","random",8,0,0.504424778761062,0.727272727272727,0.365524891774892,0.365524891774892,0.84010152284264
21,11,"random","equal","random",9,0,0.635514018691589,0.818181818181818,0.501226551226551,0.501226551226551,0.922043010752688
21,11,"random","equal","random",10,0,0.806818181818182,0.909090909090909,0.686505814446991,0.686505814446991,0.918854415274463
21,11,"random","equal","random",9,0,0.694915254237288,0.818181818181818,0.574303182197919,0.574303182197919,0.875586854460094
21,11,"random","equal","random",9,0,0.666666666666667,0.818181818181818,0.544900129110655,0.544900129110655,0.866834170854271
21,11,"random","equal","random",8,0,0.580152671755725,0.727272727272727,0.466006493506493,0.466006493506494,0.822055137844612
21,11,"random","equal","random",10,0,0.822916666666667,0.909090909090909,0.721052966641202,0.721052966641202,0.924276169265033
21,11,"random","equal","random",11,0,1,1,1,1,1
21,11,"random","equal","random",9,0,0.701612903225806,0.818181818181818,0.581985266195792,0.581985266195793,0.896860986547085
21,11,"random","equal","random",9,0,0.694214876033058,0.818181818181818,0.546345598845599,0.546345598845599,0.896955503512881
21,11,"random","equal","random",9,0,0.628865979381443,0.818181818181818,0.461650337966127,0.461650337966127,0.870098039215686
21,11,"random","equal","random",10,0,0.821782178217822,0.909090909090909,0.69889570306237,0.69889570306237,0.940265486725664
21,11,"random","equal","random",9,0,0.708661417322835,0.818181818181818,0.552810245310245,0.552810245310245,0.904555314533623
21,11,"random","equal","random",7,0,0.5,0.636363636363636,0.395937950937951,0.395937950937951,0.785202863961814
21,11,"random","equal","random",10,0,0.831858407079646,0.909090909090909,0.674684818105871,0.674684818105871,0.96
21,11,"random","equal","random",9,0,0.688524590163934,0.818181818181818,0.524635642135642,0.524635642135642,0.915717539863326
21,11,"random","equal","random",9,0,0.675675675675676,0.818181818181818,0.542811574390522,0.542811574390522,0.875
21,11,"random","equal","random",9,0,0.675,0.818181818181818,0.531345598845599,0.531345598845599,0.929268292682927
21,11,"random","equal","random",7,0,0.451851851851852,0.636363636363636,0.363326118326118,0.363326118326118,0.762532981530343
21,11,"random","equal","random",8,0,0.508928571428571,0.727272727272727,0.394518398268398,0.394518398268398,0.807065217391304
21,11,"random","equal","random",9,0,0.695652173913043,0.818181818181818,0.583770242103575,0.583770242103575,0.866520787746171
21,11,"random","equal","random",8,0,0.475728155339806,0.727272727272727,0.354756208703577,0.354756208703577,0.783783783783784
21,11,"random","equal","random",9,0,0.618556701030928,0.818181818181818,0.460188349662034,0.460188349662034,0.883248730964467
21,11,"random","equal","random",10,0,0.823529411764706,0.909090909090909,0.675130270963604,0.675130270963604,0.940397350993378
21,11,"random","equal","random",10,0,0.82,0.909090909090909,0.655774009940677,0.655774009940677,0.942430703624733
21,11,"random","equal","random",9,0,0.708661417322835,0.818181818181818,0.592644490012911,0.592644490012911,0.892523364485981
21,11,"random","equal","random",9,0,0.675438596491228,0.818181818181818,0.546984886458571,0.546984886458571,0.894009216589862
21,11,"random","equal","random",9,0,0.666666666666667,0.818181818181818,0.516345598845599,0.516345598845599,0.930952380952381
21,11,"random","equal","random",9,0,0.646464646464647,0.818181818181818,0.518779060445727,0.518779060445727,0.852300242130751
21,11,"random","equal","random",9,0,0.694214876033058,0.818181818181818,0.570171641224273,0.570171641224273,0.892018779342723
21,11,"random","equal","random",9,0,0.708661417322835,0.818181818181818,0.534678932178932,0.534678932178932,0.903930131004367
21,11,"random","equal","random",8,0,0.528925619834711,0.727272727272727,0.408382034632035,0.408382034632035,0.855670103092783
21,11,"random","equal","random",7,0,0.45985401459854,0.636363636363636,0.363629148629149,0.363629148629149,0.773869346733668
21,11,"random","equal","random",11,0,1,1,1,1,1
21,11,"random","equal","random",8,0,0.548387096774194,0.727272727272727,0.436839826839827,0.436839826839827,0.838461538461538
21,11,"random","equal","random",9,0,0.689075630252101,0.818181818181818,0.530310245310245,0.530310245310245,0.901345291479821
21,11,"random","equal","random",11,0,1,1,1,1,1
21,11,"random","equal","random",10,0,0.83739837398374,0.909090909090909,0.662036435786436,0.662036435786436,0.979381443298969
21,11,"random","equal","random",8,0,0.541666666666667,0.727272727272727,0.433268398268398,0.433268398268398,0.809651474530831
21,11,"random","equal","random",9,0,0.723076923076923,0.818181818181818,0.598651932862459,0.598651932862459,0.883259911894273
21,11,"random","equal","random",9,0,0.68695652173913,0.818181818181818,0.56540593909015,0.56540593909015,0.874109263657957
21,11,"random","equal","random",8,0,0.5,0.727272727272727,0.341953463203463,0.341953463203463,0.863080684596577
21,11,"random","equal","random",10,0,0.827586206896552,0.909090909090909,0.650369769119769,0.650369769119769,0.978991596638655
21,11,"random","equal","random",8,0,0.617021276595745,0.727272727272727,0.517714741398952,0.517714741398952,0.81981981981982
21,11,"random","equal","random",9,0,0.612244897959184,0.818181818181818,0.443726551226551,0.443726551226551,0.901856763925729
21,11,"random","equal","random",8,0,0.546218487394958,0.727272727272727,0.43163021189337,0.43163021189337,0.809976247030879
21,11,"random","equal","random",8,0,0.571428571428571,0.727272727272727,0.45737012987013,0.45737012987013,0.862745098039216
21,11,"random","equal","random",9,0,0.684684684684685,0.818181818181818,0.586239377906045,0.586239377906045,0.855106888361045
21,11,"random","skewed","random",9,8,0.293548387096774,0.458333333333333,0.252702411566604,0.252702411566604,0.52653747756152
21,11,"random","skewed","random",9,8,0.31304347826087,0.458333333333333,0.278434504780492,0.278434504780492,0.610578137949437
21,11,"random","skewed","random",8,8,0.21969696969697,0.333333333333333,0.195348116085766,0.195348116085766,0.622641271654933
21,11,"random","skewed","random",8,8,0.188976377952756,0.333333333333333,0.165864686905204,0.165864686905204,0.606654785727109
21,11,"random","skewed","random",9,8,0.305949008498584,0.458333333333333,0.260525604753378,0.260525604753378,0.677863586022247
21,11,"random","skewed","random",9,8,0.277286135693215,0.458333333333333,0.232943866316376,0.232943866316376,0.663510302652592
21,11,"random","skewed","random",8,8,0.151098901098901,0.333333333333333,0.131912381900267,0.131912381900267,0.570242121831151
21,11,"random","skewed","random",9,8,0.307065217391304,0.458333333333333,0.270945329834312,0.270945329834312,0.756581699160612
21,11,"random","skewed","random",9,8,0.316939890710383,0.458333333333333,0.277926437494768,0.277926437494768,0.709992010151807
21,11,"random","skewed","random",8,8,0.192837465564738,0.333333333333333,0.170207325482173,0.170207325482173,0.507671930274009
21,11,"random","skewed","random",9,8,0.297520661157025,0.458333333333333,0.258306392507076,0.258306392507076,0.760829925187033
21,11,"random","skewed","random",9,8,0.254385964912281,0.458333333333333,0.22253321960155,0.22253321960155,0.726639243334945
21,11,"random","skewed","random",9,8,0.310769230769231,0.458333333333333,0.276148939936406,0.276148939936406,0.551378929383706
21,11,"random","skewed","random",9,8,0.255737704918033,0.458333333333333,0.198972262217563,0.198972262217563,0.580492897899721
21,11,"random","skewed","random",8,8,0.156862745098039,0.333333333333333,0.134955595996113,0.134955595996113,0.51217978117015
21,11,"random","skewed","random",9,8,0.331269349845201,0.458333333333333,0.302163264890712,0.302163264890712,0.540544875007518
21,11,"random","skewed","random",9,8,0.312312312312312,0.458333333333333,0.267225599201919,0.26722559920192,0.611742309471621
21,11,"random","skewed","random",9,8,0.283707865168539,0.458333333333333,0.250652485423821,0.250652485423821,0.741984082231759
21,11,"random","skewed","random",8,8,0.225563909774436,0.333333333333333,0.199699005321566,0.199699005321566,0.632207955978448
21,11,"random","skewed","random",9,8,0.335164835164835,0.458333333333333,0.302174107410255,0.302174107410255,0.660285287240192
21,11,"random","skewed","random",9,8,0.313186813186813,0.458333333333333,0.274565676523713,0.274565676523713,0.708667272577047
21,11,"random","skewed","random",8,8,0.178191489361702,0.333333333333333,0.149034043684737,0.149034043684737,0.631624271601799
21,11,"random","skewed","random",8,8,0.186486486486486,0.333333333333333,0.164773590179432,0.164773590179432,0.51217978117015
21,11,"random","skewed","random",10,8,0.518987341772152,0.666666666666667,0.428676833184063,0.428676833184063,0.847756364126672
21,11,"random","skewed","random",9,8,0.336231884057971,0.458333333333333,0.308357173471366,0.308357173471366,0.582961705829776
21,11,"random","skewed","random",10,8,0.519434628975265,0.666666666666667,0.455598128874557,0.455598128874557,0.740705387011189
21,11,"random","skewed","random",9,8,0.30939226519337,0.458333333333333,0.26968902605075,0.26968902605075,0.713894910106759
21,11,"random","skewed","random",8,8,0.148255813953488,0.333333333333333,0.128786106612689,0.128786106612689,0.463948913037027
21,11,"random","skewed","random",9,8,0.292682926829268,0.458333333333333,0.265224971784359,0.265224971784359,0.474067760494353
21,11,"random","skewed","random",8,8,0.215736040609137,0.333333333333333,0.196390478249409,0.196390478249409,0.587061749279446
21,11,"random","skewed","random",10,8,0.535836177474403,0.666666666666667,0.471144632084668,0.471144632084668,0.748093463704368
21,11,"random","skewed","random",8,8,0.160458452722063,0.333333333333333,0.143042076775454,0.143042076775454,0.456458552730555
21,11,"random","skewed","random",9,8,0.316417910447761,0.458333333333333,0.289201372749517,0.289201372749517,0.571915134942221
21,11,"random","skewed","random",9,8,0.272445820433437,0.458333333333333,0.210885120968157,0.210885120968157,0.639306027251524
21,11,"random","skewed","random",9,8,0.301538461538462,0.458333333333333,0.247854885442292,0.247854885442292,0.597069921687337
21,11,"random","skewed","random",8,8,0.164864864864865,0.333333333333333,0.144419993640616,0.144419993640616,0.584846104076162
21,11,"random","skewed","random",9,8,0.293785310734463,0.458333333333333,0.259112934820971,0.259112934820971,0.688256245737237
21,11,"random","skewed","random",9,8,0.272401433691756,0.458333333333333,0.230869101744956,0.230869101744956,0.490950039598733
21,11,"random","skewed","random",9,8,0.294460641399417,0.458333333333333,0.261535348996295,0.261535348996295,0.640122697355717
21,11,"random","skewed","random",8,8,0.186170212765957,0.333333333333333,0.162401483442,0.162401483442,0.581949900821277
21,11,"random","skewed","random",8,8,0.229426433915212,0.333333333333333,0.209081098079617,0.209081098079617,0.591422840587093
21,11,"random","skewed","random",8,8,0.158045977011494,0.333333333333333,0.132603700132092,0.132603700132092,0.502070045259844
21,11,"random","skewed","random",8,8,0.188365650969529,0.333333333333333,0.168873874828491,0.168873874828491,0.482184932724114
21,11,"random","skewed","random",8,8,0.177595628415301,0.333333333333333,0.15456750455539,0.15456750455539,0.52502583600199
21,11,"random","skewed","random",9,8,0.320224719101124,0.458333333333333,0.283368859772056,0.283368859772056,0.66313783612111
21,11,"random","skewed","random",8,8,0.186111111111111,0.333333333333333,0.163716952370239,0.163716952370239,0.502777242575211
21,11,"random","skewed","random",9,8,0.322128851540616,0.458333333333333,0.284921116045497,0.284921116045497,0.664923590599718
21,11,"random","skewed","random",9,8,0.324483775811209,0.458333333333333,0.291068191794512,0.291068191794512,0.591643750223464
21,11,"random","skewed","random",8,8,0.199468085106383,0.333333333333333,0.175448762959868,0.175448762959868,0.531198448577653
21,11,"random","skewed","random",9,8,0.31129476584022,0.458333333333333,0.269083172916209,0.269083172916209,0.711870936110106
21,11,"random","skewed","random",8,8,0.212041884816754,0.333333333333333,0.179337073987767,0.179337073987767,0.585711106165146
21,11,"random","skewed","random",9,8,0.289772727272727,0.458333333333333,0.24923957815565,0.24923957815565,0.707465658445237
21,11,"random","skewed","random",8,8,0.142450142450142,0.333333333333333,0.118737287301024,0.118737287301024,0.518688507634427
21,11,"random","skewed","random",8,8,0.184696569920844,0.333333333333333,0.162451410631516,0.162451410631516,0.601932928018151
21,11,"random","skewed","random",9,8,0.287790697674419,0.458333333333333,0.249129274690252,0.249129274690252,0.653188217865903
21,11,"random","skewed","random",8,8,0.144886363636364,0.333333333333333,0.120567352660501,0.120567352660501,0.522668991691456
21,11,"random","skewed","random",9,8,0.26865671641791,0.458333333333333,0.219755972339008,0.219755972339008,0.676473782568151
21,11,"random","skewed","random",8,8,0.214477211796247,0.333333333333333,0.190845217973612,0.190845217973612,0.516510986805128
21,11,"random","skewed","random",8,8,0.171581769436997,0.333333333333333,0.15289817972817,0.15289817972817,0.571827589001006
21,11,"random","skewed","random",8,8,0.205655526992288,0.333333333333333,0.185634834198571,0.185634834198571,0.582606554254039
21,11,"random","skewed","random",9,8,0.295774647887324,0.458333333333333,0.25846809355113,0.25846809355113,0.702321654706627
21,11,"random","skewed","random",8,8,0.166212534059946,0.333333333333333,0.140579937404544,0.140579937404544,0.585386994799279
21,11,"random","skewed","random",9,8,0.290519877675841,0.458333333333333,0.249775848335458,0.249775848335458,0.583801891002831
21,11,"random","skewed","random",8,8,0.168478260869565,0.333333333333333,0.143114163771049,0.143114163771049,0.586746059307319
21,11,"random","skewed","random",9,8,0.314447592067989,0.458333333333333,0.283975820190229,0.283975820190229,0.643017802319282
21,11,"random","skewed","random",8,8,0.216145833333333,0.333333333333333,0.188633041178471,0.188633041178471,0.563133683815246
21,11,"random","skewed","random",9,8,0.327956989247312,0.458333333333333,0.289504074478415,0.289504074478415,0.705074741005389
21,11,"random","skewed","random",8,8,0.179624664879357,0.333333333333333,0.156971406272793,0.156971406272793,0.574183976261128
21,11,"random","skewed","random",9,8,0.341463414634146,0.458333333333333,0.310314033141902,0.310314033141902,0.552449444721859
21,11,"random","skewed","random",10,8,0.509677419354839,0.666666666666667,0.404173876186827,0.404173876186827,0.852660918217287
21,11,"random","skewed","random",9,8,0.332425068119891,0.458333333333333,0.285506058605399,0.285506058605399,0.69280253191565
21,11,"random","skewed","random",9,8,0.316353887399464,0.458333333333333,0.283554417727843,0.283554417727843,0.741553558801718
21,11,"random","skewed","random",8,8,0.161643835616438,0.333333333333333,0.133727525820674,0.133727525820674,0.594716949786103
21,11,"random","skewed","random",9,8,0.293375394321767,0.458333333333333,0.247469157978087,0.247469157978087,0.574798254510156
21,11,"random","skewed","random",8,8,0.16711590296496,0.333333333333333,0.148153966253307,0.148153966253307,0.572615943821722
21,11,"random","skewed","random",9,8,0.334269662921348,0.458333333333333,0.299716547172375,0.299716547172375,0.612169475119891
21,11,"random","skewed","random",9,8,0.322128851540616,0.458333333333333,0.284355608399806,0.284355608399806,0.66580938670328
21,11,"random","skewed","random",8,8,0.186111111111111,0.333333333333333,0.16937190359412,0.169371903594119,0.457301136192942
21,11,"random","skewed","random",9,8,0.310457516339869,0.458333333333333,0.274303798763884,0.274303798763884,0.51326074577675
21,11,"random","skewed","random",8,8,0.213740458015267,0.333333333333333,0.195283758881821,0.195283758881821,0.57574054482941
21,11,"random","skewed","random",9,8,0.356741573033708,0.458333333333333,0.326669600781471,0.326669600781471,0.600157996398656
21,11,"random","skewed","random",9,8,0.304597701149425,0.458333333333333,0.27594471786649,0.275944717866489,0.630496723066553
21,11,"random","skewed","random",10,8,0.485714285714286,0.666666666666667,0.395058905372092,0.395058905372092,0.789074027848142
21,11,"random","skewed","random",8,8,0.186170212765957,0.333333333333333,0.163611058180987,0.163611058180987,0.574901871947793
21,11,"random","skewed","random",9,8,0.284375,0.458333333333333,0.256203061339183,0.256203061339183,0.552912002532546
21,11,"random","skewed","random",8,8,0.20159151193634,0.333333333333333,0.173335368957929,0.173335368957929,0.565763075631036
21,11,"random","skewed","random",9,8,0.304985337243402,0.458333333333333,0.26868382181832,0.26868382181832,0.606977826683241
21,11,"random","skewed","random",8,8,0.20360824742268,0.333333333333333,0.183740601989357,0.183740601989357,0.591422840587093
21,11,"random","skewed","random",9,8,0.332361516034985,0.458333333333333,0.304799404891667,0.304799404891667,0.580383599806395
21,11,"random","skewed","random",9,8,0.327176781002639,0.458333333333333,0.291202581285617,0.291202581285617,0.756963647126558
21,11,"random","skewed","random",8,8,0.148255813953488,0.333333333333333,0.125488388633531,0.125488388633531,0.483712209983595
21,11,"random","skewed","random",9,8,0.306060606060606,0.458333333333333,0.27601634727734,0.27601634727734,0.570996490391446
21,11,"random","skewed","random",8,8,0.209302325581395,0.333333333333333,0.187539596103333,0.187539596103333,0.562358724121847
21,11,"random","skewed","random",9,8,0.296187683284457,0.458333333333333,0.248672249775023,0.248672249775023,0.640665416570933
21,11,"random","skewed","random",9,8,0.307909604519774,0.458333333333333,0.260285744854075,0.260285744854075,0.686460609316135
21,11,"random","skewed","random",9,8,0.304985337243402,0.458333333333333,0.271045158361667,0.271045158361667,0.606270021493235
21,11,"random","skewed","random",9,8,0.289772727272727,0.458333333333333,0.243283836383177,0.243283836383177,0.721695400678792
21,11,"random","skewed","random",8,8,0.184696569920844,0.333333333333333,0.162111037883013,0.162111037883013,0.603970391792937
21,11,"random","skewed","random",8,8,0.21969696969697,0.333333333333333,0.199703107648995,0.199703107648995,0.592140749148695
21,11,"random","skewed","random",9,8,0.283625730994152,0.458333333333333,0.244272350036332,0.244272350036332,0.656391327348445
21,11,"random","skewed","random",8,8,0.17379679144385,0.333333333333333,0.15726694477805,0.15726694477805,0.548508531651296
21,11,"random","skewed","random",9,8,0.307065217391304,0.458333333333333,0.267983548856059,0.267983548856059,0.760089013051779
21,11,"random","skewed","random",8,8,0.17741935483871,0.333333333333333,0.15461128602332,0.15461128602332,0.574901871947793
21,11,"random","skewed","random",9,8,0.335384615384615,0.458333333333333,0.306970034145729,0.306970034145729,0.536952481008566
21,11,"random","skewed","random",9,8,0.303951367781155,0.458333333333333,0.272049697264509,0.272049697264509,0.578979338995302
21,11,"random","skewed","random",9,8,0.26625386996904,0.458333333333333,0.231215150139122,0.231215150139122,0.594090809460746
21,11,"random","skewed","random",10,8,0.526479750778816,0.666666666666667,0.434176418775182,0.434176418775182,0.850731924690854
21,11,"random","skewed","random",9,8,0.320474777448071,0.458333333333333,0.28687760338246,0.28687760338246,0.592134498247815
21,11,"random","skewed","random",9,8,0.337423312883436,0.458333333333333,0.310326185218598,0.310326185218598,0.533303467796127
21,11,"random","skewed","random",9,8,0.283582089552239,0.458333333333333,0.235585765181185,0.235585765181185,0.644741373625166
21,11,"random","skewed","random",8,8,0.186486486486486,0.333333333333333,0.16189167796652,0.16189167796652,0.540162304376289
21,11,"random","skewed","random",9,8,0.29757785467128,0.458333333333333,0.265359422494468,0.265359422494468,0.487908312309122
21,11,"random","skewed","random",9,8,0.261006289308176,0.458333333333333,0.2055694644025,0.2055694644025,0.624582100040459
21,11,"random","skewed","random",8,8,0.195054945054945,0.333333333333333,0.173942858140632,0.173942858140632,0.499936331474951
21,11,"random","skewed","random",9,8,0.277620396600567,0.458333333333333,0.248348278081082,0.248348278081082,0.724547706249167
21,11,"random","skewed","random",8,8,0.178191489361702,0.333333333333333,0.160007128570865,0.160007128570865,0.567841782686923
21,11,"random","skewed","random",8,8,0.182539682539683,0.333333333333333,0.16283521327538,0.16283521327538,0.584846104076162
21,11,"random","skewed","random",9,8,0.290322580645161,0.458333333333333,0.257442072719949,0.257442072719949,0.640122697355718
21,11,"random","skewed","random",9,8,0.314984709480122,0.458333333333333,0.277947606860202,0.277947606860202,0.563136322990047
21,11,"random","skewed","random",8,8,0.220744680851064,0.333333333333333,0.195699250287599,0.195699250287599,0.526323517843564
21,11,"random","skewed","random",8,8,0.169354838709677,0.333333333333333,0.147868939962088,0.147868939962088,0.591422840587093
21,11,"random","skewed","random",9,8,0.277591973244147,0.458333333333333,0.239135886756796,0.239135886756796,0.524603522662621
21,11,"random","skewed","random",8,8,0.192612137203166,0.333333333333333,0.167807319585486,0.167807319585486,0.591433416375322
21,11,"random","skewed","random",9,8,0.270769230769231,0.458333333333333,0.236246109891444,0.236246109891444,0.593511306057627
21,11,"random","skewed","random",8,8,0.191099476439791,0.333333333333333,0.169202110911628,0.169202110911628,0.600562931870125
21,11,"random","skewed","random",9,8,0.283536585365854,0.458333333333333,0.227802253225678,0.227802253225678,0.631872376855777
21,11,"random","skewed","random",9,8,0.287749287749288,0.458333333333333,0.251375238865396,0.251375238865396,0.697138509865515
21,11,"random","skewed","random",9,8,0.306501547987616,0.458333333333333,0.272471162146758,0.272471162146758,0.54638465164966
21,11,"random","skewed","random",8,8,0.207253886010363,0.333333333333333,0.183980302612689,0.183980302612689,0.584018961709964
21,11,"random","skewed","random",9,8,0.296511627906977,0.458333333333333,0.25781704163021,0.25781704163021,0.656940755739041
21,11,"random","skewed","random",10,8,0.509677419354839,0.666666666666667,0.423098447902381,0.423098447902381,0.84143456972849
21,11,"random","skewed","random",9,8,0.310541310541311,0.458333333333333,0.282429180618265,0.282429180618265,0.628869557301594
21,11,"random","skewed","random",9,8,0.28476821192053,0.458333333333333,0.249750044700675,0.249750044700675,0.523663473928612
21,11,"random","skewed","random",8,8,0.210242587601078,0.333333333333333,0.189283898406753,0.189283898406753,0.502777242575211
21,11,"random","skewed","random",8,8,0.186486486486486,0.333333333333333,0.163741955835104,0.163741955835104,0.517077663479874
21,11,"random","skewed","random",9,8,0.304597701149425,0.458333333333333,0.274144894801851,0.274144894801851,0.640990219981618
21,11,"random","skewed","random",9,8,0.311797752808989,0.458333333333333,0.263465122665806,0.263465122665806,0.690803602107433
21,11,"random","skewed","random",8,8,0.188679245283019,0.333333333333333,0.16459078021334,0.16459078021334,0.52967038520334
21,11,"random","skewed","random",8,8,0.219387755102041,0.333333333333333,0.193917662481399,0.193917662481399,0.597948126326199
21,11,"random","skewed","random",8,8,0.191099476439791,0.333333333333333,0.166027507737025,0.166027507737024,0.621410328812616
21,11,"random","skewed","random",9,8,0.310850439882698,0.458333333333333,0.249726856400282,0.249726856400281,0.652908344571648
21,11,"random","skewed","random",8,8,0.1953125,0.333333333333333,0.175651146388796,0.175651146388796,0.587795051576668
21,11,"random","skewed","random",9,8,0.292537313432836,0.458333333333333,0.257418008937304,0.257418008937304,0.608973687899344
21,11,"random","skewed","random",9,8,0.319354838709677,0.458333333333333,0.282385276969201,0.282385276969201,0.519147666737694
21,11,"random","skewed","random",8,8,0.186486486486486,0.333333333333333,0.157500862906705,0.157500862906705,0.565108699461467
21,11,"random","skewed","random",8,8,0.212365591397849,0.333333333333333,0.19134681460276,0.19134681460276,0.498503667264459
21,11,"random","skewed","random",9,8,0.307479224376731,0.458333333333333,0.266043576642917,0.266043576642917,0.718524769637807
21,11,"random","skewed","random",9,8,0.285714285714286,0.458333333333333,0.24556528729306,0.24556528729306,0.704757233938205
21,11,"random","skewed","random",9,8,0.287790697674419,0.458333333333333,0.250324327272688,0.250324327272688,0.646039056289898
21,11,"random","skewed","random",9,8,0.26865671641791,0.458333333333333,0.2181991177131,0.2181991177131,0.682456772334294
21,11,"random","skewed","random",8,8,0.165242165242165,0.333333333333333,0.145248314764648,0.145248314764648,0.477548399784826
21,11,"random","skewed","random",9,8,0.351351351351351,0.458333333333333,0.321838967989289,0.321838967989289,0.551481010357987
21,11,"random","skewed","random",9,8,0.286135693215339,0.458333333333333,0.25876758385499,0.25876758385499,0.618797445052858
21,11,"random","skewed","random",10,8,0.52317880794702,0.666666666666667,0.444916455229642,0.444916455229642,0.793037630707469
21,11,"random","skewed","random",9,8,0.25531914893617,0.458333333333333,0.211989918947955,0.211989918947955,0.659921817487531
21,11,"random","skewed","random",8,8,0.166212534059945,0.333333333333333,0.143584080327922,0.143584080327922,0.5705578171416
21,11,"random","skewed","random",9,8,0.253731343283582,0.458333333333333,0.213890503743277,0.213890503743277,0.695084437965582
21,11,"random","skewed","random",9,8,0.307017543859649,0.458333333333333,0.26474720682546,0.26474720682546,0.635645636758333
21,11,"random","skewed","random",8,8,0.193211488250653,0.333333333333333,0.171048099983354,0.171048099983354,0.605987104697574
21,11,"random","skewed","random",8,8,0.182539682539683,0.333333333333333,0.165003442886065,0.165003442886065,0.565414479572337
21,11,"random","skewed","random",8,8,0.211734693877551,0.333333333333333,0.192904688676663,0.192904688676663,0.582606554254039
21,11,"random","skewed","random",8,8,0.182539682539683,0.333333333333333,0.155721414285151,0.155721414285151,0.625079298831386
21,11,"random","skewed","random",9,8,0.290419161676647,0.458333333333333,0.259618686068729,0.259618686068729,0.585642111359094
21,11,"random","skewed","random",10,8,0.506849315068493,0.666666666666667,0.428392238705426,0.428392238705426,0.788186137162911
21,11,"random","skewed","random",9,8,0.292397660818713,0.458333333333333,0.263366002772118,0.263366002772118,0.630496723066553
21,11,"random","skewed","random",9,8,0.307462686567164,0.458333333333333,0.265992084500544,0.265992084500544,0.589279792948763
21,11,"random","skewed","random",8,8,0.199481865284974,0.333333333333333,0.174240068123498,0.174240068123498,0.623253746241177
21,11,"random","skewed","random",9,8,0.263005780346821,0.458333333333333,0.226366485363995,0.226366485363995,0.741443194023284
21,11,"random","skewed","random",9,8,0.308571428571429,0.458333333333333,0.273659039837016,0.273659039837016,0.652488692603977
21,11,"random","skewed","random",9,8,0.283707865168539,0.458333333333333,0.250696059298832,0.250696059298832,0.742413173704159
21,11,"random","skewed","random",9,8,0.25705329153605,0.458333333333333,0.204674016603528,0.204674016603528,0.633584676648349
21,11,"random","skewed","random",9,8,0.291803278688525,0.458333333333333,0.256618173789256,0.256618173789256,0.526924936896983
21,11,"random","skewed","random",8,8,0.168508287292818,0.333333333333333,0.143779125407878,0.143779125407878,0.535723639084617
21,11,"random","skewed","random",9,8,0.332361516034985,0.458333333333333,0.30352951287689,0.30352951287689,0.584493419106656
21,11,"random","skewed","random",9,8,0.312312312312312,0.458333333333333,0.286470280312543,0.286470280312543,0.562534660060785
21,11,"random","skewed","random",8,8,0.181564245810056,0.333333333333333,0.163495170293564,0.163495170293563,0.466400033083044
21,11,"random","skewed","random",9,8,0.287749287749288,0.458333333333333,0.242409604938293,0.242409604938293,0.719245162831436
21,11,"random","skewed","random",8,8,0.203125,0.333333333333333,0.178592322859384,0.178592322859384,0.590770314701738
21,11,"random","skewed","random",8,8,0.144886363636364,0.333333333333333,0.125371519941449,0.125371519941449,0.484283873827697
21,11,"random","skewed","random",9,8,0.275229357798165,0.458333333333333,0.236451376670362,0.236451376670362,0.607217397038825
21,11,"random","skewed","random",10,8,0.514285714285714,0.666666666666667,0.436049434585379,0.436049434585379,0.745440389569944
21,11,"random","skewed","random",9,8,0.341666666666667,0.458333333333333,0.30380318009196,0.303803180091959,0.634099365578526
21,11,"random","skewed","random",9,8,0.339449541284404,0.458333333333333,0.309779341767259,0.309779341767259,0.544081957429879
21,11,"random","skewed","random",9,8,0.332394366197183,0.458333333333333,0.295752760700848,0.295752760700848,0.627395615822266
21,11,"random","skewed","random",9,8,0.311797752808989,0.458333333333333,0.263245957595298,0.263245957595298,0.690374724467304
21,11,"random","skewed","random",8,8,0.181818181818182,0.333333333333333,0.160281298845036,0.160281298845036,0.563872674777199
21,11,"random","skewed","random",8,8,0.217721518987342,0.333333333333333,0.191897460461197,0.191897460461197,0.631038731671253
21,11,"random","skewed","random",8,8,0.160326086956522,0.333333333333333,0.139106347205688,0.139106347205688,0.588525754070953
21,11,"random","skewed","random",9,8,0.302941176470588,0.458333333333333,0.268642050723917,0.268642050723917,0.608973687899344
21,11,"random","skewed","random",9,8,0.326704545454545,0.458333333333333,0.29010952566604,0.29010952566604,0.625434903433166
21,11,"random","skewed","random",9,8,0.297546012269939,0.458333333333333,0.268265224942885,0.268265224942885,0.563829063007985
21,11,"random","skewed","random",8,8,0.213740458015267,0.333333333333333,0.192305265216828,0.192305265216828,0.597096327127409
21,11,"random","skewed","random",8,8,0.15702479338843,0.333333333333333,0.132620480131585,0.132620480131585,0.57346365174212
21,11,"random","skewed","random",9,8,0.286135693215339,0.458333333333333,0.252624105730088,0.252624105730088,0.641144271764544
21,11,"random","skewed","random",9,8,0.290419161676647,0.458333333333333,0.247778658779378,0.247778658779378,0.627270836046525
21,11,"random","skewed","random",9,8,0.326470588235294,0.458333333333333,0.299156373268243,0.299156373268243,0.577247482590972
21,11,"random","skewed","random",8,8,0.224226804123711,0.333333333333333,0.193478488129181,0.193478488129181,0.580897915071824
21,11,"random","skewed","random",9,8,0.30939226519337,0.458333333333333,0.267035402799217,0.267035402799217,0.714450987424367
21,11,"random","skewed","random",9,8,0.316353887399464,0.458333333333333,0.282198252281288,0.282198252281288,0.749495371627975
21,11,"random","skewed","random",9,8,0.295580110497238,0.458333333333333,0.253864918947955,0.253864918947955,0.767646853607672
21,11,"random","skewed","random",9,8,0.320754716981132,0.458333333333333,0.288727780930734,0.288727780930734,0.534582893347413
21,11,"random","skewed","random",9,8,0.304794520547945,0.458333333333333,0.26492539471669,0.26492539471669,0.508796370004776
21,11,"random","skewed","random",8,8,0.19047619047619,0.333333333333333,0.168161605672711,0.168161605672711,0.569090001810546
21,11,"random","skewed","random",9,8,0.312312312312312,0.458333333333333,0.281287279857354,0.281287279857354,0.576879772821354
21,11,"random","skewed","random",8,8,0.181818181818182,0.333333333333333,0.153008571572308,0.153008571572308,0.607339744879482
21,11,"random","skewed","random",9,8,0.310541310541311,0.458333333333333,0.279915479945678,0.279915479945678,0.641499271797972
21,11,"random","skewed","random",9,8,0.330508474576271,0.458333333333333,0.296529682917222,0.296529682917222,0.610578137949437
21,11,"random","skewed","random",9,8,0.307017543859649,0.458333333333333,0.271744265755821,0.271744265755821,0.614271136541454
21,11,"random","skewed","random",8,8,0.147308781869688,0.333333333333333,0.125054059623988,0.125054059623988,0.51217978117015
21,11,"random","skewed","random",9,8,0.301538461538462,0.458333333333333,0.244177810412995,0.244177810412995,0.602136077042468
21,11,"random","skewed","random",10,8,0.574468085106383,0.666666666666667,0.541561013681084,0.541561013681084,0.695685084151535
21,11,"random","skewed","random",8,8,0.137535816618911,0.333333333333333,0.115581358262742,0.115581358262742,0.504643798067967
21,11,"random","skewed","random",10,8,0.562043795620438,0.666666666666667,0.530413907495614,0.530413907495614,0.685411184058348
21,11,"random","skewed","random",8,8,0.144886363636364,0.333333333333333,0.118270433892994,0.118270433892994,0.53646935777075
21,11,"random","skewed","random",9,8,0.299719887955182,0.458333333333333,0.257851904838629,0.257851904838629,0.713596119704336
21,11,"random","skewed","random",9,8,0.358543417366947,0.458333333333333,0.329420617012879,0.329420617012879,0.595872992918581
21,11,"random","skewed","random",8,8,0.168478260869565,0.333333333333333,0.14424445986702,0.14424445986702,0.57633042579704
21,11,"random","skewed","random",9,8,0.316939890710383,0.458333333333333,0.280229789457562,0.280229789457562,0.697138509865515
21,11,"random","skewed","random",8,8,0.179271708683473,0.333333333333333,0.161912782952662,0.161912782952662,0.463126861191519
21,11,"random","skewed","random",9,8,0.320916905444126,0.458333333333333,0.286644173689607,0.286644173689607,0.610578137949437
21,11,"random","skewed","random",8,8,0.217721518987342,0.333333333333333,0.1964240932487,0.1964240932487,0.603293558615451
21,11,"random","skewed","random",9,8,0.291946308724832,0.458333333333333,0.24613548293394,0.24613548293394,0.524016030373339
21,11,"random","skewed","random",9,8,0.27710843373494,0.458333333333333,0.222157402608086,0.222157402608086,0.658782999148409
21,11,"random","skewed","random",8,8,0.149717514124294,0.333333333333333,0.127190218435339,0.127190218435339,0.51217978117015
21,11,"random","skewed","random",9,8,0.298550724637681,0.458333333333333,0.259358735647515,0.259358735647515,0.65879263718962
21,11,"random","skewed","random",9,8,0.31830985915493,0.458333333333333,0.280164877950494,0.280164877950494,0.668003521969045
21,11,"random","skewed","random",9,8,0.307065217391304,0.458333333333333,0.273347574450347,0.273347574450347,0.745795201058515
21,11,"random","skewed","random",9,8,0.298245614035088,0.458333333333333,0.245862906340679,0.245862906340679,0.652353021318094
21,11,"random","skewed","random",9,8,0.306060606060606,0.458333333333333,0.28231508022081,0.28231508022081,0.547968165196817
21,11,"random","skewed","random",8,8,0.170798898071625,0.333333333333333,0.144279267493697,0.144279267493697,0.546663419386264
21,11,"random","skewed","random",8,8,0.161559888579387,0.333333333333333,0.13876818295448,0.13876818295448,0.520288641195799
21,11,"random","skewed","random",8,8,0.175342465753425,0.333333333333333,0.153161027811721,0.153161027811721,0.517884431091196
21,11,"random","skewed","random",9,8,0.298245614035088,0.458333333333333,0.248439016702999,0.248439016702999,0.653102986895439
21,11,"random","skewed","random",8,8,0.181564245810056,0.333333333333333,0.159696581525687,0.159696581525686,0.495613569733352
21,11,"random","skewed","random",8,8,0.178191489361702,0.333333333333333,0.156630505194242,0.156630505194242,0.591422840587093
21,11,"random","skewed","random",9,8,0.273504273504273,0.458333333333333,0.239187640714007,0.239187640714007,0.739949067466085
21,11,"random","skewed","random",9,8,0.281524926686217,0.458333333333333,0.238282374127794,0.238282374127794,0.667795971420001
21,11,"random","skewed","random",8,8,0.184696569920844,0.333333333333333,0.162131378589852,0.162131378589852,0.605987104697574
21,11,"random","skewed","random",9,8,0.341176470588235,0.458333333333333,0.301206637818508,0.301206637818508,0.583952497445902
21,11,"random","skewed","random",9,8,0.325581395348837,0.458333333333333,0.280540487593838,0.280540487593838,0.604380250707192
21,11,"random","skewed","random",9,8,0.326145552560647,0.458333333333333,0.276434363392399,0.276434363392399,0.740055396994239
21,11,"random","skewed","random",8,8,0.211734693877551,0.333333333333333,0.18648263105256,0.18648263105256,0.628082886538183
21,11,"random","skewed","random",8,8,0.226221079691517,0.333333333333333,0.196341904905642,0.196341904905642,0.577213982329025
21,11,"random","skewed","random",8,8,0.169354838709677,0.333333333333333,0.146803665367402,0.146803665367402,0.59356902417837
21,11,"random","skewed","random",8,8,0.148255813953488,0.333333333333333,0.131046659956834,0.131046659956834,0.447014454777546
21,11,"random","skewed","random",9,8,0.303621169916435,0.458333333333333,0.267815297344928,0.267815297344928,0.694234533336637
21,11,"random","skewed","random",8,8,0.195187165775401,0.333333333333333,0.169418899103917,0.169418899103917,0.545234663213701
21,11,"random","skewed","random",9,8,0.314984709480122,0.458333333333333,0.279093040917759,0.279093040917759,0.558401774837693
21,11,"random","skewed","random",9,8,0.337423312883436,0.458333333333333,0.302147650646875,0.302147650646875,0.554585383188779
21,11,"random","skewed","random",8,8,0.216577540106952,0.333333333333333,0.197275376999219,0.197275376999219,0.484472475100596
21,11,"random","skewed","random",9,8,0.326923076923077,0.458333333333333,0.280427330144318,0.280427330144318,0.691528982428075
21,11,"random","skewed","random",8,8,0.17983651226158,0.333333333333333,0.150241773153336,0.150241773153336,0.562471352850612
21,11,"random","skewed","random",9,8,0.312883435582822,0.458333333333333,0.277113872693134,0.277113872693134,0.556800704514545
21,11,"random","skewed","random",8,8,0.186842105263158,0.333333333333333,0.168653745112219,0.168653745112219,0.574963685657372
21,11,"random","skewed","random",8,8,0.179271708683473,0.333333333333333,0.156412589086817,0.156412589086817,0.50136083339314
21,11,"random","skewed","random",9,8,0.3,0.458333333333333,0.260446885640048,0.260446885640048,0.658494064255472
21,11,"random","skewed","random",8,8,0.199481865284974,0.333333333333333,0.173408220232827,0.173408220232827,0.622641271654933
21,11,"random","skewed","random",9,8,0.30939226519337,0.458333333333333,0.270872914504544,0.270872914504544,0.706882014132177
21,11,"random","skewed","random",9,8,0.306590257879656,0.458333333333333,0.271504650239835,0.271504650239835,0.651530773052411
21,11,"random","skewed","random",8,8,0.20159151193634,0.333333333333333,0.177787944246418,0.177787944246418,0.52890261186475
21,11,"random","skewed","random",9,8,0.328220858895706,0.458333333333333,0.280807850284171,0.28080785028417,0.562685222658851
21,11,"random","skewed","random",9,8,0.287790697674419,0.458333333333333,0.238388140291829,0.238388140291829,0.685329943321726
21,11,"random","skewed","random",9,8,0.323943661971831,0.458333333333333,0.272389449972486,0.272389449972486,0.653102986895439
21,11,"random","skewed","random",9,8,0.285714285714286,0.458333333333333,0.243957223985912,0.243957223985912,0.761361238618856
21,11,"random","skewed","random",8,8,0.186486486486486,0.333333333333333,0.159890660931178,0.159890660931178,0.552289782566866
21,11,"random","skewed","random",9,8,0.290322580645161,0.458333333333333,0.25753411784825,0.25753411784825,0.639609725913116
21,11,"random","skewed","random",8,8,0.218666666666667,0.333333333333333,0.195066296986935,0.195066296986935,0.515842343090852
21,11,"random","skewed","random",8,8,0.167613636363636,0.333333333333333,0.149056597080345,0.149056597080345,0.465585487506878
21,11,"random","skewed","random",9,8,0.298550724637681,0.458333333333333,0.265808682003307,0.265808682003307,0.640122697355717
21,11,"random","skewed","random",9,8,0.3125,0.458333333333333,0.283214546991283,0.283214546991283,0.635819045651725
21,11,"random","skewed","random",9,8,0.271084337349398,0.458333333333333,0.240562143784225,0.240562143784225,0.623510195600857
21,11,"random","skewed","random",10,8,0.559870550161812,0.666666666666667,0.490009413972737,0.490009413972737,0.763480205182165
21,11,"random","skewed","random",9,8,0.271084337349398,0.458333333333333,0.231086709608204,0.231086709608204,0.649610296131968
21,11,"random","skewed","random",9,8,0.329192546583851,0.458333333333333,0.296250074225002,0.296250074225002,0.540260484575817
21,11,"random","skewed","random",8,8,0.190860215053763,0.333333333333333,0.1613618581057,0.1613618581057,0.569005638074951
21,11,"random","skewed","random",9,8,0.312312312312312,0.458333333333333,0.279760672153659,0.279760672153659,0.585154852128101
21,11,"random","skewed","random",8,8,0.16260162601626,0.333333333333333,0.142329850045559,0.142329850045559,0.582606554254039
21,11,"random","skewed","random",8,8,0.172972972972973,0.333333333333333,0.150786349350086,0.150786349350086,0.569825161569049
21,11,"random","skewed","random",9,8,0.270096463022508,0.458333333333333,0.217741104613408,0.217741104613408,0.580187097558012
21,11,"random","skewed","random",8,8,0.14,0.333333333333333,0.11726694477805,0.11726694477805,0.511353792035282
21,11,"random","skewed","random",8,8,0.191099476439791,0.333333333333333,0.17214617183119,0.17214617183119,0.577285774787069
21,11,"random","skewed","random",9,8,0.328767123287671,0.458333333333333,0.286934904517941,0.286934904517941,0.66465064459653
21,11,"random","skewed","random",8,8,0.201550387596899,0.333333333333333,0.181911890475627,0.181911890475627,0.580342710854068
21,11,"random","skewed","random",9,8,0.318452380952381,0.458333333333333,0.289967672535425,0.289967672535425,0.57777342010811
21,11,"random","skewed","random",8,8,0.169354838709677,0.333333333333333,0.14849876765074,0.14849876765074,0.589979414758386
21,11,"random","skewed","random",9,8,0.311797752808989,0.458333333333333,0.265134818003895,0.265134818003895,0.682446266895555
21,11,"random","skewed","random",9,8,0.295774647887324,0.458333333333333,0.246923493827182,0.246923493827182,0.73070460645471
21,11,"random","skewed","random",10,8,0.546099290780142,0.666666666666667,0.497263038277138,0.497263038277138,0.710237031477276
21,11,"random","skewed","random",8,8,0.193211488250653,0.333333333333333,0.173457420968526,0.173457420968526,0.584846104076162
21,11,"random","skewed","random",9,8,0.260355029585799,0.458333333333333,0.220114918947955,0.220114918947955,0.697494852436513
21,11,"random","skewed","random",9,8,0.315634218289086,0.458333333333333,0.27217806467183,0.27217806467183,0.600837884960213
21,11,"random","skewed","random",8,8,0.215736040609137,0.333333333333333,0.192601658373633,0.192601658373633,0.615133157389635
21,11,"random","skewed","random",8,8,0.199468085106383,0.333333333333333,0.175995584559321,0.175995584559321,0.52580628725735
21,11,"random","skewed","random",10,8,0.557093425605536,0.666666666666667,0.506017923630489,0.506017923630489,0.720317808653808
21,11,"random","skewed","random",8,8,0.175202156334232,0.333333333333333,0.153933974671624,0.153933974671624,0.562358724121847
21,11,"random","skewed","random",8,8,0.138028169014085,0.333333333333333,0.120091162184311,0.120091162184311,0.518940663761314
21,11,"random","skewed","random",8,8,0.159217877094972,0.333333333333333,0.13438909798716,0.13438909798716,0.53271661499454
21,11,"random","skewed","random",8,8,0.17379679144385,0.333333333333333,0.154281475990993,0.154281475990993,0.581100048963604
21,11,"random","skewed","random",9,8,0.340909090909091,0.458333333333333,0.312451680168462,0.312451680168462,0.505596641214035
21,11,"random","skewed","random",9,8,0.319148936170213,0.458333333333333,0.282164693112219,0.282164693112219,0.565208133879677
